timestamp,ghi,dni,dhi,temp_air,wind_speed
2022-01-01T00:00:00,0.0,0.0,0.0,15.0,2.0
2022-01-01T01:00:00,104.421,73.095,31.326,15.01,2.01
2022-01-01T02:00:00,207.055,144.939,62.117,15.01,2.01
2022-01-01T03:00:00,306.147,214.303,91.844,15.02,2.02
2022-01-01T04:00:00,400.0,280.0,120.0,15.03,2.03
2022-01-01T05:00:00,487.009,340.906,146.103,15.04,2.04
2022-01-01T06:00:00,565.685,395.98,169.706,15.04,2.04
2022-01-01T07:00:00,634.683,444.278,190.405,15.05,2.05
2022-01-01T08:00:00,692.82,484.974,207.846,15.06,2.06
2022-01-01T09:00:00,739.104,517.373,221.731,15.06,2.06
2022-01-01T10:00:00,772.741,540.918,231.822,15.07,2.07
2022-01-01T11:00:00,793.156,555.209,237.947,15.08,2.08
2022-01-01T12:00:00,800.0,560.0,240.0,15.09,2.09
2022-01-01T13:00:00,793.156,555.209,237.947,15.09,2.09
2022-01-01T14:00:00,772.741,540.918,231.822,15.1,2.1
2022-01-01T15:00:00,739.104,517.373,221.731,15.11,2.11
2022-01-01T16:00:00,692.82,484.974,207.846,15.11,2.11
2022-01-01T17:00:00,634.683,444.278,190.405,15.12,2.12
2022-01-01T18:00:00,565.685,395.98,169.706,15.13,2.13
2022-01-01T19:00:00,487.009,340.906,146.103,15.14,2.14
2022-01-01T20:00:00,400.0,280.0,120.0,15.14,2.14
2022-01-01T21:00:00,306.147,214.303,91.844,15.15,2.15
2022-01-01T22:00:00,207.055,144.939,62.117,15.16,2.16
2022-01-01T23:00:00,104.421,73.095,31.326,15.16,2.16
2022-01-02T00:00:00,0.0,0.0,0.0,15.17,2.17
2022-01-02T01:00:00,104.421,73.095,31.326,15.18,2.18
2022-01-02T02:00:00,207.055,144.939,62.117,15.19,2.19
2022-01-02T03:00:00,306.147,214.303,91.844,15.19,2.19
2022-01-02T04:00:00,400.0,280.0,120.0,15.2,2.2
2022-01-02T05:00:00,487.009,340.906,146.103,15.21,2.21
2022-01-02T06:00:00,565.685,395.98,169.706,15.22,2.21
2022-01-02T07:00:00,634.683,444.278,190.405,15.22,2.22
2022-01-02T08:00:00,692.82,484.974,207.846,15.23,2.23
2022-01-02T09:00:00,739.104,517.373,221.731,15.24,2.23
2022-01-02T10:00:00,772.741,540.918,231.822,15.24,2.24
2022-01-02T11:00:00,793.156,555.209,237.947,15.25,2.25
2022-01-02T12:00:00,800.0,560.0,240.0,15.26,2.26
2022-01-02T13:00:00,793.156,555.209,237.947,15.27,2.26
2022-01-02T14:00:00,772.741,540.918,231.822,15.27,2.27
2022-01-02T15:00:00,739.104,517.373,221.731,15.28,2.28
2022-01-02T16:00:00,692.82,484.974,207.846,15.29,2.28
2022-01-02T17:00:00,634.683,444.278,190.405,15.29,2.29
2022-01-02T18:00:00,565.685,395.98,169.706,15.3,2.3
2022-01-02T19:00:00,487.009,340.906,146.103,15.31,2.3
2022-01-02T20:00:00,400.0,280.0,120.0,15.32,2.31
2022-01-02T21:00:00,306.147,214.303,91.844,15.32,2.32
2022-01-02T22:00:00,207.055,144.939,62.117,15.33,2.32
2022-01-02T23:00:00,104.421,73.095,31.326,15.34,2.33
2022-01-03T00:00:00,0.0,0.0,0.0,15.34,2.34
2022-01-03T01:00:00,104.421,73.095,31.326,15.35,2.34
2022-01-03T02:00:00,207.055,144.939,62.117,15.36,2.35
2022-01-03T03:00:00,306.147,214.303,91.844,15.37,2.36
2022-01-03T04:00:00,400.0,280.0,120.0,15.37,2.36
2022-01-03T05:00:00,487.009,340.906,146.103,15.38,2.37
2022-01-03T06:00:00,565.685,395.98,169.706,15.39,2.38
2022-01-03T07:00:00,634.683,444.278,190.405,15.39,2.38
2022-01-03T08:00:00,692.82,484.974,207.846,15.4,2.39
2022-01-03T09:00:00,739.104,517.373,221.731,15.41,2.4
2022-01-03T10:00:00,772.741,540.918,231.822,15.42,2.4
2022-01-03T11:00:00,793.156,555.209,237.947,15.42,2.41
2022-01-03T12:00:00,800.0,560.0,240.0,15.43,2.42
2022-01-03T13:00:00,793.156,555.209,237.947,15.44,2.42
2022-01-03T14:00:00,772.741,540.918,231.822,15.44,2.43
2022-01-03T15:00:00,739.104,517.373,221.731,15.45,2.44
2022-01-03T16:00:00,692.82,484.974,207.846,15.46,2.44
2022-01-03T17:00:00,634.683,444.278,190.405,15.47,2.45
2022-01-03T18:00:00,565.685,395.98,169.706,15.47,2.46
2022-01-03T19:00:00,487.009,340.906,146.103,15.48,2.46
2022-01-03T20:00:00,400.0,280.0,120.0,15.49,2.47
2022-01-03T21:00:00,306.147,214.303,91.844,15.49,2.47
2022-01-03T22:00:00,207.055,144.939,62.117,15.5,2.48
2022-01-03T23:00:00,104.421,73.095,31.326,15.51,2.49
2022-01-04T00:00:00,0.0,0.0,0.0,15.52,2.49
2022-01-04T01:00:00,104.421,73.095,31.326,15.52,2.5
2022-01-04T02:00:00,207.055,144.939,62.117,15.53,2.51
2022-01-04T03:00:00,306.147,214.303,91.844,15.54,2.51
2022-01-04T04:00:00,400.0,280.0,120.0,15.54,2.52
2022-01-04T05:00:00,487.009,340.906,146.103,15.55,2.52
2022-01-04T06:00:00,565.685,395.98,169.706,15.56,2.53
2022-01-04T07:00:00,634.683,444.278,190.405,15.57,2.54
2022-01-04T08:00:00,692.82,484.974,207.846,15.57,2.54
2022-01-04T09:00:00,739.104,517.373,221.731,15.58,2.55
2022-01-04T10:00:00,772.741,540.918,231.822,15.59,2.55
2022-01-04T11:00:00,793.156,555.209,237.947,15.59,2.56
2022-01-04T12:00:00,800.0,560.0,240.0,15.6,2.57
2022-01-04T13:00:00,793.156,555.209,237.947,15.61,2.57
2022-01-04T14:00:00,772.741,540.918,231.822,15.62,2.58
2022-01-04T15:00:00,739.104,517.373,221.731,15.62,2.58
2022-01-04T16:00:00,692.82,484.974,207.846,15.63,2.59
2022-01-04T17:00:00,634.683,444.278,190.405,15.64,2.6
2022-01-04T18:00:00,565.685,395.98,169.706,15.65,2.6
2022-01-04T19:00:00,487.009,340.906,146.103,15.65,2.61
2022-01-04T20:00:00,400.0,280.0,120.0,15.66,2.61
2022-01-04T21:00:00,306.147,214.303,91.844,15.67,2.62
2022-01-04T22:00:00,207.055,144.939,62.117,15.67,2.62
2022-01-04T23:00:00,104.421,73.095,31.326,15.68,2.63
2022-01-05T00:00:00,0.0,0.0,0.0,15.69,2.64
2022-01-05T01:00:00,104.421,73.095,31.326,15.7,2.64
2022-01-05T02:00:00,207.055,144.939,62.117,15.7,2.65
2022-01-05T03:00:00,306.147,214.303,91.844,15.71,2.65
2022-01-05T04:00:00,400.0,280.0,120.0,15.72,2.66
2022-01-05T05:00:00,487.009,340.906,146.103,15.72,2.66
2022-01-05T06:00:00,565.685,395.98,169.706,15.73,2.67
2022-01-05T07:00:00,634.683,444.278,190.405,15.74,2.67
2022-01-05T08:00:00,692.82,484.974,207.846,15.75,2.68
2022-01-05T09:00:00,739.104,517.373,221.731,15.75,2.68
2022-01-05T10:00:00,772.741,540.918,231.822,15.76,2.69
2022-01-05T11:00:00,793.156,555.209,237.947,15.77,2.69
2022-01-05T12:00:00,800.0,560.0,240.0,15.77,2.7
2022-01-05T13:00:00,793.156,555.209,237.947,15.78,2.7
2022-01-05T14:00:00,772.741,540.918,231.822,15.79,2.71
2022-01-05T15:00:00,739.104,517.373,221.731,15.8,2.71
2022-01-05T16:00:00,692.82,484.974,207.846,15.8,2.72
2022-01-05T17:00:00,634.683,444.278,190.405,15.81,2.72
2022-01-05T18:00:00,565.685,395.98,169.706,15.82,2.73
2022-01-05T19:00:00,487.009,340.906,146.103,15.82,2.73
2022-01-05T20:00:00,400.0,280.0,120.0,15.83,2.74
2022-01-05T21:00:00,306.147,214.303,91.844,15.84,2.74
2022-01-05T22:00:00,207.055,144.939,62.117,15.85,2.75
2022-01-05T23:00:00,104.421,73.095,31.326,15.85,2.75
2022-01-06T00:00:00,0.0,0.0,0.0,15.86,2.76
2022-01-06T01:00:00,104.421,73.095,31.326,15.87,2.76
2022-01-06T02:00:00,207.055,144.939,62.117,15.87,2.77
2022-01-06T03:00:00,306.147,214.303,91.844,15.88,2.77
2022-01-06T04:00:00,400.0,280.0,120.0,15.89,2.78
2022-01-06T05:00:00,487.009,340.906,146.103,15.9,2.78
2022-01-06T06:00:00,565.685,395.98,169.706,15.9,2.79
2022-01-06T07:00:00,634.683,444.278,190.405,15.91,2.79
2022-01-06T08:00:00,692.82,484.974,207.846,15.92,2.79
2022-01-06T09:00:00,739.104,517.373,221.731,15.92,2.8
2022-01-06T10:00:00,772.741,540.918,231.822,15.93,2.8
2022-01-06T11:00:00,793.156,555.209,237.947,15.94,2.81
2022-01-06T12:00:00,800.0,560.0,240.0,15.95,2.81
2022-01-06T13:00:00,793.156,555.209,237.947,15.95,2.82
2022-01-06T14:00:00,772.741,540.918,231.822,15.96,2.82
2022-01-06T15:00:00,739.104,517.373,221.731,15.97,2.82
2022-01-06T16:00:00,692.82,484.974,207.846,15.97,2.83
2022-01-06T17:00:00,634.683,444.278,190.405,15.98,2.83
2022-01-06T18:00:00,565.685,395.98,169.706,15.99,2.84
2022-01-06T19:00:00,487.009,340.906,146.103,16.0,2.84
2022-01-06T20:00:00,400.0,280.0,120.0,16.0,2.84
2022-01-06T21:00:00,306.147,214.303,91.844,16.01,2.85
2022-01-06T22:00:00,207.055,144.939,62.117,16.02,2.85
2022-01-06T23:00:00,104.421,73.095,31.326,16.02,2.86
2022-01-07T00:00:00,0.0,0.0,0.0,16.03,2.86
2022-01-07T01:00:00,104.421,73.095,31.326,16.04,2.86
2022-01-07T02:00:00,207.055,144.939,62.117,16.05,2.87
2022-01-07T03:00:00,306.147,214.303,91.844,16.05,2.87
2022-01-07T04:00:00,400.0,280.0,120.0,16.06,2.87
2022-01-07T05:00:00,487.009,340.906,146.103,16.07,2.88
2022-01-07T06:00:00,565.685,395.98,169.706,16.07,2.88
2022-01-07T07:00:00,634.683,444.278,190.405,16.08,2.88
2022-01-07T08:00:00,692.82,484.974,207.846,16.09,2.89
2022-01-07T09:00:00,739.104,517.373,221.731,16.1,2.89
2022-01-07T10:00:00,772.741,540.918,231.822,16.1,2.89
2022-01-07T11:00:00,793.156,555.209,237.947,16.11,2.9
2022-01-07T12:00:00,800.0,560.0,240.0,16.12,2.9
2022-01-07T13:00:00,793.156,555.209,237.947,16.12,2.9
2022-01-07T14:00:00,772.741,540.918,231.822,16.13,2.91
2022-01-07T15:00:00,739.104,517.373,221.731,16.14,2.91
2022-01-07T16:00:00,692.82,484.974,207.846,16.15,2.91
2022-01-07T17:00:00,634.683,444.278,190.405,16.15,2.91
2022-01-07T18:00:00,565.685,395.98,169.706,16.16,2.92
2022-01-07T19:00:00,487.009,340.906,146.103,16.17,2.92
2022-01-07T20:00:00,400.0,280.0,120.0,16.17,2.92
2022-01-07T21:00:00,306.147,214.303,91.844,16.18,2.93
2022-01-07T22:00:00,207.055,144.939,62.117,16.19,2.93
2022-01-07T23:00:00,104.421,73.095,31.326,16.19,2.93
2022-01-08T00:00:00,0.0,0.0,0.0,16.2,2.93
2022-01-08T01:00:00,104.421,73.095,31.326,16.21,2.94
2022-01-08T02:00:00,207.055,144.939,62.117,16.22,2.94
2022-01-08T03:00:00,306.147,214.303,91.844,16.22,2.94
2022-01-08T04:00:00,400.0,280.0,120.0,16.23,2.94
2022-01-08T05:00:00,487.009,340.906,146.103,16.24,2.95
2022-01-08T06:00:00,565.685,395.98,169.706,16.24,2.95
2022-01-08T07:00:00,634.683,444.278,190.405,16.25,2.95
2022-01-08T08:00:00,692.82,484.974,207.846,16.26,2.95
2022-01-08T09:00:00,739.104,517.373,221.731,16.27,2.95
2022-01-08T10:00:00,772.741,540.918,231.822,16.27,2.96
2022-01-08T11:00:00,793.156,555.209,237.947,16.28,2.96
2022-01-08T12:00:00,800.0,560.0,240.0,16.29,2.96
2022-01-08T13:00:00,793.156,555.209,237.947,16.29,2.96
2022-01-08T14:00:00,772.741,540.918,231.822,16.3,2.96
2022-01-08T15:00:00,739.104,517.373,221.731,16.31,2.97
2022-01-08T16:00:00,692.82,484.974,207.846,16.32,2.97
2022-01-08T17:00:00,634.683,444.278,190.405,16.32,2.97
2022-01-08T18:00:00,565.685,395.98,169.706,16.33,2.97
2022-01-08T19:00:00,487.009,340.906,146.103,16.34,2.97
2022-01-08T20:00:00,400.0,280.0,120.0,16.34,2.98
2022-01-08T21:00:00,306.147,214.303,91.844,16.35,2.98
2022-01-08T22:00:00,207.055,144.939,62.117,16.36,2.98
2022-01-08T23:00:00,104.421,73.095,31.326,16.37,2.98
2022-01-09T00:00:00,0.0,0.0,0.0,16.37,2.98
2022-01-09T01:00:00,104.421,73.095,31.326,16.38,2.98
2022-01-09T02:00:00,207.055,144.939,62.117,16.39,2.98
2022-01-09T03:00:00,306.147,214.303,91.844,16.39,2.99
2022-01-09T04:00:00,400.0,280.0,120.0,16.4,2.99
2022-01-09T05:00:00,487.009,340.906,146.103,16.41,2.99
2022-01-09T06:00:00,565.685,395.98,169.706,16.42,2.99
2022-01-09T07:00:00,634.683,444.278,190.405,16.42,2.99
2022-01-09T08:00:00,692.82,484.974,207.846,16.43,2.99
2022-01-09T09:00:00,739.104,517.373,221.731,16.44,2.99
2022-01-09T10:00:00,772.741,540.918,231.822,16.44,2.99
2022-01-09T11:00:00,793.156,555.209,237.947,16.45,2.99
2022-01-09T12:00:00,800.0,560.0,240.0,16.46,2.99
2022-01-09T13:00:00,793.156,555.209,237.947,16.47,2.99
2022-01-09T14:00:00,772.741,540.918,231.822,16.47,3.0
2022-01-09T15:00:00,739.104,517.373,221.731,16.48,3.0
2022-01-09T16:00:00,692.82,484.974,207.846,16.49,3.0
2022-01-09T17:00:00,634.683,444.278,190.405,16.49,3.0
2022-01-09T18:00:00,565.685,395.98,169.706,16.5,3.0
2022-01-09T19:00:00,487.009,340.906,146.103,16.51,3.0
2022-01-09T20:00:00,400.0,280.0,120.0,16.51,3.0
2022-01-09T21:00:00,306.147,214.303,91.844,16.52,3.0
2022-01-09T22:00:00,207.055,144.939,62.117,16.53,3.0
2022-01-09T23:00:00,104.421,73.095,31.326,16.54,3.0
2022-01-10T00:00:00,0.0,0.0,0.0,16.54,3.0
2022-01-10T01:00:00,104.421,73.095,31.326,16.55,3.0
2022-01-10T02:00:00,207.055,144.939,62.117,16.56,3.0
2022-01-10T03:00:00,306.147,214.303,91.844,16.56,3.0
2022-01-10T04:00:00,400.0,280.0,120.0,16.57,3.0
2022-01-10T05:00:00,487.009,340.906,146.103,16.58,3.0
2022-01-10T06:00:00,565.685,395.98,169.706,16.59,3.0
2022-01-10T07:00:00,634.683,444.278,190.405,16.59,3.0
2022-01-10T08:00:00,692.82,484.974,207.846,16.6,3.0
2022-01-10T09:00:00,739.104,517.373,221.731,16.61,3.0
2022-01-10T10:00:00,772.741,540.918,231.822,16.61,3.0
2022-01-10T11:00:00,793.156,555.209,237.947,16.62,3.0
2022-01-10T12:00:00,800.0,560.0,240.0,16.63,3.0
2022-01-10T13:00:00,793.156,555.209,237.947,16.64,3.0
2022-01-10T14:00:00,772.741,540.918,231.822,16.64,3.0
2022-01-10T15:00:00,739.104,517.373,221.731,16.65,3.0
2022-01-10T16:00:00,692.82,484.974,207.846,16.66,3.0
2022-01-10T17:00:00,634.683,444.278,190.405,16.66,2.99
2022-01-10T18:00:00,565.685,395.98,169.706,16.67,2.99
2022-01-10T19:00:00,487.009,340.906,146.103,16.68,2.99
2022-01-10T20:00:00,400.0,280.0,120.0,16.68,2.99
2022-01-10T21:00:00,306.147,214.303,91.844,16.69,2.99
2022-01-10T22:00:00,207.055,144.939,62.117,16.7,2.99
2022-01-10T23:00:00,104.421,73.095,31.326,16.71,2.99
2022-01-11T00:00:00,0.0,0.0,0.0,16.71,2.99
2022-01-11T01:00:00,104.421,73.095,31.326,16.72,2.99
2022-01-11T02:00:00,207.055,144.939,62.117,16.73,2.99
2022-01-11T03:00:00,306.147,214.303,91.844,16.73,2.99
2022-01-11T04:00:00,400.0,280.0,120.0,16.74,2.98
2022-01-11T05:00:00,487.009,340.906,146.103,16.75,2.98
2022-01-11T06:00:00,565.685,395.98,169.706,16.76,2.98
2022-01-11T07:00:00,634.683,444.278,190.405,16.76,2.98
2022-01-11T08:00:00,692.82,484.974,207.846,16.77,2.98
2022-01-11T09:00:00,739.104,517.373,221.731,16.78,2.98
2022-01-11T10:00:00,772.741,540.918,231.822,16.78,2.98
2022-01-11T11:00:00,793.156,555.209,237.947,16.79,2.97
2022-01-11T12:00:00,800.0,560.0,240.0,16.8,2.97
2022-01-11T13:00:00,793.156,555.209,237.947,16.8,2.97
2022-01-11T14:00:00,772.741,540.918,231.822,16.81,2.97
2022-01-11T15:00:00,739.104,517.373,221.731,16.82,2.97
2022-01-11T16:00:00,692.82,484.974,207.846,16.83,2.96
2022-01-11T17:00:00,634.683,444.278,190.405,16.83,2.96
2022-01-11T18:00:00,565.685,395.98,169.706,16.84,2.96
2022-01-11T19:00:00,487.009,340.906,146.103,16.85,2.96
2022-01-11T20:00:00,400.0,280.0,120.0,16.85,2.96
2022-01-11T21:00:00,306.147,214.303,91.844,16.86,2.95
2022-01-11T22:00:00,207.055,144.939,62.117,16.87,2.95
2022-01-11T23:00:00,104.421,73.095,31.326,16.88,2.95
2022-01-12T00:00:00,0.0,0.0,0.0,16.88,2.95
2022-01-12T01:00:00,104.421,73.095,31.326,16.89,2.95
2022-01-12T02:00:00,207.055,144.939,62.117,16.9,2.94
2022-01-12T03:00:00,306.147,214.303,91.844,16.9,2.94
2022-01-12T04:00:00,400.0,280.0,120.0,16.91,2.94
2022-01-12T05:00:00,487.009,340.906,146.103,16.92,2.94
2022-01-12T06:00:00,565.685,395.98,169.706,16.92,2.93
2022-01-12T07:00:00,634.683,444.278,190.405,16.93,2.93
2022-01-12T08:00:00,692.82,484.974,207.846,16.94,2.93
2022-01-12T09:00:00,739.104,517.373,221.731,16.95,2.93
2022-01-12T10:00:00,772.741,540.918,231.822,16.95,2.92
2022-01-12T11:00:00,793.156,555.209,237.947,16.96,2.92
2022-01-12T12:00:00,800.0,560.0,240.0,16.97,2.92
2022-01-12T13:00:00,793.156,555.209,237.947,16.97,2.91
2022-01-12T14:00:00,772.741,540.918,231.822,16.98,2.91
2022-01-12T15:00:00,739.104,517.373,221.731,16.99,2.91
2022-01-12T16:00:00,692.82,484.974,207.846,16.99,2.91
2022-01-12T17:00:00,634.683,444.278,190.405,17.0,2.9
2022-01-12T18:00:00,565.685,395.98,169.706,17.01,2.9
2022-01-12T19:00:00,487.009,340.906,146.103,17.02,2.9
2022-01-12T20:00:00,400.0,280.0,120.0,17.02,2.89
2022-01-12T21:00:00,306.147,214.303,91.844,17.03,2.89
2022-01-12T22:00:00,207.055,144.939,62.117,17.04,2.89
2022-01-12T23:00:00,104.421,73.095,31.326,17.04,2.88
2022-01-13T00:00:00,0.0,0.0,0.0,17.05,2.88
2022-01-13T01:00:00,104.421,73.095,31.326,17.06,2.88
2022-01-13T02:00:00,207.055,144.939,62.117,17.07,2.87
2022-01-13T03:00:00,306.147,214.303,91.844,17.07,2.87
2022-01-13T04:00:00,400.0,280.0,120.0,17.08,2.87
2022-01-13T05:00:00,487.009,340.906,146.103,17.09,2.86
2022-01-13T06:00:00,565.685,395.98,169.706,17.09,2.86
2022-01-13T07:00:00,634.683,444.278,190.405,17.1,2.86
2022-01-13T08:00:00,692.82,484.974,207.846,17.11,2.85
2022-01-13T09:00:00,739.104,517.373,221.731,17.11,2.85
2022-01-13T10:00:00,772.741,540.918,231.822,17.12,2.84
2022-01-13T11:00:00,793.156,555.209,237.947,17.13,2.84
2022-01-13T12:00:00,800.0,560.0,240.0,17.14,2.84
2022-01-13T13:00:00,793.156,555.209,237.947,17.14,2.83
2022-01-13T14:00:00,772.741,540.918,231.822,17.15,2.83
2022-01-13T15:00:00,739.104,517.373,221.731,17.16,2.82
2022-01-13T16:00:00,692.82,484.974,207.846,17.16,2.82
2022-01-13T17:00:00,634.683,444.278,190.405,17.17,2.82
2022-01-13T18:00:00,565.685,395.98,169.706,17.18,2.81
2022-01-13T19:00:00,487.009,340.906,146.103,17.18,2.81
2022-01-13T20:00:00,400.0,280.0,120.0,17.19,2.8
2022-01-13T21:00:00,306.147,214.303,91.844,17.2,2.8
2022-01-13T22:00:00,207.055,144.939,62.117,17.21,2.79
2022-01-13T23:00:00,104.421,73.095,31.326,17.21,2.79
2022-01-14T00:00:00,0.0,0.0,0.0,17.22,2.79
2022-01-14T01:00:00,104.421,73.095,31.326,17.23,2.78
2022-01-14T02:00:00,207.055,144.939,62.117,17.23,2.78
2022-01-14T03:00:00,306.147,214.303,91.844,17.24,2.77
2022-01-14T04:00:00,400.0,280.0,120.0,17.25,2.77
2022-01-14T05:00:00,487.009,340.906,146.103,17.25,2.76
2022-01-14T06:00:00,565.685,395.98,169.706,17.26,2.76
2022-01-14T07:00:00,634.683,444.278,190.405,17.27,2.75
2022-01-14T08:00:00,692.82,484.974,207.846,17.28,2.75
2022-01-14T09:00:00,739.104,517.373,221.731,17.28,2.74
2022-01-14T10:00:00,772.741,540.918,231.822,17.29,2.74
2022-01-14T11:00:00,793.156,555.209,237.947,17.3,2.73
2022-01-14T12:00:00,800.0,560.0,240.0,17.3,2.73
2022-01-14T13:00:00,793.156,555.209,237.947,17.31,2.72
2022-01-14T14:00:00,772.741,540.918,231.822,17.32,2.72
2022-01-14T15:00:00,739.104,517.373,221.731,17.32,2.71
2022-01-14T16:00:00,692.82,484.974,207.846,17.33,2.71
2022-01-14T17:00:00,634.683,444.278,190.405,17.34,2.7
2022-01-14T18:00:00,565.685,395.98,169.706,17.34,2.7
2022-01-14T19:00:00,487.009,340.906,146.103,17.35,2.69
2022-01-14T20:00:00,400.0,280.0,120.0,17.36,2.69
2022-01-14T21:00:00,306.147,214.303,91.844,17.37,2.68
2022-01-14T22:00:00,207.055,144.939,62.117,17.37,2.68
2022-01-14T23:00:00,104.421,73.095,31.326,17.38,2.67
2022-01-15T00:00:00,0.0,0.0,0.0,17.39,2.67
2022-01-15T01:00:00,104.421,73.095,31.326,17.39,2.66
2022-01-15T02:00:00,207.055,144.939,62.117,17.4,2.66
2022-01-15T03:00:00,306.147,214.303,91.844,17.41,2.65
2022-01-15T04:00:00,400.0,280.0,120.0,17.41,2.65
2022-01-15T05:00:00,487.009,340.906,146.103,17.42,2.64
2022-01-15T06:00:00,565.685,395.98,169.706,17.43,2.64
2022-01-15T07:00:00,634.683,444.278,190.405,17.44,2.63
2022-01-15T08:00:00,692.82,484.974,207.846,17.44,2.62
2022-01-15T09:00:00,739.104,517.373,221.731,17.45,2.62
2022-01-15T10:00:00,772.741,540.918,231.822,17.46,2.61
2022-01-15T11:00:00,793.156,555.209,237.947,17.46,2.61
2022-01-15T12:00:00,800.0,560.0,240.0,17.47,2.6
2022-01-15T13:00:00,793.156,555.209,237.947,17.48,2.6
2022-01-15T14:00:00,772.741,540.918,231.822,17.48,2.59
2022-01-15T15:00:00,739.104,517.373,221.731,17.49,2.58
2022-01-15T16:00:00,692.82,484.974,207.846,17.5,2.58
2022-01-15T17:00:00,634.683,444.278,190.405,17.5,2.57
2022-01-15T18:00:00,565.685,395.98,169.706,17.51,2.57
2022-01-15T19:00:00,487.009,340.906,146.103,17.52,2.56
2022-01-15T20:00:00,400.0,280.0,120.0,17.53,2.55
2022-01-15T21:00:00,306.147,214.303,91.844,17.53,2.55
2022-01-15T22:00:00,207.055,144.939,62.117,17.54,2.54
2022-01-15T23:00:00,104.421,73.095,31.326,17.55,2.54
2022-01-16T00:00:00,0.0,0.0,0.0,17.55,2.53
2022-01-16T01:00:00,104.421,73.095,31.326,17.56,2.52
2022-01-16T02:00:00,207.055,144.939,62.117,17.57,2.52
2022-01-16T03:00:00,306.147,214.303,91.844,17.57,2.51
2022-01-16T04:00:00,400.0,280.0,120.0,17.58,2.51
2022-01-16T05:00:00,487.009,340.906,146.103,17.59,2.5
2022-01-16T06:00:00,565.685,395.98,169.706,17.6,2.49
2022-01-16T07:00:00,634.683,444.278,190.405,17.6,2.49
2022-01-16T08:00:00,692.82,484.974,207.846,17.61,2.48
2022-01-16T09:00:00,739.104,517.373,221.731,17.62,2.47
2022-01-16T10:00:00,772.741,540.918,231.822,17.62,2.47
2022-01-16T11:00:00,793.156,555.209,237.947,17.63,2.46
2022-01-16T12:00:00,800.0,560.0,240.0,17.64,2.46
2022-01-16T13:00:00,793.156,555.209,237.947,17.64,2.45
2022-01-16T14:00:00,772.741,540.918,231.822,17.65,2.44
2022-01-16T15:00:00,739.104,517.373,221.731,17.66,2.44
2022-01-16T16:00:00,692.82,484.974,207.846,17.66,2.43
2022-01-16T17:00:00,634.683,444.278,190.405,17.67,2.42
2022-01-16T18:00:00,565.685,395.98,169.706,17.68,2.42
2022-01-16T19:00:00,487.009,340.906,146.103,17.69,2.41
2022-01-16T20:00:00,400.0,280.0,120.0,17.69,2.4
2022-01-16T21:00:00,306.147,214.303,91.844,17.7,2.4
2022-01-16T22:00:00,207.055,144.939,62.117,17.71,2.39
2022-01-16T23:00:00,104.421,73.095,31.326,17.71,2.38
2022-01-17T00:00:00,0.0,0.0,0.0,17.72,2.38
2022-01-17T01:00:00,104.421,73.095,31.326,17.73,2.37
2022-01-17T02:00:00,207.055,144.939,62.117,17.73,2.36
2022-01-17T03:00:00,306.147,214.303,91.844,17.74,2.36
2022-01-17T04:00:00,400.0,280.0,120.0,17.75,2.35
2022-01-17T05:00:00,487.009,340.906,146.103,17.75,2.34
2022-01-17T06:00:00,565.685,395.98,169.706,17.76,2.34
2022-01-17T07:00:00,634.683,444.278,190.405,17.77,2.33
2022-01-17T08:00:00,692.82,484.974,207.846,17.77,2.32
2022-01-17T09:00:00,739.104,517.373,221.731,17.78,2.32
2022-01-17T10:00:00,772.741,540.918,231.822,17.79,2.31
2022-01-17T11:00:00,793.156,555.209,237.947,17.8,2.3
2022-01-17T12:00:00,800.0,560.0,240.0,17.8,2.3
2022-01-17T13:00:00,793.156,555.209,237.947,17.81,2.29
2022-01-17T14:00:00,772.741,540.918,231.822,17.82,2.28
2022-01-17T15:00:00,739.104,517.373,221.731,17.82,2.28
2022-01-17T16:00:00,692.82,484.974,207.846,17.83,2.27
2022-01-17T17:00:00,634.683,444.278,190.405,17.84,2.26
2022-01-17T18:00:00,565.685,395.98,169.706,17.84,2.26
2022-01-17T19:00:00,487.009,340.906,146.103,17.85,2.25
2022-01-17T20:00:00,400.0,280.0,120.0,17.86,2.24
2022-01-17T21:00:00,306.147,214.303,91.844,17.86,2.23
2022-01-17T22:00:00,207.055,144.939,62.117,17.87,2.23
2022-01-17T23:00:00,104.421,73.095,31.326,17.88,2.22
2022-01-18T00:00:00,0.0,0.0,0.0,17.88,2.21
2022-01-18T01:00:00,104.421,73.095,31.326,17.89,2.21
2022-01-18T02:00:00,207.055,144.939,62.117,17.9,2.2
2022-01-18T03:00:00,306.147,214.303,91.844,17.91,2.19
2022-01-18T04:00:00,400.0,280.0,120.0,17.91,2.19
2022-01-18T05:00:00,487.009,340.906,146.103,17.92,2.18
2022-01-18T06:00:00,565.685,395.98,169.706,17.93,2.17
2022-01-18T07:00:00,634.683,444.278,190.405,17.93,2.16
2022-01-18T08:00:00,692.82,484.974,207.846,17.94,2.16
2022-01-18T09:00:00,739.104,517.373,221.731,17.95,2.15
2022-01-18T10:00:00,772.741,540.918,231.822,17.95,2.14
2022-01-18T11:00:00,793.156,555.209,237.947,17.96,2.14
2022-01-18T12:00:00,800.0,560.0,240.0,17.97,2.13
2022-01-18T13:00:00,793.156,555.209,237.947,17.97,2.12
2022-01-18T14:00:00,772.741,540.918,231.822,17.98,2.11
2022-01-18T15:00:00,739.104,517.373,221.731,17.99,2.11
2022-01-18T16:00:00,692.82,484.974,207.846,17.99,2.1
2022-01-18T17:00:00,634.683,444.278,190.405,18.0,2.09
2022-01-18T18:00:00,565.685,395.98,169.706,18.01,2.09
2022-01-18T19:00:00,487.009,340.906,146.103,18.02,2.08
2022-01-18T20:00:00,400.0,280.0,120.0,18.02,2.07
2022-01-18T21:00:00,306.147,214.303,91.844,18.03,2.06
2022-01-18T22:00:00,207.055,144.939,62.117,18.04,2.06
2022-01-18T23:00:00,104.421,73.095,31.326,18.04,2.05
2022-01-19T00:00:00,0.0,0.0,0.0,18.05,2.04
2022-01-19T01:00:00,104.421,73.095,31.326,18.06,2.04
2022-01-19T02:00:00,207.055,144.939,62.117,18.06,2.03
2022-01-19T03:00:00,306.147,214.303,91.844,18.07,2.02
2022-01-19T04:00:00,400.0,280.0,120.0,18.08,2.01
2022-01-19T05:00:00,487.009,340.906,146.103,18.08,2.01
2022-01-19T06:00:00,565.685,395.98,169.706,18.09,2.0
2022-01-19T07:00:00,634.683,444.278,190.405,18.1,2.01
2022-01-19T08:00:00,692.82,484.974,207.846,18.1,2.01
2022-01-19T09:00:00,739.104,517.373,221.731,18.11,2.02
2022-01-19T10:00:00,772.741,540.918,231.822,18.12,2.03
2022-01-19T11:00:00,793.156,555.209,237.947,18.12,2.04
2022-01-19T12:00:00,800.0,560.0,240.0,18.13,2.04
2022-01-19T13:00:00,793.156,555.209,237.947,18.14,2.05
2022-01-19T14:00:00,772.741,540.918,231.822,18.14,2.06
2022-01-19T15:00:00,739.104,517.373,221.731,18.15,2.06
2022-01-19T16:00:00,692.82,484.974,207.846,18.16,2.07
2022-01-19T17:00:00,634.683,444.278,190.405,18.17,2.08
2022-01-19T18:00:00,565.685,395.98,169.706,18.17,2.09
2022-01-19T19:00:00,487.009,340.906,146.103,18.18,2.09
2022-01-19T20:00:00,400.0,280.0,120.0,18.19,2.1
2022-01-19T21:00:00,306.147,214.303,91.844,18.19,2.11
2022-01-19T22:00:00,207.055,144.939,62.117,18.2,2.11
2022-01-19T23:00:00,104.421,73.095,31.326,18.21,2.12
2022-01-20T00:00:00,0.0,0.0,0.0,18.21,2.13
2022-01-20T01:00:00,104.421,73.095,31.326,18.22,2.14
2022-01-20T02:00:00,207.055,144.939,62.117,18.23,2.14
2022-01-20T03:00:00,306.147,214.303,91.844,18.23,2.15
2022-01-20T04:00:00,400.0,280.0,120.0,18.24,2.16
2022-01-20T05:00:00,487.009,340.906,146.103,18.25,2.16
2022-01-20T06:00:00,565.685,395.98,169.706,18.25,2.17
2022-01-20T07:00:00,634.683,444.278,190.405,18.26,2.18
2022-01-20T08:00:00,692.82,484.974,207.846,18.27,2.19
2022-01-20T09:00:00,739.104,517.373,221.731,18.27,2.19
2022-01-20T10:00:00,772.741,540.918,231.822,18.28,2.2
2022-01-20T11:00:00,793.156,555.209,237.947,18.29,2.21
2022-01-20T12:00:00,800.0,560.0,240.0,18.29,2.21
2022-01-20T13:00:00,793.156,555.209,237.947,18.3,2.22
2022-01-20T14:00:00,772.741,540.918,231.822,18.31,2.23
2022-01-20T15:00:00,739.104,517.373,221.731,18.31,2.23
2022-01-20T16:00:00,692.82,484.974,207.846,18.32,2.24
2022-01-20T17:00:00,634.683,444.278,190.405,18.33,2.25
2022-01-20T18:00:00,565.685,395.98,169.706,18.33,2.26
2022-01-20T19:00:00,487.009,340.906,146.103,18.34,2.26
2022-01-20T20:00:00,400.0,280.0,120.0,18.35,2.27
2022-01-20T21:00:00,306.147,214.303,91.844,18.35,2.28
2022-01-20T22:00:00,207.055,144.939,62.117,18.36,2.28
2022-01-20T23:00:00,104.421,73.095,31.326,18.37,2.29
2022-01-21T00:00:00,0.0,0.0,0.0,18.38,2.3
2022-01-21T01:00:00,104.421,73.095,31.326,18.38,2.3
2022-01-21T02:00:00,207.055,144.939,62.117,18.39,2.31
2022-01-21T03:00:00,306.147,214.303,91.844,18.4,2.32
2022-01-21T04:00:00,400.0,280.0,120.0,18.4,2.32
2022-01-21T05:00:00,487.009,340.906,146.103,18.41,2.33
2022-01-21T06:00:00,565.685,395.98,169.706,18.42,2.34
2022-01-21T07:00:00,634.683,444.278,190.405,18.42,2.34
2022-01-21T08:00:00,692.82,484.974,207.846,18.43,2.35
2022-01-21T09:00:00,739.104,517.373,221.731,18.44,2.36
2022-01-21T10:00:00,772.741,540.918,231.822,18.44,2.36
2022-01-21T11:00:00,793.156,555.209,237.947,18.45,2.37
2022-01-21T12:00:00,800.0,560.0,240.0,18.46,2.38
2022-01-21T13:00:00,793.156,555.209,237.947,18.46,2.38
2022-01-21T14:00:00,772.741,540.918,231.822,18.47,2.39
2022-01-21T15:00:00,739.104,517.373,221.731,18.48,2.4
2022-01-21T16:00:00,692.82,484.974,207.846,18.48,2.4
2022-01-21T17:00:00,634.683,444.278,190.405,18.49,2.41
2022-01-21T18:00:00,565.685,395.98,169.706,18.5,2.42
2022-01-21T19:00:00,487.009,340.906,146.103,18.5,2.42
2022-01-21T20:00:00,400.0,280.0,120.0,18.51,2.43
2022-01-21T21:00:00,306.147,214.303,91.844,18.52,2.44
2022-01-21T22:00:00,207.055,144.939,62.117,18.52,2.44
2022-01-21T23:00:00,104.421,73.095,31.326,18.53,2.45
2022-01-22T00:00:00,0.0,0.0,0.0,18.54,2.46
2022-01-22T01:00:00,104.421,73.095,31.326,18.54,2.46
2022-01-22T02:00:00,207.055,144.939,62.117,18.55,2.47
2022-01-22T03:00:00,306.147,214.303,91.844,18.56,2.47
2022-01-22T04:00:00,400.0,280.0,120.0,18.56,2.48
2022-01-22T05:00:00,487.009,340.906,146.103,18.57,2.49
2022-01-22T06:00:00,565.685,395.98,169.706,18.58,2.49
2022-01-22T07:00:00,634.683,444.278,190.405,18.58,2.5
2022-01-22T08:00:00,692.82,484.974,207.846,18.59,2.51
2022-01-22T09:00:00,739.104,517.373,221.731,18.6,2.51
2022-01-22T10:00:00,772.741,540.918,231.822,18.6,2.52
2022-01-22T11:00:00,793.156,555.209,237.947,18.61,2.52
2022-01-22T12:00:00,800.0,560.0,240.0,18.62,2.53
2022-01-22T13:00:00,793.156,555.209,237.947,18.62,2.54
2022-01-22T14:00:00,772.741,540.918,231.822,18.63,2.54
2022-01-22T15:00:00,739.104,517.373,221.731,18.64,2.55
2022-01-22T16:00:00,692.82,484.974,207.846,18.64,2.55
2022-01-22T17:00:00,634.683,444.278,190.405,18.65,2.56
2022-01-22T18:00:00,565.685,395.98,169.706,18.66,2.57
2022-01-22T19:00:00,487.009,340.906,146.103,18.66,2.57
2022-01-22T20:00:00,400.0,280.0,120.0,18.67,2.58
2022-01-22T21:00:00,306.147,214.303,91.844,18.68,2.58
2022-01-22T22:00:00,207.055,144.939,62.117,18.68,2.59
2022-01-22T23:00:00,104.421,73.095,31.326,18.69,2.6
2022-01-23T00:00:00,0.0,0.0,0.0,18.7,2.6
2022-01-23T01:00:00,104.421,73.095,31.326,18.7,2.61
2022-01-23T02:00:00,207.055,144.939,62.117,18.71,2.61
2022-01-23T03:00:00,306.147,214.303,91.844,18.72,2.62
2022-01-23T04:00:00,400.0,280.0,120.0,18.72,2.62
2022-01-23T05:00:00,487.009,340.906,146.103,18.73,2.63
2022-01-23T06:00:00,565.685,395.98,169.706,18.74,2.64
2022-01-23T07:00:00,634.683,444.278,190.405,18.74,2.64
2022-01-23T08:00:00,692.82,484.974,207.846,18.75,2.65
2022-01-23T09:00:00,739.104,517.373,221.731,18.76,2.65
2022-01-23T10:00:00,772.741,540.918,231.822,18.76,2.66
2022-01-23T11:00:00,793.156,555.209,237.947,18.77,2.66
2022-01-23T12:00:00,800.0,560.0,240.0,18.78,2.67
2022-01-23T13:00:00,793.156,555.209,237.947,18.78,2.67
2022-01-23T14:00:00,772.741,540.918,231.822,18.79,2.68
2022-01-23T15:00:00,739.104,517.373,221.731,18.8,2.68
2022-01-23T16:00:00,692.82,484.974,207.846,18.8,2.69
2022-01-23T17:00:00,634.683,444.278,190.405,18.81,2.69
2022-01-23T18:00:00,565.685,395.98,169.706,18.82,2.7
2022-01-23T19:00:00,487.009,340.906,146.103,18.82,2.7
2022-01-23T20:00:00,400.0,280.0,120.0,18.83,2.71
2022-01-23T21:00:00,306.147,214.303,91.844,18.84,2.71
2022-01-23T22:00:00,207.055,144.939,62.117,18.84,2.72
2022-01-23T23:00:00,104.421,73.095,31.326,18.85,2.72
2022-01-24T00:00:00,0.0,0.0,0.0,18.86,2.73
2022-01-24T01:00:00,104.421,73.095,31.326,18.86,2.73
2022-01-24T02:00:00,207.055,144.939,62.117,18.87,2.74
2022-01-24T03:00:00,306.147,214.303,91.844,18.88,2.74
2022-01-24T04:00:00,400.0,280.0,120.0,18.88,2.75
2022-01-24T05:00:00,487.009,340.906,146.103,18.89,2.75
2022-01-24T06:00:00,565.685,395.98,169.706,18.9,2.76
2022-01-24T07:00:00,634.683,444.278,190.405,18.9,2.76
2022-01-24T08:00:00,692.82,484.974,207.846,18.91,2.77
2022-01-24T09:00:00,739.104,517.373,221.731,18.92,2.77
2022-01-24T10:00:00,772.741,540.918,231.822,18.92,2.78
2022-01-24T11:00:00,793.156,555.209,237.947,18.93,2.78
2022-01-24T12:00:00,800.0,560.0,240.0,18.94,2.79
2022-01-24T13:00:00,793.156,555.209,237.947,18.94,2.79
2022-01-24T14:00:00,772.741,540.918,231.822,18.95,2.79
2022-01-24T15:00:00,739.104,517.373,221.731,18.96,2.8
2022-01-24T16:00:00,692.82,484.974,207.846,18.96,2.8
2022-01-24T17:00:00,634.683,444.278,190.405,18.97,2.81
2022-01-24T18:00:00,565.685,395.98,169.706,18.98,2.81
2022-01-24T19:00:00,487.009,340.906,146.103,18.98,2.82
2022-01-24T20:00:00,400.0,280.0,120.0,18.99,2.82
2022-01-24T21:00:00,306.147,214.303,91.844,19.0,2.82
2022-01-24T22:00:00,207.055,144.939,62.117,19.0,2.83
2022-01-24T23:00:00,104.421,73.095,31.326,19.01,2.83
2022-01-25T00:00:00,0.0,0.0,0.0,19.01,2.84
2022-01-25T01:00:00,104.421,73.095,31.326,19.02,2.84
2022-01-25T02:00:00,207.055,144.939,62.117,19.03,2.84
2022-01-25T03:00:00,306.147,214.303,91.844,19.03,2.85
2022-01-25T04:00:00,400.0,280.0,120.0,19.04,2.85
2022-01-25T05:00:00,487.009,340.906,146.103,19.05,2.86
2022-01-25T06:00:00,565.685,395.98,169.706,19.05,2.86
2022-01-25T07:00:00,634.683,444.278,190.405,19.06,2.86
2022-01-25T08:00:00,692.82,484.974,207.846,19.07,2.87
2022-01-25T09:00:00,739.104,517.373,221.731,19.07,2.87
2022-01-25T10:00:00,772.741,540.918,231.822,19.08,2.87
2022-01-25T11:00:00,793.156,555.209,237.947,19.09,2.88
2022-01-25T12:00:00,800.0,560.0,240.0,19.09,2.88
2022-01-25T13:00:00,793.156,555.209,237.947,19.1,2.88
2022-01-25T14:00:00,772.741,540.918,231.822,19.11,2.89
2022-01-25T15:00:00,739.104,517.373,221.731,19.11,2.89
2022-01-25T16:00:00,692.82,484.974,207.846,19.12,2.89
2022-01-25T17:00:00,634.683,444.278,190.405,19.13,2.9
2022-01-25T18:00:00,565.685,395.98,169.706,19.13,2.9
2022-01-25T19:00:00,487.009,340.906,146.103,19.14,2.9
2022-01-25T20:00:00,400.0,280.0,120.0,19.15,2.91
2022-01-25T21:00:00,306.147,214.303,91.844,19.15,2.91
2022-01-25T22:00:00,207.055,144.939,62.117,19.16,2.91
2022-01-25T23:00:00,104.421,73.095,31.326,19.17,2.91
2022-01-26T00:00:00,0.0,0.0,0.0,19.17,2.92
2022-01-26T01:00:00,104.421,73.095,31.326,19.18,2.92
2022-01-26T02:00:00,207.055,144.939,62.117,19.18,2.92
2022-01-26T03:00:00,306.147,214.303,91.844,19.19,2.93
2022-01-26T04:00:00,400.0,280.0,120.0,19.2,2.93
2022-01-26T05:00:00,487.009,340.906,146.103,19.2,2.93
2022-01-26T06:00:00,565.685,395.98,169.706,19.21,2.93
2022-01-26T07:00:00,634.683,444.278,190.405,19.22,2.94
2022-01-26T08:00:00,692.82,484.974,207.846,19.22,2.94
2022-01-26T09:00:00,739.104,517.373,221.731,19.23,2.94
2022-01-26T10:00:00,772.741,540.918,231.822,19.24,2.94
2022-01-26T11:00:00,793.156,555.209,237.947,19.24,2.95
2022-01-26T12:00:00,800.0,560.0,240.0,19.25,2.95
2022-01-26T13:00:00,793.156,555.209,237.947,19.26,2.95
2022-01-26T14:00:00,772.741,540.918,231.822,19.26,2.95
2022-01-26T15:00:00,739.104,517.373,221.731,19.27,2.95
2022-01-26T16:00:00,692.82,484.974,207.846,19.28,2.96
2022-01-26T17:00:00,634.683,444.278,190.405,19.28,2.96
2022-01-26T18:00:00,565.685,395.98,169.706,19.29,2.96
2022-01-26T19:00:00,487.009,340.906,146.103,19.3,2.96
2022-01-26T20:00:00,400.0,280.0,120.0,19.3,2.96
2022-01-26T21:00:00,306.147,214.303,91.844,19.31,2.97
2022-01-26T22:00:00,207.055,144.939,62.117,19.31,2.97
2022-01-26T23:00:00,104.421,73.095,31.326,19.32,2.97
2022-01-27T00:00:00,0.0,0.0,0.0,19.33,2.97
2022-01-27T01:00:00,104.421,73.095,31.326,19.33,2.97
2022-01-27T02:00:00,207.055,144.939,62.117,19.34,2.98
2022-01-27T03:00:00,306.147,214.303,91.844,19.35,2.98
2022-01-27T04:00:00,400.0,280.0,120.0,19.35,2.98
2022-01-27T05:00:00,487.009,340.906,146.103,19.36,2.98
2022-01-27T06:00:00,565.685,395.98,169.706,19.37,2.98
2022-01-27T07:00:00,634.683,444.278,190.405,19.37,2.98
2022-01-27T08:00:00,692.82,484.974,207.846,19.38,2.98
2022-01-27T09:00:00,739.104,517.373,221.731,19.39,2.99
2022-01-27T10:00:00,772.741,540.918,231.822,19.39,2.99
2022-01-27T11:00:00,793.156,555.209,237.947,19.4,2.99
2022-01-27T12:00:00,800.0,560.0,240.0,19.41,2.99
2022-01-27T13:00:00,793.156,555.209,237.947,19.41,2.99
2022-01-27T14:00:00,772.741,540.918,231.822,19.42,2.99
2022-01-27T15:00:00,739.104,517.373,221.731,19.42,2.99
2022-01-27T16:00:00,692.82,484.974,207.846,19.43,2.99
2022-01-27T17:00:00,634.683,444.278,190.405,19.44,2.99
2022-01-27T18:00:00,565.685,395.98,169.706,19.44,2.99
2022-01-27T19:00:00,487.009,340.906,146.103,19.45,2.99
2022-01-27T20:00:00,400.0,280.0,120.0,19.46,3.0
2022-01-27T21:00:00,306.147,214.303,91.844,19.46,3.0
2022-01-27T22:00:00,207.055,144.939,62.117,19.47,3.0
2022-01-27T23:00:00,104.421,73.095,31.326,19.48,3.0
2022-01-28T00:00:00,0.0,0.0,0.0,19.48,3.0
2022-01-28T01:00:00,104.421,73.095,31.326,19.49,3.0
2022-01-28T02:00:00,207.055,144.939,62.117,19.5,3.0
2022-01-28T03:00:00,306.147,214.303,91.844,19.5,3.0
2022-01-28T04:00:00,400.0,280.0,120.0,19.51,3.0
2022-01-28T05:00:00,487.009,340.906,146.103,19.51,3.0
2022-01-28T06:00:00,565.685,395.98,169.706,19.52,3.0
2022-01-28T07:00:00,634.683,444.278,190.405,19.53,3.0
2022-01-28T08:00:00,692.82,484.974,207.846,19.53,3.0
2022-01-28T09:00:00,739.104,517.373,221.731,19.54,3.0
2022-01-28T10:00:00,772.741,540.918,231.822,19.55,3.0
2022-01-28T11:00:00,793.156,555.209,237.947,19.55,3.0
2022-01-28T12:00:00,800.0,560.0,240.0,19.56,3.0
2022-01-28T13:00:00,793.156,555.209,237.947,19.57,3.0
2022-01-28T14:00:00,772.741,540.918,231.822,19.57,3.0
2022-01-28T15:00:00,739.104,517.373,221.731,19.58,3.0
2022-01-28T16:00:00,692.82,484.974,207.846,19.58,3.0
2022-01-28T17:00:00,634.683,444.278,190.405,19.59,3.0
2022-01-28T18:00:00,565.685,395.98,169.706,19.6,3.0
2022-01-28T19:00:00,487.009,340.906,146.103,19.6,3.0
2022-01-28T20:00:00,400.0,280.0,120.0,19.61,3.0
2022-01-28T21:00:00,306.147,214.303,91.844,19.62,3.0
2022-01-28T22:00:00,207.055,144.939,62.117,19.62,3.0
2022-01-28T23:00:00,104.421,73.095,31.326,19.63,2.99
2022-01-29T00:00:00,0.0,0.0,0.0,19.64,2.99
2022-01-29T01:00:00,104.421,73.095,31.326,19.64,2.99
2022-01-29T02:00:00,207.055,144.939,62.117,19.65,2.99
2022-01-29T03:00:00,306.147,214.303,91.844,19.65,2.99
2022-01-29T04:00:00,400.0,280.0,120.0,19.66,2.99
2022-01-29T05:00:00,487.009,340.906,146.103,19.67,2.99
2022-01-29T06:00:00,565.685,395.98,169.706,19.67,2.99
2022-01-29T07:00:00,634.683,444.278,190.405,19.68,2.99
2022-01-29T08:00:00,692.82,484.974,207.846,19.69,2.99
2022-01-29T09:00:00,739.104,517.373,221.731,19.69,2.99
2022-01-29T10:00:00,772.741,540.918,231.822,19.7,2.98
2022-01-29T11:00:00,793.156,555.209,237.947,19.71,2.98
2022-01-29T12:00:00,800.0,560.0,240.0,19.71,2.98
2022-01-29T13:00:00,793.156,555.209,237.947,19.72,2.98
2022-01-29T14:00:00,772.741,540.918,231.822,19.72,2.98
2022-01-29T15:00:00,739.104,517.373,221.731,19.73,2.98
2022-01-29T16:00:00,692.82,484.974,207.846,19.74,2.98
2022-01-29T17:00:00,634.683,444.278,190.405,19.74,2.97
2022-01-29T18:00:00,565.685,395.98,169.706,19.75,2.97
2022-01-29T19:00:00,487.009,340.906,146.103,19.76,2.97
2022-01-29T20:00:00,400.0,280.0,120.0,19.76,2.97
2022-01-29T21:00:00,306.147,214.303,91.844,19.77,2.97
2022-01-29T22:00:00,207.055,144.939,62.117,19.77,2.96
2022-01-29T23:00:00,104.421,73.095,31.326,19.78,2.96
2022-01-30T00:00:00,0.0,0.0,0.0,19.79,2.96
2022-01-30T01:00:00,104.421,73.095,31.326,19.79,2.96
2022-01-30T02:00:00,207.055,144.939,62.117,19.8,2.96
2022-01-30T03:00:00,306.147,214.303,91.844,19.81,2.95
2022-01-30T04:00:00,400.0,280.0,120.0,19.81,2.95
2022-01-30T05:00:00,487.009,340.906,146.103,19.82,2.95
2022-01-30T06:00:00,565.685,395.98,169.706,19.83,2.95
2022-01-30T07:00:00,634.683,444.278,190.405,19.83,2.95
2022-01-30T08:00:00,692.82,484.974,207.846,19.84,2.94
2022-01-30T09:00:00,739.104,517.373,221.731,19.84,2.94
2022-01-30T10:00:00,772.741,540.918,231.822,19.85,2.94
2022-01-30T11:00:00,793.156,555.209,237.947,19.86,2.94
2022-01-30T12:00:00,800.0,560.0,240.0,19.86,2.93
2022-01-30T13:00:00,793.156,555.209,237.947,19.87,2.93
2022-01-30T14:00:00,772.741,540.918,231.822,19.88,2.93
2022-01-30T15:00:00,739.104,517.373,221.731,19.88,2.93
2022-01-30T16:00:00,692.82,484.974,207.846,19.89,2.92
2022-01-30T17:00:00,634.683,444.278,190.405,19.89,2.92
2022-01-30T18:00:00,565.685,395.98,169.706,19.9,2.92
2022-01-30T19:00:00,487.009,340.906,146.103,19.91,2.91
2022-01-30T20:00:00,400.0,280.0,120.0,19.91,2.91
2022-01-30T21:00:00,306.147,214.303,91.844,19.92,2.91
2022-01-30T22:00:00,207.055,144.939,62.117,19.93,2.91
2022-01-30T23:00:00,104.421,73.095,31.326,19.93,2.9
2022-01-31T00:00:00,0.0,0.0,0.0,19.94,2.9
2022-01-31T01:00:00,104.421,73.095,31.326,19.94,2.9
2022-01-31T02:00:00,207.055,144.939,62.117,19.95,2.89
2022-01-31T03:00:00,306.147,214.303,91.844,19.96,2.89
2022-01-31T04:00:00,400.0,280.0,120.0,19.96,2.89
2022-01-31T05:00:00,487.009,340.906,146.103,19.97,2.88
2022-01-31T06:00:00,565.685,395.98,169.706,19.98,2.88
2022-01-31T07:00:00,634.683,444.278,190.405,19.98,2.88
2022-01-31T08:00:00,692.82,484.974,207.846,19.99,2.87
2022-01-31T09:00:00,739.104,517.373,221.731,19.99,2.87
2022-01-31T10:00:00,772.741,540.918,231.822,20.0,2.87
2022-01-31T11:00:00,793.156,555.209,237.947,20.01,2.86
2022-01-31T12:00:00,800.0,560.0,240.0,20.01,2.86
2022-01-31T13:00:00,793.156,555.209,237.947,20.02,2.86
2022-01-31T14:00:00,772.741,540.918,231.822,20.02,2.85
2022-01-31T15:00:00,739.104,517.373,221.731,20.03,2.85
2022-01-31T16:00:00,692.82,484.974,207.846,20.04,2.84
2022-01-31T17:00:00,634.683,444.278,190.405,20.04,2.84
2022-01-31T18:00:00,565.685,395.98,169.706,20.05,2.84
2022-01-31T19:00:00,487.009,340.906,146.103,20.06,2.83
2022-01-31T20:00:00,400.0,280.0,120.0,20.06,2.83
2022-01-31T21:00:00,306.147,214.303,91.844,20.07,2.82
2022-01-31T22:00:00,207.055,144.939,62.117,20.07,2.82
2022-01-31T23:00:00,104.421,73.095,31.326,20.08,2.82
2022-02-01T00:00:00,0.0,0.0,0.0,20.09,2.81
2022-02-01T01:00:00,104.421,73.095,31.326,20.09,2.81
2022-02-01T02:00:00,207.055,144.939,62.117,20.1,2.8
2022-02-01T03:00:00,306.147,214.303,91.844,20.11,2.8
2022-02-01T04:00:00,400.0,280.0,120.0,20.11,2.79
2022-02-01T05:00:00,487.009,340.906,146.103,20.12,2.79
2022-02-01T06:00:00,565.685,395.98,169.706,20.12,2.79
2022-02-01T07:00:00,634.683,444.278,190.405,20.13,2.78
2022-02-01T08:00:00,692.82,484.974,207.846,20.14,2.78
2022-02-01T09:00:00,739.104,517.373,221.731,20.14,2.77
2022-02-01T10:00:00,772.741,540.918,231.822,20.15,2.77
2022-02-01T11:00:00,793.156,555.209,237.947,20.15,2.76
2022-02-01T12:00:00,800.0,560.0,240.0,20.16,2.76
2022-02-01T13:00:00,793.156,555.209,237.947,20.17,2.75
2022-02-01T14:00:00,772.741,540.918,231.822,20.17,2.75
2022-02-01T15:00:00,739.104,517.373,221.731,20.18,2.74
2022-02-01T16:00:00,692.82,484.974,207.846,20.19,2.74
2022-02-01T17:00:00,634.683,444.278,190.405,20.19,2.73
2022-02-01T18:00:00,565.685,395.98,169.706,20.2,2.73
2022-02-01T19:00:00,487.009,340.906,146.103,20.2,2.72
2022-02-01T20:00:00,400.0,280.0,120.0,20.21,2.72
2022-02-01T21:00:00,306.147,214.303,91.844,20.22,2.71
2022-02-01T22:00:00,207.055,144.939,62.117,20.22,2.71
2022-02-01T23:00:00,104.421,73.095,31.326,20.23,2.7
2022-02-02T00:00:00,0.0,0.0,0.0,20.23,2.7
2022-02-02T01:00:00,104.421,73.095,31.326,20.24,2.69
2022-02-02T02:00:00,207.055,144.939,62.117,20.25,2.69
2022-02-02T03:00:00,306.147,214.303,91.844,20.25,2.68
2022-02-02T04:00:00,400.0,280.0,120.0,20.26,2.68
2022-02-02T05:00:00,487.009,340.906,146.103,20.26,2.67
2022-02-02T06:00:00,565.685,395.98,169.706,20.27,2.67
2022-02-02T07:00:00,634.683,444.278,190.405,20.28,2.66
2022-02-02T08:00:00,692.82,484.974,207.846,20.28,2.66
2022-02-02T09:00:00,739.104,517.373,221.731,20.29,2.65
2022-02-02T10:00:00,772.741,540.918,231.822,20.3,2.65
2022-02-02T11:00:00,793.156,555.209,237.947,20.3,2.64
2022-02-02T12:00:00,800.0,560.0,240.0,20.31,2.64
2022-02-02T13:00:00,793.156,555.209,237.947,20.31,2.63
2022-02-02T14:00:00,772.741,540.918,231.822,20.32,2.62
2022-02-02T15:00:00,739.104,517.373,221.731,20.33,2.62
2022-02-02T16:00:00,692.82,484.974,207.846,20.33,2.61
2022-02-02T17:00:00,634.683,444.278,190.405,20.34,2.61
2022-02-02T18:00:00,565.685,395.98,169.706,20.34,2.6
2022-02-02T19:00:00,487.009,340.906,146.103,20.35,2.6
2022-02-02T20:00:00,400.0,280.0,120.0,20.36,2.59
2022-02-02T21:00:00,306.147,214.303,91.844,20.36,2.58
2022-02-02T22:00:00,207.055,144.939,62.117,20.37,2.58
2022-02-02T23:00:00,104.421,73.095,31.326,20.37,2.57
2022-02-03T00:00:00,0.0,0.0,0.0,20.38,2.57
2022-02-03T01:00:00,104.421,73.095,31.326,20.39,2.56
2022-02-03T02:00:00,207.055,144.939,62.117,20.39,2.55
2022-02-03T03:00:00,306.147,214.303,91.844,20.4,2.55
2022-02-03T04:00:00,400.0,280.0,120.0,20.4,2.54
2022-02-03T05:00:00,487.009,340.906,146.103,20.41,2.54
2022-02-03T06:00:00,565.685,395.98,169.706,20.42,2.53
2022-02-03T07:00:00,634.683,444.278,190.405,20.42,2.52
2022-02-03T08:00:00,692.82,484.974,207.846,20.43,2.52
2022-02-03T09:00:00,739.104,517.373,221.731,20.43,2.51
2022-02-03T10:00:00,772.741,540.918,231.822,20.44,2.51
2022-02-03T11:00:00,793.156,555.209,237.947,20.45,2.5
2022-02-03T12:00:00,800.0,560.0,240.0,20.45,2.49
2022-02-03T13:00:00,793.156,555.209,237.947,20.46,2.49
2022-02-03T14:00:00,772.741,540.918,231.822,20.46,2.48
2022-02-03T15:00:00,739.104,517.373,221.731,20.47,2.47
2022-02-03T16:00:00,692.82,484.974,207.846,20.48,2.47
2022-02-03T17:00:00,634.683,444.278,190.405,20.48,2.46
2022-02-03T18:00:00,565.685,395.98,169.706,20.49,2.46
2022-02-03T19:00:00,487.009,340.906,146.103,20.49,2.45
2022-02-03T20:00:00,400.0,280.0,120.0,20.5,2.44
2022-02-03T21:00:00,306.147,214.303,91.844,20.51,2.44
2022-02-03T22:00:00,207.055,144.939,62.117,20.51,2.43
2022-02-03T23:00:00,104.421,73.095,31.326,20.52,2.42
2022-02-04T00:00:00,0.0,0.0,0.0,20.52,2.42
2022-02-04T01:00:00,104.421,73.095,31.326,20.53,2.41
2022-02-04T02:00:00,207.055,144.939,62.117,20.54,2.4
2022-02-04T03:00:00,306.147,214.303,91.844,20.54,2.4
2022-02-04T04:00:00,400.0,280.0,120.0,20.55,2.39
2022-02-04T05:00:00,487.009,340.906,146.103,20.55,2.38
2022-02-04T06:00:00,565.685,395.98,169.706,20.56,2.38
2022-02-04T07:00:00,634.683,444.278,190.405,20.57,2.37
2022-02-04T08:00:00,692.82,484.974,207.846,20.57,2.36
2022-02-04T09:00:00,739.104,517.373,221.731,20.58,2.36
2022-02-04T10:00:00,772.741,540.918,231.822,20.58,2.35
2022-02-04T11:00:00,793.156,555.209,237.947,20.59,2.34
2022-02-04T12:00:00,800.0,560.0,240.0,20.6,2.34
2022-02-04T13:00:00,793.156,555.209,237.947,20.6,2.33
2022-02-04T14:00:00,772.741,540.918,231.822,20.61,2.32
2022-02-04T15:00:00,739.104,517.373,221.731,20.61,2.32
2022-02-04T16:00:00,692.82,484.974,207.846,20.62,2.31
2022-02-04T17:00:00,634.683,444.278,190.405,20.63,2.3
2022-02-04T18:00:00,565.685,395.98,169.706,20.63,2.3
2022-02-04T19:00:00,487.009,340.906,146.103,20.64,2.29
2022-02-04T20:00:00,400.0,280.0,120.0,20.64,2.28
2022-02-04T21:00:00,306.147,214.303,91.844,20.65,2.28
2022-02-04T22:00:00,207.055,144.939,62.117,20.66,2.27
2022-02-04T23:00:00,104.421,73.095,31.326,20.66,2.26
2022-02-05T00:00:00,0.0,0.0,0.0,20.67,2.26
2022-02-05T01:00:00,104.421,73.095,31.326,20.67,2.25
2022-02-05T02:00:00,207.055,144.939,62.117,20.68,2.24
2022-02-05T03:00:00,306.147,214.303,91.844,20.68,2.23
2022-02-05T04:00:00,400.0,280.0,120.0,20.69,2.23
2022-02-05T05:00:00,487.009,340.906,146.103,20.7,2.22
2022-02-05T06:00:00,565.685,395.98,169.706,20.7,2.21
2022-02-05T07:00:00,634.683,444.278,190.405,20.71,2.21
2022-02-05T08:00:00,692.82,484.974,207.846,20.71,2.2
2022-02-05T09:00:00,739.104,517.373,221.731,20.72,2.19
2022-02-05T10:00:00,772.741,540.918,231.822,20.73,2.19
2022-02-05T11:00:00,793.156,555.209,237.947,20.73,2.18
2022-02-05T12:00:00,800.0,560.0,240.0,20.74,2.17
2022-02-05T13:00:00,793.156,555.209,237.947,20.74,2.16
2022-02-05T14:00:00,772.741,540.918,231.822,20.75,2.16
2022-02-05T15:00:00,739.104,517.373,221.731,20.76,2.15
2022-02-05T16:00:00,692.82,484.974,207.846,20.76,2.14
2022-02-05T17:00:00,634.683,444.278,190.405,20.77,2.14
2022-02-05T18:00:00,565.685,395.98,169.706,20.77,2.13
2022-02-05T19:00:00,487.009,340.906,146.103,20.78,2.12
2022-02-05T20:00:00,400.0,280.0,120.0,20.78,2.11
2022-02-05T21:00:00,306.147,214.303,91.844,20.79,2.11
2022-02-05T22:00:00,207.055,144.939,62.117,20.8,2.1
2022-02-05T23:00:00,104.421,73.095,31.326,20.8,2.09
2022-02-06T00:00:00,0.0,0.0,0.0,20.81,2.09
2022-02-06T01:00:00,104.421,73.095,31.326,20.81,2.08
2022-02-06T02:00:00,207.055,144.939,62.117,20.82,2.07
2022-02-06T03:00:00,306.147,214.303,91.844,20.83,2.06
2022-02-06T04:00:00,400.0,280.0,120.0,20.83,2.06
2022-02-06T05:00:00,487.009,340.906,146.103,20.84,2.05
2022-02-06T06:00:00,565.685,395.98,169.706,20.84,2.04
2022-02-06T07:00:00,634.683,444.278,190.405,20.85,2.04
2022-02-06T08:00:00,692.82,484.974,207.846,20.85,2.03
2022-02-06T09:00:00,739.104,517.373,221.731,20.86,2.02
2022-02-06T10:00:00,772.741,540.918,231.822,20.87,2.01
2022-02-06T11:00:00,793.156,555.209,237.947,20.87,2.01
2022-02-06T12:00:00,800.0,560.0,240.0,20.88,2.0
2022-02-06T13:00:00,793.156,555.209,237.947,20.88,2.01
2022-02-06T14:00:00,772.741,540.918,231.822,20.89,2.01
2022-02-06T15:00:00,739.104,517.373,221.731,20.9,2.02
2022-02-06T16:00:00,692.82,484.974,207.846,20.9,2.03
2022-02-06T17:00:00,634.683,444.278,190.405,20.91,2.04
2022-02-06T18:00:00,565.685,395.98,169.706,20.91,2.04
2022-02-06T19:00:00,487.009,340.906,146.103,20.92,2.05
2022-02-06T20:00:00,400.0,280.0,120.0,20.92,2.06
2022-02-06T21:00:00,306.147,214.303,91.844,20.93,2.06
2022-02-06T22:00:00,207.055,144.939,62.117,20.94,2.07
2022-02-06T23:00:00,104.421,73.095,31.326,20.94,2.08
2022-02-07T00:00:00,0.0,0.0,0.0,20.95,2.09
2022-02-07T01:00:00,104.421,73.095,31.326,20.95,2.09
2022-02-07T02:00:00,207.055,144.939,62.117,20.96,2.1
2022-02-07T03:00:00,306.147,214.303,91.844,20.96,2.11
2022-02-07T04:00:00,400.0,280.0,120.0,20.97,2.11
2022-02-07T05:00:00,487.009,340.906,146.103,20.98,2.12
2022-02-07T06:00:00,565.685,395.98,169.706,20.98,2.13
2022-02-07T07:00:00,634.683,444.278,190.405,20.99,2.14
2022-02-07T08:00:00,692.82,484.974,207.846,20.99,2.14
2022-02-07T09:00:00,739.104,517.373,221.731,21.0,2.15
2022-02-07T10:00:00,772.741,540.918,231.822,21.0,2.16
2022-02-07T11:00:00,793.156,555.209,237.947,21.01,2.16
2022-02-07T12:00:00,800.0,560.0,240.0,21.02,2.17
2022-02-07T13:00:00,793.156,555.209,237.947,21.02,2.18
2022-02-07T14:00:00,772.741,540.918,231.822,21.03,2.19
2022-02-07T15:00:00,739.104,517.373,221.731,21.03,2.19
2022-02-07T16:00:00,692.82,484.974,207.846,21.04,2.2
2022-02-07T17:00:00,634.683,444.278,190.405,21.04,2.21
2022-02-07T18:00:00,565.685,395.98,169.706,21.05,2.21
2022-02-07T19:00:00,487.009,340.906,146.103,21.06,2.22
2022-02-07T20:00:00,400.0,280.0,120.0,21.06,2.23
2022-02-07T21:00:00,306.147,214.303,91.844,21.07,2.23
2022-02-07T22:00:00,207.055,144.939,62.117,21.07,2.24
2022-02-07T23:00:00,104.421,73.095,31.326,21.08,2.25
2022-02-08T00:00:00,0.0,0.0,0.0,21.08,2.26
2022-02-08T01:00:00,104.421,73.095,31.326,21.09,2.26
2022-02-08T02:00:00,207.055,144.939,62.117,21.1,2.27
2022-02-08T03:00:00,306.147,214.303,91.844,21.1,2.28
2022-02-08T04:00:00,400.0,280.0,120.0,21.11,2.28
2022-02-08T05:00:00,487.009,340.906,146.103,21.11,2.29
2022-02-08T06:00:00,565.685,395.98,169.706,21.12,2.3
2022-02-08T07:00:00,634.683,444.278,190.405,21.12,2.3
2022-02-08T08:00:00,692.82,484.974,207.846,21.13,2.31
2022-02-08T09:00:00,739.104,517.373,221.731,21.14,2.32
2022-02-08T10:00:00,772.741,540.918,231.822,21.14,2.32
2022-02-08T11:00:00,793.156,555.209,237.947,21.15,2.33
2022-02-08T12:00:00,800.0,560.0,240.0,21.15,2.34
2022-02-08T13:00:00,793.156,555.209,237.947,21.16,2.34
2022-02-08T14:00:00,772.741,540.918,231.822,21.16,2.35
2022-02-08T15:00:00,739.104,517.373,221.731,21.17,2.36
2022-02-08T16:00:00,692.82,484.974,207.846,21.18,2.36
2022-02-08T17:00:00,634.683,444.278,190.405,21.18,2.37
2022-02-08T18:00:00,565.685,395.98,169.706,21.19,2.38
2022-02-08T19:00:00,487.009,340.906,146.103,21.19,2.38
2022-02-08T20:00:00,400.0,280.0,120.0,21.2,2.39
2022-02-08T21:00:00,306.147,214.303,91.844,21.2,2.4
2022-02-08T22:00:00,207.055,144.939,62.117,21.21,2.4
2022-02-08T23:00:00,104.421,73.095,31.326,21.21,2.41
2022-02-09T00:00:00,0.0,0.0,0.0,21.22,2.42
2022-02-09T01:00:00,104.421,73.095,31.326,21.23,2.42
2022-02-09T02:00:00,207.055,144.939,62.117,21.23,2.43
2022-02-09T03:00:00,306.147,214.303,91.844,21.24,2.44
2022-02-09T04:00:00,400.0,280.0,120.0,21.24,2.44
2022-02-09T05:00:00,487.009,340.906,146.103,21.25,2.45
2022-02-09T06:00:00,565.685,395.98,169.706,21.25,2.46
2022-02-09T07:00:00,634.683,444.278,190.405,21.26,2.46
2022-02-09T08:00:00,692.82,484.974,207.846,21.27,2.47
2022-02-09T09:00:00,739.104,517.373,221.731,21.27,2.47
2022-02-09T10:00:00,772.741,540.918,231.822,21.28,2.48
2022-02-09T11:00:00,793.156,555.209,237.947,21.28,2.49
2022-02-09T12:00:00,800.0,560.0,240.0,21.29,2.49
2022-02-09T13:00:00,793.156,555.209,237.947,21.29,2.5
2022-02-09T14:00:00,772.741,540.918,231.822,21.3,2.51
2022-02-09T15:00:00,739.104,517.373,221.731,21.3,2.51
2022-02-09T16:00:00,692.82,484.974,207.846,21.31,2.52
2022-02-09T17:00:00,634.683,444.278,190.405,21.32,2.52
2022-02-09T18:00:00,565.685,395.98,169.706,21.32,2.53
2022-02-09T19:00:00,487.009,340.906,146.103,21.33,2.54
2022-02-09T20:00:00,400.0,280.0,120.0,21.33,2.54
2022-02-09T21:00:00,306.147,214.303,91.844,21.34,2.55
2022-02-09T22:00:00,207.055,144.939,62.117,21.34,2.55
2022-02-09T23:00:00,104.421,73.095,31.326,21.35,2.56
2022-02-10T00:00:00,0.0,0.0,0.0,21.35,2.57
2022-02-10T01:00:00,104.421,73.095,31.326,21.36,2.57
2022-02-10T02:00:00,207.055,144.939,62.117,21.37,2.58
2022-02-10T03:00:00,306.147,214.303,91.844,21.37,2.58
2022-02-10T04:00:00,400.0,280.0,120.0,21.38,2.59
2022-02-10T05:00:00,487.009,340.906,146.103,21.38,2.6
2022-02-10T06:00:00,565.685,395.98,169.706,21.39,2.6
2022-02-10T07:00:00,634.683,444.278,190.405,21.39,2.61
2022-02-10T08:00:00,692.82,484.974,207.846,21.4,2.61
2022-02-10T09:00:00,739.104,517.373,221.731,21.4,2.62
2022-02-10T10:00:00,772.741,540.918,231.822,21.41,2.62
2022-02-10T11:00:00,793.156,555.209,237.947,21.42,2.63
2022-02-10T12:00:00,800.0,560.0,240.0,21.42,2.64
2022-02-10T13:00:00,793.156,555.209,237.947,21.43,2.64
2022-02-10T14:00:00,772.741,540.918,231.822,21.43,2.65
2022-02-10T15:00:00,739.104,517.373,221.731,21.44,2.65
2022-02-10T16:00:00,692.82,484.974,207.846,21.44,2.66
2022-02-10T17:00:00,634.683,444.278,190.405,21.45,2.66
2022-02-10T18:00:00,565.685,395.98,169.706,21.45,2.67
2022-02-10T19:00:00,487.009,340.906,146.103,21.46,2.67
2022-02-10T20:00:00,400.0,280.0,120.0,21.46,2.68
2022-02-10T21:00:00,306.147,214.303,91.844,21.47,2.68
2022-02-10T22:00:00,207.055,144.939,62.117,21.48,2.69
2022-02-10T23:00:00,104.421,73.095,31.326,21.48,2.69
2022-02-11T00:00:00,0.0,0.0,0.0,21.49,2.7
2022-02-11T01:00:00,104.421,73.095,31.326,21.49,2.7
2022-02-11T02:00:00,207.055,144.939,62.117,21.5,2.71
2022-02-11T03:00:00,306.147,214.303,91.844,21.5,2.71
2022-02-11T04:00:00,400.0,280.0,120.0,21.51,2.72
2022-02-11T05:00:00,487.009,340.906,146.103,21.51,2.72
2022-02-11T06:00:00,565.685,395.98,169.706,21.52,2.73
2022-02-11T07:00:00,634.683,444.278,190.405,21.52,2.73
2022-02-11T08:00:00,692.82,484.974,207.846,21.53,2.74
2022-02-11T09:00:00,739.104,517.373,221.731,21.54,2.74
2022-02-11T10:00:00,772.741,540.918,231.822,21.54,2.75
2022-02-11T11:00:00,793.156,555.209,237.947,21.55,2.75
2022-02-11T12:00:00,800.0,560.0,240.0,21.55,2.76
2022-02-11T13:00:00,793.156,555.209,237.947,21.56,2.76
2022-02-11T14:00:00,772.741,540.918,231.822,21.56,2.77
2022-02-11T15:00:00,739.104,517.373,221.731,21.57,2.77
2022-02-11T16:00:00,692.82,484.974,207.846,21.57,2.78
2022-02-11T17:00:00,634.683,444.278,190.405,21.58,2.78
2022-02-11T18:00:00,565.685,395.98,169.706,21.58,2.79
2022-02-11T19:00:00,487.009,340.906,146.103,21.59,2.79
2022-02-11T20:00:00,400.0,280.0,120.0,21.59,2.79
2022-02-11T21:00:00,306.147,214.303,91.844,21.6,2.8
2022-02-11T22:00:00,207.055,144.939,62.117,21.61,2.8
2022-02-11T23:00:00,104.421,73.095,31.326,21.61,2.81
2022-02-12T00:00:00,0.0,0.0,0.0,21.62,2.81
2022-02-12T01:00:00,104.421,73.095,31.326,21.62,2.82
2022-02-12T02:00:00,207.055,144.939,62.117,21.63,2.82
2022-02-12T03:00:00,306.147,214.303,91.844,21.63,2.82
2022-02-12T04:00:00,400.0,280.0,120.0,21.64,2.83
2022-02-12T05:00:00,487.009,340.906,146.103,21.64,2.83
2022-02-12T06:00:00,565.685,395.98,169.706,21.65,2.84
2022-02-12T07:00:00,634.683,444.278,190.405,21.65,2.84
2022-02-12T08:00:00,692.82,484.974,207.846,21.66,2.84
2022-02-12T09:00:00,739.104,517.373,221.731,21.66,2.85
2022-02-12T10:00:00,772.741,540.918,231.822,21.67,2.85
2022-02-12T11:00:00,793.156,555.209,237.947,21.68,2.86
2022-02-12T12:00:00,800.0,560.0,240.0,21.68,2.86
2022-02-12T13:00:00,793.156,555.209,237.947,21.69,2.86
2022-02-12T14:00:00,772.741,540.918,231.822,21.69,2.87
2022-02-12T15:00:00,739.104,517.373,221.731,21.7,2.87
2022-02-12T16:00:00,692.82,484.974,207.846,21.7,2.87
2022-02-12T17:00:00,634.683,444.278,190.405,21.71,2.88
2022-02-12T18:00:00,565.685,395.98,169.706,21.71,2.88
2022-02-12T19:00:00,487.009,340.906,146.103,21.72,2.88
2022-02-12T20:00:00,400.0,280.0,120.0,21.72,2.89
2022-02-12T21:00:00,306.147,214.303,91.844,21.73,2.89
2022-02-12T22:00:00,207.055,144.939,62.117,21.73,2.89
2022-02-12T23:00:00,104.421,73.095,31.326,21.74,2.9
2022-02-13T00:00:00,0.0,0.0,0.0,21.74,2.9
2022-02-13T01:00:00,104.421,73.095,31.326,21.75,2.9
2022-02-13T02:00:00,207.055,144.939,62.117,21.76,2.91
2022-02-13T03:00:00,306.147,214.303,91.844,21.76,2.91
2022-02-13T04:00:00,400.0,280.0,120.0,21.77,2.91
2022-02-13T05:00:00,487.009,340.906,146.103,21.77,2.91
2022-02-13T06:00:00,565.685,395.98,169.706,21.78,2.92
2022-02-13T07:00:00,634.683,444.278,190.405,21.78,2.92
2022-02-13T08:00:00,692.82,484.974,207.846,21.79,2.92
2022-02-13T09:00:00,739.104,517.373,221.731,21.79,2.93
2022-02-13T10:00:00,772.741,540.918,231.822,21.8,2.93
2022-02-13T11:00:00,793.156,555.209,237.947,21.8,2.93
2022-02-13T12:00:00,800.0,560.0,240.0,21.81,2.93
2022-02-13T13:00:00,793.156,555.209,237.947,21.81,2.94
2022-02-13T14:00:00,772.741,540.918,231.822,21.82,2.94
2022-02-13T15:00:00,739.104,517.373,221.731,21.82,2.94
2022-02-13T16:00:00,692.82,484.974,207.846,21.83,2.94
2022-02-13T17:00:00,634.683,444.278,190.405,21.83,2.95
2022-02-13T18:00:00,565.685,395.98,169.706,21.84,2.95
2022-02-13T19:00:00,487.009,340.906,146.103,21.84,2.95
2022-02-13T20:00:00,400.0,280.0,120.0,21.85,2.95
2022-02-13T21:00:00,306.147,214.303,91.844,21.85,2.95
2022-02-13T22:00:00,207.055,144.939,62.117,21.86,2.96
2022-02-13T23:00:00,104.421,73.095,31.326,21.87,2.96
2022-02-14T00:00:00,0.0,0.0,0.0,21.87,2.96
2022-02-14T01:00:00,104.421,73.095,31.326,21.88,2.96
2022-02-14T02:00:00,207.055,144.939,62.117,21.88,2.96
2022-02-14T03:00:00,306.147,214.303,91.844,21.89,2.97
2022-02-14T04:00:00,400.0,280.0,120.0,21.89,2.97
2022-02-14T05:00:00,487.009,340.906,146.103,21.9,2.97
2022-02-14T06:00:00,565.685,395.98,169.706,21.9,2.97
2022-02-14T07:00:00,634.683,444.278,190.405,21.91,2.97
2022-02-14T08:00:00,692.82,484.974,207.846,21.91,2.98
2022-02-14T09:00:00,739.104,517.373,221.731,21.92,2.98
2022-02-14T10:00:00,772.741,540.918,231.822,21.92,2.98
2022-02-14T11:00:00,793.156,555.209,237.947,21.93,2.98
2022-02-14T12:00:00,800.0,560.0,240.0,21.93,2.98
2022-02-14T13:00:00,793.156,555.209,237.947,21.94,2.98
2022-02-14T14:00:00,772.741,540.918,231.822,21.94,2.98
2022-02-14T15:00:00,739.104,517.373,221.731,21.95,2.99
2022-02-14T16:00:00,692.82,484.974,207.846,21.95,2.99
2022-02-14T17:00:00,634.683,444.278,190.405,21.96,2.99
2022-02-14T18:00:00,565.685,395.98,169.706,21.96,2.99
2022-02-14T19:00:00,487.009,340.906,146.103,21.97,2.99
2022-02-14T20:00:00,400.0,280.0,120.0,21.97,2.99
2022-02-14T21:00:00,306.147,214.303,91.844,21.98,2.99
2022-02-14T22:00:00,207.055,144.939,62.117,21.98,2.99
2022-02-14T23:00:00,104.421,73.095,31.326,21.99,2.99
2022-02-15T00:00:00,0.0,0.0,0.0,21.99,2.99
2022-02-15T01:00:00,104.421,73.095,31.326,22.0,2.99
2022-02-15T02:00:00,207.055,144.939,62.117,22.0,3.0
2022-02-15T03:00:00,306.147,214.303,91.844,22.01,3.0
2022-02-15T04:00:00,400.0,280.0,120.0,22.02,3.0
2022-02-15T05:00:00,487.009,340.906,146.103,22.02,3.0
2022-02-15T06:00:00,565.685,395.98,169.706,22.03,3.0
2022-02-15T07:00:00,634.683,444.278,190.405,22.03,3.0
2022-02-15T08:00:00,692.82,484.974,207.846,22.04,3.0
2022-02-15T09:00:00,739.104,517.373,221.731,22.04,3.0
2022-02-15T10:00:00,772.741,540.918,231.822,22.05,3.0
2022-02-15T11:00:00,793.156,555.209,237.947,22.05,3.0
2022-02-15T12:00:00,800.0,560.0,240.0,22.06,3.0
2022-02-15T13:00:00,793.156,555.209,237.947,22.06,3.0
2022-02-15T14:00:00,772.741,540.918,231.822,22.07,3.0
2022-02-15T15:00:00,739.104,517.373,221.731,22.07,3.0
2022-02-15T16:00:00,692.82,484.974,207.846,22.08,3.0
2022-02-15T17:00:00,634.683,444.278,190.405,22.08,3.0
2022-02-15T18:00:00,565.685,395.98,169.706,22.09,3.0
2022-02-15T19:00:00,487.009,340.906,146.103,22.09,3.0
2022-02-15T20:00:00,400.0,280.0,120.0,22.1,3.0
2022-02-15T21:00:00,306.147,214.303,91.844,22.1,3.0
2022-02-15T22:00:00,207.055,144.939,62.117,22.11,3.0
2022-02-15T23:00:00,104.421,73.095,31.326,22.11,3.0
2022-02-16T00:00:00,0.0,0.0,0.0,22.12,3.0
2022-02-16T01:00:00,104.421,73.095,31.326,22.12,3.0
2022-02-16T02:00:00,207.055,144.939,62.117,22.13,3.0
2022-02-16T03:00:00,306.147,214.303,91.844,22.13,3.0
2022-02-16T04:00:00,400.0,280.0,120.0,22.14,3.0
2022-02-16T05:00:00,487.009,340.906,146.103,22.14,2.99
2022-02-16T06:00:00,565.685,395.98,169.706,22.15,2.99
2022-02-16T07:00:00,634.683,444.278,190.405,22.15,2.99
2022-02-16T08:00:00,692.82,484.974,207.846,22.16,2.99
2022-02-16T09:00:00,739.104,517.373,221.731,22.16,2.99
2022-02-16T10:00:00,772.741,540.918,231.822,22.17,2.99
2022-02-16T11:00:00,793.156,555.209,237.947,22.17,2.99
2022-02-16T12:00:00,800.0,560.0,240.0,22.18,2.99
2022-02-16T13:00:00,793.156,555.209,237.947,22.18,2.99
2022-02-16T14:00:00,772.741,540.918,231.822,22.19,2.99
2022-02-16T15:00:00,739.104,517.373,221.731,22.19,2.99
2022-02-16T16:00:00,692.82,484.974,207.846,22.2,2.98
2022-02-16T17:00:00,634.683,444.278,190.405,22.2,2.98
2022-02-16T18:00:00,565.685,395.98,169.706,22.21,2.98
2022-02-16T19:00:00,487.009,340.906,146.103,22.21,2.98
2022-02-16T20:00:00,400.0,280.0,120.0,22.22,2.98
2022-02-16T21:00:00,306.147,214.303,91.844,22.22,2.98
2022-02-16T22:00:00,207.055,144.939,62.117,22.23,2.98
2022-02-16T23:00:00,104.421,73.095,31.326,22.23,2.97
2022-02-17T00:00:00,0.0,0.0,0.0,22.24,2.97
2022-02-17T01:00:00,104.421,73.095,31.326,22.24,2.97
2022-02-17T02:00:00,207.055,144.939,62.117,22.25,2.97
2022-02-17T03:00:00,306.147,214.303,91.844,22.25,2.97
2022-02-17T04:00:00,400.0,280.0,120.0,22.26,2.96
2022-02-17T05:00:00,487.009,340.906,146.103,22.26,2.96
2022-02-17T06:00:00,565.685,395.98,169.706,22.27,2.96
2022-02-17T07:00:00,634.683,444.278,190.405,22.27,2.96
2022-02-17T08:00:00,692.82,484.974,207.846,22.28,2.96
2022-02-17T09:00:00,739.104,517.373,221.731,22.28,2.95
2022-02-17T10:00:00,772.741,540.918,231.822,22.29,2.95
2022-02-17T11:00:00,793.156,555.209,237.947,22.29,2.95
2022-02-17T12:00:00,800.0,560.0,240.0,22.3,2.95
2022-02-17T13:00:00,793.156,555.209,237.947,22.3,2.95
2022-02-17T14:00:00,772.741,540.918,231.822,22.31,2.94
2022-02-17T15:00:00,739.104,517.373,221.731,22.31,2.94
2022-02-17T16:00:00,692.82,484.974,207.846,22.32,2.94
2022-02-17T17:00:00,634.683,444.278,190.405,22.32,2.94
2022-02-17T18:00:00,565.685,395.98,169.706,22.32,2.93
2022-02-17T19:00:00,487.009,340.906,146.103,22.33,2.93
2022-02-17T20:00:00,400.0,280.0,120.0,22.33,2.93
2022-02-17T21:00:00,306.147,214.303,91.844,22.34,2.93
2022-02-17T22:00:00,207.055,144.939,62.117,22.34,2.92
2022-02-17T23:00:00,104.421,73.095,31.326,22.35,2.92
2022-02-18T00:00:00,0.0,0.0,0.0,22.35,2.92
2022-02-18T01:00:00,104.421,73.095,31.326,22.36,2.91
2022-02-18T02:00:00,207.055,144.939,62.117,22.36,2.91
2022-02-18T03:00:00,306.147,214.303,91.844,22.37,2.91
2022-02-18T04:00:00,400.0,280.0,120.0,22.37,2.91
2022-02-18T05:00:00,487.009,340.906,146.103,22.38,2.9
2022-02-18T06:00:00,565.685,395.98,169.706,22.38,2.9
2022-02-18T07:00:00,634.683,444.278,190.405,22.39,2.9
2022-02-18T08:00:00,692.82,484.974,207.846,22.39,2.89
2022-02-18T09:00:00,739.104,517.373,221.731,22.4,2.89
2022-02-18T10:00:00,772.741,540.918,231.822,22.4,2.89
2022-02-18T11:00:00,793.156,555.209,237.947,22.41,2.88
2022-02-18T12:00:00,800.0,560.0,240.0,22.41,2.88
2022-02-18T13:00:00,793.156,555.209,237.947,22.42,2.88
2022-02-18T14:00:00,772.741,540.918,231.822,22.42,2.87
2022-02-18T15:00:00,739.104,517.373,221.731,22.43,2.87
2022-02-18T16:00:00,692.82,484.974,207.846,22.43,2.87
2022-02-18T17:00:00,634.683,444.278,190.405,22.44,2.86
2022-02-18T18:00:00,565.685,395.98,169.706,22.44,2.86
2022-02-18T19:00:00,487.009,340.906,146.103,22.45,2.86
2022-02-18T20:00:00,400.0,280.0,120.0,22.45,2.85
2022-02-18T21:00:00,306.147,214.303,91.844,22.46,2.85
2022-02-18T22:00:00,207.055,144.939,62.117,22.46,2.84
2022-02-18T23:00:00,104.421,73.095,31.326,22.46,2.84
2022-02-19T00:00:00,0.0,0.0,0.0,22.47,2.84
2022-02-19T01:00:00,104.421,73.095,31.326,22.47,2.83
2022-02-19T02:00:00,207.055,144.939,62.117,22.48,2.83
2022-02-19T03:00:00,306.147,214.303,91.844,22.48,2.82
2022-02-19T04:00:00,400.0,280.0,120.0,22.49,2.82
2022-02-19T05:00:00,487.009,340.906,146.103,22.49,2.82
2022-02-19T06:00:00,565.685,395.98,169.706,22.5,2.81
2022-02-19T07:00:00,634.683,444.278,190.405,22.5,2.81
2022-02-19T08:00:00,692.82,484.974,207.846,22.51,2.8
2022-02-19T09:00:00,739.104,517.373,221.731,22.51,2.8
2022-02-19T10:00:00,772.741,540.918,231.822,22.52,2.79
2022-02-19T11:00:00,793.156,555.209,237.947,22.52,2.79
2022-02-19T12:00:00,800.0,560.0,240.0,22.53,2.79
2022-02-19T13:00:00,793.156,555.209,237.947,22.53,2.78
2022-02-19T14:00:00,772.741,540.918,231.822,22.54,2.78
2022-02-19T15:00:00,739.104,517.373,221.731,22.54,2.77
2022-02-19T16:00:00,692.82,484.974,207.846,22.55,2.77
2022-02-19T17:00:00,634.683,444.278,190.405,22.55,2.76
2022-02-19T18:00:00,565.685,395.98,169.706,22.55,2.76
2022-02-19T19:00:00,487.009,340.906,146.103,22.56,2.75
2022-02-19T20:00:00,400.0,280.0,120.0,22.56,2.75
2022-02-19T21:00:00,306.147,214.303,91.844,22.57,2.74
2022-02-19T22:00:00,207.055,144.939,62.117,22.57,2.74
2022-02-19T23:00:00,104.421,73.095,31.326,22.58,2.73
2022-02-20T00:00:00,0.0,0.0,0.0,22.58,2.73
2022-02-20T01:00:00,104.421,73.095,31.326,22.59,2.72
2022-02-20T02:00:00,207.055,144.939,62.117,22.59,2.72
2022-02-20T03:00:00,306.147,214.303,91.844,22.6,2.71
2022-02-20T04:00:00,400.0,280.0,120.0,22.6,2.71
2022-02-20T05:00:00,487.009,340.906,146.103,22.61,2.7
2022-02-20T06:00:00,565.685,395.98,169.706,22.61,2.7
2022-02-20T07:00:00,634.683,444.278,190.405,22.62,2.69
2022-02-20T08:00:00,692.82,484.974,207.846,22.62,2.69
2022-02-20T09:00:00,739.104,517.373,221.731,22.62,2.68
2022-02-20T10:00:00,772.741,540.918,231.822,22.63,2.68
2022-02-20T11:00:00,793.156,555.209,237.947,22.63,2.67
2022-02-20T12:00:00,800.0,560.0,240.0,22.64,2.67
2022-02-20T13:00:00,793.156,555.209,237.947,22.64,2.66
2022-02-20T14:00:00,772.741,540.918,231.822,22.65,2.66
2022-02-20T15:00:00,739.104,517.373,221.731,22.65,2.65
2022-02-20T16:00:00,692.82,484.974,207.846,22.66,2.65
2022-02-20T17:00:00,634.683,444.278,190.405,22.66,2.64
2022-02-20T18:00:00,565.685,395.98,169.706,22.67,2.64
2022-02-20T19:00:00,487.009,340.906,146.103,22.67,2.63
2022-02-20T20:00:00,400.0,280.0,120.0,22.68,2.62
2022-02-20T21:00:00,306.147,214.303,91.844,22.68,2.62
2022-02-20T22:00:00,207.055,144.939,62.117,22.68,2.61
2022-02-20T23:00:00,104.421,73.095,31.326,22.69,2.61
2022-02-21T00:00:00,0.0,0.0,0.0,22.69,2.6
2022-02-21T01:00:00,104.421,73.095,31.326,22.7,2.6
2022-02-21T02:00:00,207.055,144.939,62.117,22.7,2.59
2022-02-21T03:00:00,306.147,214.303,91.844,22.71,2.58
2022-02-21T04:00:00,400.0,280.0,120.0,22.71,2.58
2022-02-21T05:00:00,487.009,340.906,146.103,22.72,2.57
2022-02-21T06:00:00,565.685,395.98,169.706,22.72,2.57
2022-02-21T07:00:00,634.683,444.278,190.405,22.73,2.56
2022-02-21T08:00:00,692.82,484.974,207.846,22.73,2.55
2022-02-21T09:00:00,739.104,517.373,221.731,22.74,2.55
2022-02-21T10:00:00,772.741,540.918,231.822,22.74,2.54
2022-02-21T11:00:00,793.156,555.209,237.947,22.74,2.54
2022-02-21T12:00:00,800.0,560.0,240.0,22.75,2.53
2022-02-21T13:00:00,793.156,555.209,237.947,22.75,2.52
2022-02-21T14:00:00,772.741,540.918,231.822,22.76,2.52
2022-02-21T15:00:00,739.104,517.373,221.731,22.76,2.51
2022-02-21T16:00:00,692.82,484.974,207.846,22.77,2.51
2022-02-21T17:00:00,634.683,444.278,190.405,22.77,2.5
2022-02-21T18:00:00,565.685,395.98,169.706,22.78,2.49
2022-02-21T19:00:00,487.009,340.906,146.103,22.78,2.49
2022-02-21T20:00:00,400.0,280.0,120.0,22.78,2.48
2022-02-21T21:00:00,306.147,214.303,91.844,22.79,2.47
2022-02-21T22:00:00,207.055,144.939,62.117,22.79,2.47
2022-02-21T23:00:00,104.421,73.095,31.326,22.8,2.46
2022-02-22T00:00:00,0.0,0.0,0.0,22.8,2.46
2022-02-22T01:00:00,104.421,73.095,31.326,22.81,2.45
2022-02-22T02:00:00,207.055,144.939,62.117,22.81,2.44
2022-02-22T03:00:00,306.147,214.303,91.844,22.82,2.44
2022-02-22T04:00:00,400.0,280.0,120.0,22.82,2.43
2022-02-22T05:00:00,487.009,340.906,146.103,22.83,2.42
2022-02-22T06:00:00,565.685,395.98,169.706,22.83,2.42
2022-02-22T07:00:00,634.683,444.278,190.405,22.83,2.41
2022-02-22T08:00:00,692.82,484.974,207.846,22.84,2.4
2022-02-22T09:00:00,739.104,517.373,221.731,22.84,2.4
2022-02-22T10:00:00,772.741,540.918,231.822,22.85,2.39
2022-02-22T11:00:00,793.156,555.209,237.947,22.85,2.38
2022-02-22T12:00:00,800.0,560.0,240.0,22.86,2.38
2022-02-22T13:00:00,793.156,555.209,237.947,22.86,2.37
2022-02-22T14:00:00,772.741,540.918,231.822,22.87,2.36
2022-02-22T15:00:00,739.104,517.373,221.731,22.87,2.36
2022-02-22T16:00:00,692.82,484.974,207.846,22.87,2.35
2022-02-22T17:00:00,634.683,444.278,190.405,22.88,2.34
2022-02-22T18:00:00,565.685,395.98,169.706,22.88,2.34
2022-02-22T19:00:00,487.009,340.906,146.103,22.89,2.33
2022-02-22T20:00:00,400.0,280.0,120.0,22.89,2.32
2022-02-22T21:00:00,306.147,214.303,91.844,22.9,2.32
2022-02-22T22:00:00,207.055,144.939,62.117,22.9,2.31
2022-02-22T23:00:00,104.421,73.095,31.326,22.91,2.3
2022-02-23T00:00:00,0.0,0.0,0.0,22.91,2.3
2022-02-23T01:00:00,104.421,73.095,31.326,22.91,2.29
2022-02-23T02:00:00,207.055,144.939,62.117,22.92,2.28
2022-02-23T03:00:00,306.147,214.303,91.844,22.92,2.28
2022-02-23T04:00:00,400.0,280.0,120.0,22.93,2.27
2022-02-23T05:00:00,487.009,340.906,146.103,22.93,2.26
2022-02-23T06:00:00,565.685,395.98,169.706,22.94,2.26
2022-02-23T07:00:00,634.683,444.278,190.405,22.94,2.25
2022-02-23T08:00:00,692.82,484.974,207.846,22.94,2.24
2022-02-23T09:00:00,739.104,517.373,221.731,22.95,2.23
2022-02-23T10:00:00,772.741,540.918,231.822,22.95,2.23
2022-02-23T11:00:00,793.156,555.209,237.947,22.96,2.22
2022-02-23T12:00:00,800.0,560.0,240.0,22.96,2.21
2022-02-23T13:00:00,793.156,555.209,237.947,22.97,2.21
2022-02-23T14:00:00,772.741,540.918,231.822,22.97,2.2
2022-02-23T15:00:00,739.104,517.373,221.731,22.97,2.19
2022-02-23T16:00:00,692.82,484.974,207.846,22.98,2.19
2022-02-23T17:00:00,634.683,444.278,190.405,22.98,2.18
2022-02-23T18:00:00,565.685,395.98,169.706,22.99,2.17
2022-02-23T19:00:00,487.009,340.906,146.103,22.99,2.16
2022-02-23T20:00:00,400.0,280.0,120.0,23.0,2.16
2022-02-23T21:00:00,306.147,214.303,91.844,23.0,2.15
2022-02-23T22:00:00,207.055,144.939,62.117,23.01,2.14
2022-02-23T23:00:00,104.421,73.095,31.326,23.01,2.14
2022-02-24T00:00:00,0.0,0.0,0.0,23.01,2.13
2022-02-24T01:00:00,104.421,73.095,31.326,23.02,2.12
2022-02-24T02:00:00,207.055,144.939,62.117,23.02,2.11
2022-02-24T03:00:00,306.147,214.303,91.844,23.03,2.11
2022-02-24T04:00:00,400.0,280.0,120.0,23.03,2.1
2022-02-24T05:00:00,487.009,340.906,146.103,23.04,2.09
2022-02-24T06:00:00,565.685,395.98,169.706,23.04,2.09
2022-02-24T07:00:00,634.683,444.278,190.405,23.04,2.08
2022-02-24T08:00:00,692.82,484.974,207.846,23.05,2.07
2022-02-24T09:00:00,739.104,517.373,221.731,23.05,2.06
2022-02-24T10:00:00,772.741,540.918,231.822,23.06,2.06
2022-02-24T11:00:00,793.156,555.209,237.947,23.06,2.05
2022-02-24T12:00:00,800.0,560.0,240.0,23.06,2.04
2022-02-24T13:00:00,793.156,555.209,237.947,23.07,2.04
2022-02-24T14:00:00,772.741,540.918,231.822,23.07,2.03
2022-02-24T15:00:00,739.104,517.373,221.731,23.08,2.02
2022-02-24T16:00:00,692.82,484.974,207.846,23.08,2.01
2022-02-24T17:00:00,634.683,444.278,190.405,23.09,2.01
2022-02-24T18:00:00,565.685,395.98,169.706,23.09,2.0
2022-02-24T19:00:00,487.009,340.906,146.103,23.09,2.01
2022-02-24T20:00:00,400.0,280.0,120.0,23.1,2.01
2022-02-24T21:00:00,306.147,214.303,91.844,23.1,2.02
2022-02-24T22:00:00,207.055,144.939,62.117,23.11,2.03
2022-02-24T23:00:00,104.421,73.095,31.326,23.11,2.04
2022-02-25T00:00:00,0.0,0.0,0.0,23.12,2.04
2022-02-25T01:00:00,104.421,73.095,31.326,23.12,2.05
2022-02-25T02:00:00,207.055,144.939,62.117,23.12,2.06
2022-02-25T03:00:00,306.147,214.303,91.844,23.13,2.06
2022-02-25T04:00:00,400.0,280.0,120.0,23.13,2.07
2022-02-25T05:00:00,487.009,340.906,146.103,23.14,2.08
2022-02-25T06:00:00,565.685,395.98,169.706,23.14,2.09
2022-02-25T07:00:00,634.683,444.278,190.405,23.14,2.09
2022-02-25T08:00:00,692.82,484.974,207.846,23.15,2.1
2022-02-25T09:00:00,739.104,517.373,221.731,23.15,2.11
2022-02-25T10:00:00,772.741,540.918,231.822,23.16,2.11
2022-02-25T11:00:00,793.156,555.209,237.947,23.16,2.12
2022-02-25T12:00:00,800.0,560.0,240.0,23.17,2.13
2022-02-25T13:00:00,793.156,555.209,237.947,23.17,2.14
2022-02-25T14:00:00,772.741,540.918,231.822,23.17,2.14
2022-02-25T15:00:00,739.104,517.373,221.731,23.18,2.15
2022-02-25T16:00:00,692.82,484.974,207.846,23.18,2.16
2022-02-25T17:00:00,634.683,444.278,190.405,23.19,2.16
2022-02-25T18:00:00,565.685,395.98,169.706,23.19,2.17
2022-02-25T19:00:00,487.009,340.906,146.103,23.19,2.18
2022-02-25T20:00:00,400.0,280.0,120.0,23.2,2.19
2022-02-25T21:00:00,306.147,214.303,91.844,23.2,2.19
2022-02-25T22:00:00,207.055,144.939,62.117,23.21,2.2
2022-02-25T23:00:00,104.421,73.095,31.326,23.21,2.21
2022-02-26T00:00:00,0.0,0.0,0.0,23.21,2.21
2022-02-26T01:00:00,104.421,73.095,31.326,23.22,2.22
2022-02-26T02:00:00,207.055,144.939,62.117,23.22,2.23
2022-02-26T03:00:00,306.147,214.303,91.844,23.23,2.23
2022-02-26T04:00:00,400.0,280.0,120.0,23.23,2.24
2022-02-26T05:00:00,487.009,340.906,146.103,23.24,2.25
2022-02-26T06:00:00,565.685,395.98,169.706,23.24,2.26
2022-02-26T07:00:00,634.683,444.278,190.405,23.24,2.26
2022-02-26T08:00:00,692.82,484.974,207.846,23.25,2.27
2022-02-26T09:00:00,739.104,517.373,221.731,23.25,2.28
2022-02-26T10:00:00,772.741,540.918,231.822,23.26,2.28
2022-02-26T11:00:00,793.156,555.209,237.947,23.26,2.29
2022-02-26T12:00:00,800.0,560.0,240.0,23.26,2.3
2022-02-26T13:00:00,793.156,555.209,237.947,23.27,2.3
2022-02-26T14:00:00,772.741,540.918,231.822,23.27,2.31
2022-02-26T15:00:00,739.104,517.373,221.731,23.28,2.32
2022-02-26T16:00:00,692.82,484.974,207.846,23.28,2.32
2022-02-26T17:00:00,634.683,444.278,190.405,23.28,2.33
2022-02-26T18:00:00,565.685,395.98,169.706,23.29,2.34
2022-02-26T19:00:00,487.009,340.906,146.103,23.29,2.34
2022-02-26T20:00:00,400.0,280.0,120.0,23.3,2.35
2022-02-26T21:00:00,306.147,214.303,91.844,23.3,2.36
2022-02-26T22:00:00,207.055,144.939,62.117,23.3,2.36
2022-02-26T23:00:00,104.421,73.095,31.326,23.31,2.37
2022-02-27T00:00:00,0.0,0.0,0.0,23.31,2.38
2022-02-27T01:00:00,104.421,73.095,31.326,23.32,2.38
2022-02-27T02:00:00,207.055,144.939,62.117,23.32,2.39
2022-02-27T03:00:00,306.147,214.303,91.844,23.32,2.4
2022-02-27T04:00:00,400.0,280.0,120.0,23.33,2.4
2022-02-27T05:00:00,487.009,340.906,146.103,23.33,2.41
2022-02-27T06:00:00,565.685,395.98,169.706,23.34,2.42
2022-02-27T07:00:00,634.683,444.278,190.405,23.34,2.42
2022-02-27T08:00:00,692.82,484.974,207.846,23.34,2.43
2022-02-27T09:00:00,739.104,517.373,221.731,23.35,2.44
2022-02-27T10:00:00,772.741,540.918,231.822,23.35,2.44
2022-02-27T11:00:00,793.156,555.209,237.947,23.36,2.45
2022-02-27T12:00:00,800.0,560.0,240.0,23.36,2.46
2022-02-27T13:00:00,793.156,555.209,237.947,23.36,2.46
2022-02-27T14:00:00,772.741,540.918,231.822,23.37,2.47
2022-02-27T15:00:00,739.104,517.373,221.731,23.37,2.47
2022-02-27T16:00:00,692.82,484.974,207.846,23.37,2.48
2022-02-27T17:00:00,634.683,444.278,190.405,23.38,2.49
2022-02-27T18:00:00,565.685,395.98,169.706,23.38,2.49
2022-02-27T19:00:00,487.009,340.906,146.103,23.39,2.5
2022-02-27T20:00:00,400.0,280.0,120.0,23.39,2.51
2022-02-27T21:00:00,306.147,214.303,91.844,23.39,2.51
2022-02-27T22:00:00,207.055,144.939,62.117,23.4,2.52
2022-02-27T23:00:00,104.421,73.095,31.326,23.4,2.52
2022-02-28T00:00:00,0.0,0.0,0.0,23.41,2.53
2022-02-28T01:00:00,104.421,73.095,31.326,23.41,2.54
2022-02-28T02:00:00,207.055,144.939,62.117,23.41,2.54
2022-02-28T03:00:00,306.147,214.303,91.844,23.42,2.55
2022-02-28T04:00:00,400.0,280.0,120.0,23.42,2.55
2022-02-28T05:00:00,487.009,340.906,146.103,23.43,2.56
2022-02-28T06:00:00,565.685,395.98,169.706,23.43,2.57
2022-02-28T07:00:00,634.683,444.278,190.405,23.43,2.57
2022-02-28T08:00:00,692.82,484.974,207.846,23.44,2.58
2022-02-28T09:00:00,739.104,517.373,221.731,23.44,2.58
2022-02-28T10:00:00,772.741,540.918,231.822,23.44,2.59
2022-02-28T11:00:00,793.156,555.209,237.947,23.45,2.6
2022-02-28T12:00:00,800.0,560.0,240.0,23.45,2.6
2022-02-28T13:00:00,793.156,555.209,237.947,23.46,2.61
2022-02-28T14:00:00,772.741,540.918,231.822,23.46,2.61
2022-02-28T15:00:00,739.104,517.373,221.731,23.46,2.62
2022-02-28T16:00:00,692.82,484.974,207.846,23.47,2.62
2022-02-28T17:00:00,634.683,444.278,190.405,23.47,2.63
2022-02-28T18:00:00,565.685,395.98,169.706,23.48,2.64
2022-02-28T19:00:00,487.009,340.906,146.103,23.48,2.64
2022-02-28T20:00:00,400.0,280.0,120.0,23.48,2.65
2022-02-28T21:00:00,306.147,214.303,91.844,23.49,2.65
2022-02-28T22:00:00,207.055,144.939,62.117,23.49,2.66
2022-02-28T23:00:00,104.421,73.095,31.326,23.49,2.66
2022-03-01T00:00:00,0.0,0.0,0.0,23.5,2.67
2022-03-01T01:00:00,104.421,73.095,31.326,23.5,2.67
2022-03-01T02:00:00,207.055,144.939,62.117,23.51,2.68
2022-03-01T03:00:00,306.147,214.303,91.844,23.51,2.68
2022-03-01T04:00:00,400.0,280.0,120.0,23.51,2.69
2022-03-01T05:00:00,487.009,340.906,146.103,23.52,2.69
2022-03-01T06:00:00,565.685,395.98,169.706,23.52,2.7
2022-03-01T07:00:00,634.683,444.278,190.405,23.52,2.7
2022-03-01T08:00:00,692.82,484.974,207.846,23.53,2.71
2022-03-01T09:00:00,739.104,517.373,221.731,23.53,2.71
2022-03-01T10:00:00,772.741,540.918,231.822,23.54,2.72
2022-03-01T11:00:00,793.156,555.209,237.947,23.54,2.72
2022-03-01T12:00:00,800.0,560.0,240.0,23.54,2.73
2022-03-01T13:00:00,793.156,555.209,237.947,23.55,2.73
2022-03-01T14:00:00,772.741,540.918,231.822,23.55,2.74
2022-03-01T15:00:00,739.104,517.373,221.731,23.55,2.74
2022-03-01T16:00:00,692.82,484.974,207.846,23.56,2.75
2022-03-01T17:00:00,634.683,444.278,190.405,23.56,2.75
2022-03-01T18:00:00,565.685,395.98,169.706,23.57,2.76
2022-03-01T19:00:00,487.009,340.906,146.103,23.57,2.76
2022-03-01T20:00:00,400.0,280.0,120.0,23.57,2.77
2022-03-01T21:00:00,306.147,214.303,91.844,23.58,2.77
2022-03-01T22:00:00,207.055,144.939,62.117,23.58,2.78
2022-03-01T23:00:00,104.421,73.095,31.326,23.58,2.78
2022-03-02T00:00:00,0.0,0.0,0.0,23.59,2.79
2022-03-02T01:00:00,104.421,73.095,31.326,23.59,2.79
2022-03-02T02:00:00,207.055,144.939,62.117,23.59,2.79
2022-03-02T03:00:00,306.147,214.303,91.844,23.6,2.8
2022-03-02T04:00:00,400.0,280.0,120.0,23.6,2.8
2022-03-02T05:00:00,487.009,340.906,146.103,23.61,2.81
2022-03-02T06:00:00,565.685,395.98,169.706,23.61,2.81
2022-03-02T07:00:00,634.683,444.278,190.405,23.61,2.82
2022-03-02T08:00:00,692.82,484.974,207.846,23.62,2.82
2022-03-02T09:00:00,739.104,517.373,221.731,23.62,2.82
2022-03-02T10:00:00,772.741,540.918,231.822,23.62,2.83
2022-03-02T11:00:00,793.156,555.209,237.947,23.63,2.83
2022-03-02T12:00:00,800.0,560.0,240.0,23.63,2.84
2022-03-02T13:00:00,793.156,555.209,237.947,23.64,2.84
2022-03-02T14:00:00,772.741,540.918,231.822,23.64,2.84
2022-03-02T15:00:00,739.104,517.373,221.731,23.64,2.85
2022-03-02T16:00:00,692.82,484.974,207.846,23.65,2.85
2022-03-02T17:00:00,634.683,444.278,190.405,23.65,2.86
2022-03-02T18:00:00,565.685,395.98,169.706,23.65,2.86
2022-03-02T19:00:00,487.009,340.906,146.103,23.66,2.86
2022-03-02T20:00:00,400.0,280.0,120.0,23.66,2.87
2022-03-02T21:00:00,306.147,214.303,91.844,23.66,2.87
2022-03-02T22:00:00,207.055,144.939,62.117,23.67,2.87
2022-03-02T23:00:00,104.421,73.095,31.326,23.67,2.88
2022-03-03T00:00:00,0.0,0.0,0.0,23.67,2.88
2022-03-03T01:00:00,104.421,73.095,31.326,23.68,2.88
2022-03-03T02:00:00,207.055,144.939,62.117,23.68,2.89
2022-03-03T03:00:00,306.147,214.303,91.844,23.69,2.89
2022-03-03T04:00:00,400.0,280.0,120.0,23.69,2.89
2022-03-03T05:00:00,487.009,340.906,146.103,23.69,2.9
2022-03-03T06:00:00,565.685,395.98,169.706,23.7,2.9
2022-03-03T07:00:00,634.683,444.278,190.405,23.7,2.9
2022-03-03T08:00:00,692.82,484.974,207.846,23.7,2.91
2022-03-03T09:00:00,739.104,517.373,221.731,23.71,2.91
2022-03-03T10:00:00,772.741,540.918,231.822,23.71,2.91
2022-03-03T11:00:00,793.156,555.209,237.947,23.71,2.91
2022-03-03T12:00:00,800.0,560.0,240.0,23.72,2.92
2022-03-03T13:00:00,793.156,555.209,237.947,23.72,2.92
2022-03-03T14:00:00,772.741,540.918,231.822,23.72,2.92
2022-03-03T15:00:00,739.104,517.373,221.731,23.73,2.93
2022-03-03T16:00:00,692.82,484.974,207.846,23.73,2.93
2022-03-03T17:00:00,634.683,444.278,190.405,23.73,2.93
2022-03-03T18:00:00,565.685,395.98,169.706,23.74,2.93
2022-03-03T19:00:00,487.009,340.906,146.103,23.74,2.94
2022-03-03T20:00:00,400.0,280.0,120.0,23.75,2.94
2022-03-03T21:00:00,306.147,214.303,91.844,23.75,2.94
2022-03-03T22:00:00,207.055,144.939,62.117,23.75,2.94
2022-03-03T23:00:00,104.421,73.095,31.326,23.76,2.95
2022-03-04T00:00:00,0.0,0.0,0.0,23.76,2.95
2022-03-04T01:00:00,104.421,73.095,31.326,23.76,2.95
2022-03-04T02:00:00,207.055,144.939,62.117,23.77,2.95
2022-03-04T03:00:00,306.147,214.303,91.844,23.77,2.95
2022-03-04T04:00:00,400.0,280.0,120.0,23.77,2.96
2022-03-04T05:00:00,487.009,340.906,146.103,23.78,2.96
2022-03-04T06:00:00,565.685,395.98,169.706,23.78,2.96
2022-03-04T07:00:00,634.683,444.278,190.405,23.78,2.96
2022-03-04T08:00:00,692.82,484.974,207.846,23.79,2.96
2022-03-04T09:00:00,739.104,517.373,221.731,23.79,2.97
2022-03-04T10:00:00,772.741,540.918,231.822,23.79,2.97
2022-03-04T11:00:00,793.156,555.209,237.947,23.8,2.97
2022-03-04T12:00:00,800.0,560.0,240.0,23.8,2.97
2022-03-04T13:00:00,793.156,555.209,237.947,23.8,2.97
2022-03-04T14:00:00,772.741,540.918,231.822,23.81,2.98
2022-03-04T15:00:00,739.104,517.373,221.731,23.81,2.98
2022-03-04T16:00:00,692.82,484.974,207.846,23.81,2.98
2022-03-04T17:00:00,634.683,444.278,190.405,23.82,2.98
2022-03-04T18:00:00,565.685,395.98,169.706,23.82,2.98
2022-03-04T19:00:00,487.009,340.906,146.103,23.82,2.98
2022-03-04T20:00:00,400.0,280.0,120.0,23.83,2.98
2022-03-04T21:00:00,306.147,214.303,91.844,23.83,2.99
2022-03-04T22:00:00,207.055,144.939,62.117,23.83,2.99
2022-03-04T23:00:00,104.421,73.095,31.326,23.84,2.99
2022-03-05T00:00:00,0.0,0.0,0.0,23.84,2.99
2022-03-05T01:00:00,104.421,73.095,31.326,23.84,2.99
2022-03-05T02:00:00,207.055,144.939,62.117,23.85,2.99
2022-03-05T03:00:00,306.147,214.303,91.844,23.85,2.99
2022-03-05T04:00:00,400.0,280.0,120.0,23.85,2.99
2022-03-05T05:00:00,487.009,340.906,146.103,23.86,2.99
2022-03-05T06:00:00,565.685,395.98,169.706,23.86,2.99
2022-03-05T07:00:00,634.683,444.278,190.405,23.86,2.99
2022-03-05T08:00:00,692.82,484.974,207.846,23.87,3.0
2022-03-05T09:00:00,739.104,517.373,221.731,23.87,3.0
2022-03-05T10:00:00,772.741,540.918,231.822,23.87,3.0
2022-03-05T11:00:00,793.156,555.209,237.947,23.88,3.0
2022-03-05T12:00:00,800.0,560.0,240.0,23.88,3.0
2022-03-05T13:00:00,793.156,555.209,237.947,23.88,3.0
2022-03-05T14:00:00,772.741,540.918,231.822,23.89,3.0
2022-03-05T15:00:00,739.104,517.373,221.731,23.89,3.0
2022-03-05T16:00:00,692.82,484.974,207.846,23.89,3.0
2022-03-05T17:00:00,634.683,444.278,190.405,23.9,3.0
2022-03-05T18:00:00,565.685,395.98,169.706,23.9,3.0
2022-03-05T19:00:00,487.009,340.906,146.103,23.9,3.0
2022-03-05T20:00:00,400.0,280.0,120.0,23.91,3.0
2022-03-05T21:00:00,306.147,214.303,91.844,23.91,3.0
2022-03-05T22:00:00,207.055,144.939,62.117,23.91,3.0
2022-03-05T23:00:00,104.421,73.095,31.326,23.92,3.0
2022-03-06T00:00:00,0.0,0.0,0.0,23.92,3.0
2022-03-06T01:00:00,104.421,73.095,31.326,23.92,3.0
2022-03-06T02:00:00,207.055,144.939,62.117,23.93,3.0
2022-03-06T03:00:00,306.147,214.303,91.844,23.93,3.0
2022-03-06T04:00:00,400.0,280.0,120.0,23.93,3.0
2022-03-06T05:00:00,487.009,340.906,146.103,23.94,3.0
2022-03-06T06:00:00,565.685,395.98,169.706,23.94,3.0
2022-03-06T07:00:00,634.683,444.278,190.405,23.94,3.0
2022-03-06T08:00:00,692.82,484.974,207.846,23.95,3.0
2022-03-06T09:00:00,739.104,517.373,221.731,23.95,3.0
2022-03-06T10:00:00,772.741,540.918,231.822,23.95,3.0
2022-03-06T11:00:00,793.156,555.209,237.947,23.96,2.99
2022-03-06T12:00:00,800.0,560.0,240.0,23.96,2.99
2022-03-06T13:00:00,793.156,555.209,237.947,23.96,2.99
2022-03-06T14:00:00,772.741,540.918,231.822,23.96,2.99
2022-03-06T15:00:00,739.104,517.373,221.731,23.97,2.99
2022-03-06T16:00:00,692.82,484.974,207.846,23.97,2.99
2022-03-06T17:00:00,634.683,444.278,190.405,23.97,2.99
2022-03-06T18:00:00,565.685,395.98,169.706,23.98,2.99
2022-03-06T19:00:00,487.009,340.906,146.103,23.98,2.99
2022-03-06T20:00:00,400.0,280.0,120.0,23.98,2.99
2022-03-06T21:00:00,306.147,214.303,91.844,23.99,2.99
2022-03-06T22:00:00,207.055,144.939,62.117,23.99,2.98
2022-03-06T23:00:00,104.421,73.095,31.326,23.99,2.98
2022-03-07T00:00:00,0.0,0.0,0.0,24.0,2.98
2022-03-07T01:00:00,104.421,73.095,31.326,24.0,2.98
2022-03-07T02:00:00,207.055,144.939,62.117,24.0,2.98
2022-03-07T03:00:00,306.147,214.303,91.844,24.01,2.98
2022-03-07T04:00:00,400.0,280.0,120.0,24.01,2.98
2022-03-07T05:00:00,487.009,340.906,146.103,24.01,2.97
2022-03-07T06:00:00,565.685,395.98,169.706,24.02,2.97
2022-03-07T07:00:00,634.683,444.278,190.405,24.02,2.97
2022-03-07T08:00:00,692.82,484.974,207.846,24.02,2.97
2022-03-07T09:00:00,739.104,517.373,221.731,24.02,2.97
2022-03-07T10:00:00,772.741,540.918,231.822,24.03,2.96
2022-03-07T11:00:00,793.156,555.209,237.947,24.03,2.96
2022-03-07T12:00:00,800.0,560.0,240.0,24.03,2.96
2022-03-07T13:00:00,793.156,555.209,237.947,24.04,2.96
2022-03-07T14:00:00,772.741,540.918,231.822,24.04,2.96
2022-03-07T15:00:00,739.104,517.373,221.731,24.04,2.95
2022-03-07T16:00:00,692.82,484.974,207.846,24.05,2.95
2022-03-07T17:00:00,634.683,444.278,190.405,24.05,2.95
2022-03-07T18:00:00,565.685,395.98,169.706,24.05,2.95
2022-03-07T19:00:00,487.009,340.906,146.103,24.05,2.95
2022-03-07T20:00:00,400.0,280.0,120.0,24.06,2.94
2022-03-07T21:00:00,306.147,214.303,91.844,24.06,2.94
2022-03-07T22:00:00,207.055,144.939,62.117,24.06,2.94
2022-03-07T23:00:00,104.421,73.095,31.326,24.07,2.94
2022-03-08T00:00:00,0.0,0.0,0.0,24.07,2.93
2022-03-08T01:00:00,104.421,73.095,31.326,24.07,2.93
2022-03-08T02:00:00,207.055,144.939,62.117,24.08,2.93
2022-03-08T03:00:00,306.147,214.303,91.844,24.08,2.93
2022-03-08T04:00:00,400.0,280.0,120.0,24.08,2.92
2022-03-08T05:00:00,487.009,340.906,146.103,24.09,2.92
2022-03-08T06:00:00,565.685,395.98,169.706,24.09,2.92
2022-03-08T07:00:00,634.683,444.278,190.405,24.09,2.91
2022-03-08T08:00:00,692.82,484.974,207.846,24.09,2.91
2022-03-08T09:00:00,739.104,517.373,221.731,24.1,2.91
2022-03-08T10:00:00,772.741,540.918,231.822,24.1,2.91
2022-03-08T11:00:00,793.156,555.209,237.947,24.1,2.9
2022-03-08T12:00:00,800.0,560.0,240.0,24.11,2.9
2022-03-08T13:00:00,793.156,555.209,237.947,24.11,2.9
2022-03-08T14:00:00,772.741,540.918,231.822,24.11,2.89
2022-03-08T15:00:00,739.104,517.373,221.731,24.11,2.89
2022-03-08T16:00:00,692.82,484.974,207.846,24.12,2.89
2022-03-08T17:00:00,634.683,444.278,190.405,24.12,2.88
2022-03-08T18:00:00,565.685,395.98,169.706,24.12,2.88
2022-03-08T19:00:00,487.009,340.906,146.103,24.13,2.88
2022-03-08T20:00:00,400.0,280.0,120.0,24.13,2.87
2022-03-08T21:00:00,306.147,214.303,91.844,24.13,2.87
2022-03-08T22:00:00,207.055,144.939,62.117,24.14,2.87
2022-03-08T23:00:00,104.421,73.095,31.326,24.14,2.86
2022-03-09T00:00:00,0.0,0.0,0.0,24.14,2.86
2022-03-09T01:00:00,104.421,73.095,31.326,24.14,2.86
2022-03-09T02:00:00,207.055,144.939,62.117,24.15,2.85
2022-03-09T03:00:00,306.147,214.303,91.844,24.15,2.85
2022-03-09T04:00:00,400.0,280.0,120.0,24.15,2.84
2022-03-09T05:00:00,487.009,340.906,146.103,24.16,2.84
2022-03-09T06:00:00,565.685,395.98,169.706,24.16,2.84
2022-03-09T07:00:00,634.683,444.278,190.405,24.16,2.83
2022-03-09T08:00:00,692.82,484.974,207.846,24.16,2.83
2022-03-09T09:00:00,739.104,517.373,221.731,24.17,2.82
2022-03-09T10:00:00,772.741,540.918,231.822,24.17,2.82
2022-03-09T11:00:00,793.156,555.209,237.947,24.17,2.82
2022-03-09T12:00:00,800.0,560.0,240.0,24.18,2.81
2022-03-09T13:00:00,793.156,555.209,237.947,24.18,2.81
2022-03-09T14:00:00,772.741,540.918,231.822,24.18,2.8
2022-03-09T15:00:00,739.104,517.373,221.731,24.18,2.8
2022-03-09T16:00:00,692.82,484.974,207.846,24.19,2.79
2022-03-09T17:00:00,634.683,444.278,190.405,24.19,2.79
2022-03-09T18:00:00,565.685,395.98,169.706,24.19,2.79
2022-03-09T19:00:00,487.009,340.906,146.103,24.2,2.78
2022-03-09T20:00:00,400.0,280.0,120.0,24.2,2.78
2022-03-09T21:00:00,306.147,214.303,91.844,24.2,2.77
2022-03-09T22:00:00,207.055,144.939,62.117,24.2,2.77
2022-03-09T23:00:00,104.421,73.095,31.326,24.21,2.76
2022-03-10T00:00:00,0.0,0.0,0.0,24.21,2.76
2022-03-10T01:00:00,104.421,73.095,31.326,24.21,2.75
2022-03-10T02:00:00,207.055,144.939,62.117,24.22,2.75
2022-03-10T03:00:00,306.147,214.303,91.844,24.22,2.74
2022-03-10T04:00:00,400.0,280.0,120.0,24.22,2.74
2022-03-10T05:00:00,487.009,340.906,146.103,24.22,2.73
2022-03-10T06:00:00,565.685,395.98,169.706,24.23,2.73
2022-03-10T07:00:00,634.683,444.278,190.405,24.23,2.72
2022-03-10T08:00:00,692.82,484.974,207.846,24.23,2.72
2022-03-10T09:00:00,739.104,517.373,221.731,24.23,2.71
2022-03-10T10:00:00,772.741,540.918,231.822,24.24,2.71
2022-03-10T11:00:00,793.156,555.209,237.947,24.24,2.7
2022-03-10T12:00:00,800.0,560.0,240.0,24.24,2.7
2022-03-10T13:00:00,793.156,555.209,237.947,24.25,2.69
2022-03-10T14:00:00,772.741,540.918,231.822,24.25,2.69
2022-03-10T15:00:00,739.104,517.373,221.731,24.25,2.68
2022-03-10T16:00:00,692.82,484.974,207.846,24.25,2.68
2022-03-10T17:00:00,634.683,444.278,190.405,24.26,2.67
2022-03-10T18:00:00,565.685,395.98,169.706,24.26,2.67
2022-03-10T19:00:00,487.009,340.906,146.103,24.26,2.66
2022-03-10T20:00:00,400.0,280.0,120.0,24.26,2.66
2022-03-10T21:00:00,306.147,214.303,91.844,24.27,2.65
2022-03-10T22:00:00,207.055,144.939,62.117,24.27,2.65
2022-03-10T23:00:00,104.421,73.095,31.326,24.27,2.64
2022-03-11T00:00:00,0.0,0.0,0.0,24.28,2.64
2022-03-11T01:00:00,104.421,73.095,31.326,24.28,2.63
2022-03-11T02:00:00,207.055,144.939,62.117,24.28,2.62
2022-03-11T03:00:00,306.147,214.303,91.844,24.28,2.62
2022-03-11T04:00:00,400.0,280.0,120.0,24.29,2.61
2022-03-11T05:00:00,487.009,340.906,146.103,24.29,2.61
2022-03-11T06:00:00,565.685,395.98,169.706,24.29,2.6
2022-03-11T07:00:00,634.683,444.278,190.405,24.29,2.6
2022-03-11T08:00:00,692.82,484.974,207.846,24.3,2.59
2022-03-11T09:00:00,739.104,517.373,221.731,24.3,2.58
2022-03-11T10:00:00,772.741,540.918,231.822,24.3,2.58
2022-03-11T11:00:00,793.156,555.209,237.947,24.3,2.57
2022-03-11T12:00:00,800.0,560.0,240.0,24.31,2.57
2022-03-11T13:00:00,793.156,555.209,237.947,24.31,2.56
2022-03-11T14:00:00,772.741,540.918,231.822,24.31,2.55
2022-03-11T15:00:00,739.104,517.373,221.731,24.32,2.55
2022-03-11T16:00:00,692.82,484.974,207.846,24.32,2.54
2022-03-11T17:00:00,634.683,444.278,190.405,24.32,2.54
2022-03-11T18:00:00,565.685,395.98,169.706,24.32,2.53
2022-03-11T19:00:00,487.009,340.906,146.103,24.33,2.52
2022-03-11T20:00:00,400.0,280.0,120.0,24.33,2.52
2022-03-11T21:00:00,306.147,214.303,91.844,24.33,2.51
2022-03-11T22:00:00,207.055,144.939,62.117,24.33,2.51
2022-03-11T23:00:00,104.421,73.095,31.326,24.34,2.5
2022-03-12T00:00:00,0.0,0.0,0.0,24.34,2.49
2022-03-12T01:00:00,104.421,73.095,31.326,24.34,2.49
2022-03-12T02:00:00,207.055,144.939,62.117,24.34,2.48
2022-03-12T03:00:00,306.147,214.303,91.844,24.35,2.47
2022-03-12T04:00:00,400.0,280.0,120.0,24.35,2.47
2022-03-12T05:00:00,487.009,340.906,146.103,24.35,2.46
2022-03-12T06:00:00,565.685,395.98,169.706,24.35,2.46
2022-03-12T07:00:00,634.683,444.278,190.405,24.36,2.45
2022-03-12T08:00:00,692.82,484.974,207.846,24.36,2.44
2022-03-12T09:00:00,739.104,517.373,221.731,24.36,2.44
2022-03-12T10:00:00,772.741,540.918,231.822,24.36,2.43
2022-03-12T11:00:00,793.156,555.209,237.947,24.37,2.42
2022-03-12T12:00:00,800.0,560.0,240.0,24.37,2.42
2022-03-12T13:00:00,793.156,555.209,237.947,24.37,2.41
2022-03-12T14:00:00,772.741,540.918,231.822,24.37,2.4
2022-03-12T15:00:00,739.104,517.373,221.731,24.38,2.4
2022-03-12T16:00:00,692.82,484.974,207.846,24.38,2.39
2022-03-12T17:00:00,634.683,444.278,190.405,24.38,2.38
2022-03-12T18:00:00,565.685,395.98,169.706,24.38,2.38
2022-03-12T19:00:00,487.009,340.906,146.103,24.39,2.37
2022-03-12T20:00:00,400.0,280.0,120.0,24.39,2.36
2022-03-12T21:00:00,306.147,214.303,91.844,24.39,2.36
2022-03-12T22:00:00,207.055,144.939,62.117,24.39,2.35
2022-03-12T23:00:00,104.421,73.095,31.326,24.4,2.34
2022-03-13T00:00:00,0.0,0.0,0.0,24.4,2.34
2022-03-13T01:00:00,104.421,73.095,31.326,24.4,2.33
2022-03-13T02:00:00,207.055,144.939,62.117,24.4,2.32
2022-03-13T03:00:00,306.147,214.303,91.844,24.41,2.32
2022-03-13T04:00:00,400.0,280.0,120.0,24.41,2.31
2022-03-13T05:00:00,487.009,340.906,146.103,24.41,2.3
2022-03-13T06:00:00,565.685,395.98,169.706,24.41,2.3
2022-03-13T07:00:00,634.683,444.278,190.405,24.42,2.29
2022-03-13T08:00:00,692.82,484.974,207.846,24.42,2.28
2022-03-13T09:00:00,739.104,517.373,221.731,24.42,2.28
2022-03-13T10:00:00,772.741,540.918,231.822,24.42,2.27
2022-03-13T11:00:00,793.156,555.209,237.947,24.43,2.26
2022-03-13T12:00:00,800.0,560.0,240.0,24.43,2.26
2022-03-13T13:00:00,793.156,555.209,237.947,24.43,2.25
2022-03-13T14:00:00,772.741,540.918,231.822,24.43,2.24
2022-03-13T15:00:00,739.104,517.373,221.731,24.43,2.23
2022-03-13T16:00:00,692.82,484.974,207.846,24.44,2.23
2022-03-13T17:00:00,634.683,444.278,190.405,24.44,2.22
2022-03-13T18:00:00,565.685,395.98,169.706,24.44,2.21
2022-03-13T19:00:00,487.009,340.906,146.103,24.44,2.21
2022-03-13T20:00:00,400.0,280.0,120.0,24.45,2.2
2022-03-13T21:00:00,306.147,214.303,91.844,24.45,2.19
2022-03-13T22:00:00,207.055,144.939,62.117,24.45,2.19
2022-03-13T23:00:00,104.421,73.095,31.326,24.45,2.18
2022-03-14T00:00:00,0.0,0.0,0.0,24.46,2.17
2022-03-14T01:00:00,104.421,73.095,31.326,24.46,2.16
2022-03-14T02:00:00,207.055,144.939,62.117,24.46,2.16
2022-03-14T03:00:00,306.147,214.303,91.844,24.46,2.15
2022-03-14T04:00:00,400.0,280.0,120.0,24.47,2.14
2022-03-14T05:00:00,487.009,340.906,146.103,24.47,2.14
2022-03-14T06:00:00,565.685,395.98,169.706,24.47,2.13
2022-03-14T07:00:00,634.683,444.278,190.405,24.47,2.12
2022-03-14T08:00:00,692.82,484.974,207.846,24.47,2.11
2022-03-14T09:00:00,739.104,517.373,221.731,24.48,2.11
2022-03-14T10:00:00,772.741,540.918,231.822,24.48,2.1
2022-03-14T11:00:00,793.156,555.209,237.947,24.48,2.09
2022-03-14T12:00:00,800.0,560.0,240.0,24.48,2.09
2022-03-14T13:00:00,793.156,555.209,237.947,24.49,2.08
2022-03-14T14:00:00,772.741,540.918,231.822,24.49,2.07
2022-03-14T15:00:00,739.104,517.373,221.731,24.49,2.06
2022-03-14T16:00:00,692.82,484.974,207.846,24.49,2.06
2022-03-14T17:00:00,634.683,444.278,190.405,24.49,2.05
2022-03-14T18:00:00,565.685,395.98,169.706,24.5,2.04
2022-03-14T19:00:00,487.009,340.906,146.103,24.5,2.04
2022-03-14T20:00:00,400.0,280.0,120.0,24.5,2.03
2022-03-14T21:00:00,306.147,214.303,91.844,24.5,2.02
2022-03-14T22:00:00,207.055,144.939,62.117,24.51,2.01
2022-03-14T23:00:00,104.421,73.095,31.326,24.51,2.01
2022-03-15T00:00:00,0.0,0.0,0.0,24.51,2.0
2022-03-15T01:00:00,104.421,73.095,31.326,24.51,2.01
2022-03-15T02:00:00,207.055,144.939,62.117,24.51,2.01
2022-03-15T03:00:00,306.147,214.303,91.844,24.52,2.02
2022-03-15T04:00:00,400.0,280.0,120.0,24.52,2.03
2022-03-15T05:00:00,487.009,340.906,146.103,24.52,2.04
2022-03-15T06:00:00,565.685,395.98,169.706,24.52,2.04
2022-03-15T07:00:00,634.683,444.278,190.405,24.53,2.05
2022-03-15T08:00:00,692.82,484.974,207.846,24.53,2.06
2022-03-15T09:00:00,739.104,517.373,221.731,24.53,2.06
2022-03-15T10:00:00,772.741,540.918,231.822,24.53,2.07
2022-03-15T11:00:00,793.156,555.209,237.947,24.53,2.08
2022-03-15T12:00:00,800.0,560.0,240.0,24.54,2.09
2022-03-15T13:00:00,793.156,555.209,237.947,24.54,2.09
2022-03-15T14:00:00,772.741,540.918,231.822,24.54,2.1
2022-03-15T15:00:00,739.104,517.373,221.731,24.54,2.11
2022-03-15T16:00:00,692.82,484.974,207.846,24.55,2.11
2022-03-15T17:00:00,634.683,444.278,190.405,24.55,2.12
2022-03-15T18:00:00,565.685,395.98,169.706,24.55,2.13
2022-03-15T19:00:00,487.009,340.906,146.103,24.55,2.14
2022-03-15T20:00:00,400.0,280.0,120.0,24.55,2.14
2022-03-15T21:00:00,306.147,214.303,91.844,24.56,2.15
2022-03-15T22:00:00,207.055,144.939,62.117,24.56,2.16
2022-03-15T23:00:00,104.421,73.095,31.326,24.56,2.16
2022-03-16T00:00:00,0.0,0.0,0.0,24.56,2.17
2022-03-16T01:00:00,104.421,73.095,31.326,24.56,2.18
2022-03-16T02:00:00,207.055,144.939,62.117,24.57,2.19
2022-03-16T03:00:00,306.147,214.303,91.844,24.57,2.19
2022-03-16T04:00:00,400.0,280.0,120.0,24.57,2.2
2022-03-16T05:00:00,487.009,340.906,146.103,24.57,2.21
2022-03-16T06:00:00,565.685,395.98,169.706,24.57,2.21
2022-03-16T07:00:00,634.683,444.278,190.405,24.58,2.22
2022-03-16T08:00:00,692.82,484.974,207.846,24.58,2.23
2022-03-16T09:00:00,739.104,517.373,221.731,24.58,2.23
2022-03-16T10:00:00,772.741,540.918,231.822,24.58,2.24
2022-03-16T11:00:00,793.156,555.209,237.947,24.59,2.25
2022-03-16T12:00:00,800.0,560.0,240.0,24.59,2.26
2022-03-16T13:00:00,793.156,555.209,237.947,24.59,2.26
2022-03-16T14:00:00,772.741,540.918,231.822,24.59,2.27
2022-03-16T15:00:00,739.104,517.373,221.731,24.59,2.28
2022-03-16T16:00:00,692.82,484.974,207.846,24.6,2.28
2022-03-16T17:00:00,634.683,444.278,190.405,24.6,2.29
2022-03-16T18:00:00,565.685,395.98,169.706,24.6,2.3
2022-03-16T19:00:00,487.009,340.906,146.103,24.6,2.3
2022-03-16T20:00:00,400.0,280.0,120.0,24.6,2.31
2022-03-16T21:00:00,306.147,214.303,91.844,24.61,2.32
2022-03-16T22:00:00,207.055,144.939,62.117,24.61,2.32
2022-03-16T23:00:00,104.421,73.095,31.326,24.61,2.33
2022-03-17T00:00:00,0.0,0.0,0.0,24.61,2.34
2022-03-17T01:00:00,104.421,73.095,31.326,24.61,2.34
2022-03-17T02:00:00,207.055,144.939,62.117,24.62,2.35
2022-03-17T03:00:00,306.147,214.303,91.844,24.62,2.36
2022-03-17T04:00:00,400.0,280.0,120.0,24.62,2.36
2022-03-17T05:00:00,487.009,340.906,146.103,24.62,2.37
2022-03-17T06:00:00,565.685,395.98,169.706,24.62,2.38
2022-03-17T07:00:00,634.683,444.278,190.405,24.63,2.38
2022-03-17T08:00:00,692.82,484.974,207.846,24.63,2.39
2022-03-17T09:00:00,739.104,517.373,221.731,24.63,2.4
2022-03-17T10:00:00,772.741,540.918,231.822,24.63,2.4
2022-03-17T11:00:00,793.156,555.209,237.947,24.63,2.41
2022-03-17T12:00:00,800.0,560.0,240.0,24.63,2.42
2022-03-17T13:00:00,793.156,555.209,237.947,24.64,2.42
2022-03-17T14:00:00,772.741,540.918,231.822,24.64,2.43
2022-03-17T15:00:00,739.104,517.373,221.731,24.64,2.44
2022-03-17T16:00:00,692.82,484.974,207.846,24.64,2.44
2022-03-17T17:00:00,634.683,444.278,190.405,24.64,2.45
2022-03-17T18:00:00,565.685,395.98,169.706,24.65,2.46
2022-03-17T19:00:00,487.009,340.906,146.103,24.65,2.46
2022-03-17T20:00:00,400.0,280.0,120.0,24.65,2.47
2022-03-17T21:00:00,306.147,214.303,91.844,24.65,2.47
2022-03-17T22:00:00,207.055,144.939,62.117,24.65,2.48
2022-03-17T23:00:00,104.421,73.095,31.326,24.66,2.49
2022-03-18T00:00:00,0.0,0.0,0.0,24.66,2.49
2022-03-18T01:00:00,104.421,73.095,31.326,24.66,2.5
2022-03-18T02:00:00,207.055,144.939,62.117,24.66,2.51
2022-03-18T03:00:00,306.147,214.303,91.844,24.66,2.51
2022-03-18T04:00:00,400.0,280.0,120.0,24.66,2.52
2022-03-18T05:00:00,487.009,340.906,146.103,24.67,2.52
2022-03-18T06:00:00,565.685,395.98,169.706,24.67,2.53
2022-03-18T07:00:00,634.683,444.278,190.405,24.67,2.54
2022-03-18T08:00:00,692.82,484.974,207.846,24.67,2.54
2022-03-18T09:00:00,739.104,517.373,221.731,24.67,2.55
2022-03-18T10:00:00,772.741,540.918,231.822,24.68,2.55
2022-03-18T11:00:00,793.156,555.209,237.947,24.68,2.56
2022-03-18T12:00:00,800.0,560.0,240.0,24.68,2.57
2022-03-18T13:00:00,793.156,555.209,237.947,24.68,2.57
2022-03-18T14:00:00,772.741,540.918,231.822,24.68,2.58
2022-03-18T15:00:00,739.104,517.373,221.731,24.68,2.58
2022-03-18T16:00:00,692.82,484.974,207.846,24.69,2.59
2022-03-18T17:00:00,634.683,444.278,190.405,24.69,2.6
2022-03-18T18:00:00,565.685,395.98,169.706,24.69,2.6
2022-03-18T19:00:00,487.009,340.906,146.103,24.69,2.61
2022-03-18T20:00:00,400.0,280.0,120.0,24.69,2.61
2022-03-18T21:00:00,306.147,214.303,91.844,24.7,2.62
2022-03-18T22:00:00,207.055,144.939,62.117,24.7,2.62
2022-03-18T23:00:00,104.421,73.095,31.326,24.7,2.63
2022-03-19T00:00:00,0.0,0.0,0.0,24.7,2.64
2022-03-19T01:00:00,104.421,73.095,31.326,24.7,2.64
2022-03-19T02:00:00,207.055,144.939,62.117,24.7,2.65
2022-03-19T03:00:00,306.147,214.303,91.844,24.71,2.65
2022-03-19T04:00:00,400.0,280.0,120.0,24.71,2.66
2022-03-19T05:00:00,487.009,340.906,146.103,24.71,2.66
2022-03-19T06:00:00,565.685,395.98,169.706,24.71,2.67
2022-03-19T07:00:00,634.683,444.278,190.405,24.71,2.67
2022-03-19T08:00:00,692.82,484.974,207.846,24.71,2.68
2022-03-19T09:00:00,739.104,517.373,221.731,24.72,2.68
2022-03-19T10:00:00,772.741,540.918,231.822,24.72,2.69
2022-03-19T11:00:00,793.156,555.209,237.947,24.72,2.69
2022-03-19T12:00:00,800.0,560.0,240.0,24.72,2.7
2022-03-19T13:00:00,793.156,555.209,237.947,24.72,2.7
2022-03-19T14:00:00,772.741,540.918,231.822,24.72,2.71
2022-03-19T15:00:00,739.104,517.373,221.731,24.73,2.71
2022-03-19T16:00:00,692.82,484.974,207.846,24.73,2.72
2022-03-19T17:00:00,634.683,444.278,190.405,24.73,2.72
2022-03-19T18:00:00,565.685,395.98,169.706,24.73,2.73
2022-03-19T19:00:00,487.009,340.906,146.103,24.73,2.73
2022-03-19T20:00:00,400.0,280.0,120.0,24.73,2.74
2022-03-19T21:00:00,306.147,214.303,91.844,24.74,2.74
2022-03-19T22:00:00,207.055,144.939,62.117,24.74,2.75
2022-03-19T23:00:00,104.421,73.095,31.326,24.74,2.75
2022-03-20T00:00:00,0.0,0.0,0.0,24.74,2.76
2022-03-20T01:00:00,104.421,73.095,31.326,24.74,2.76
2022-03-20T02:00:00,207.055,144.939,62.117,24.74,2.77
2022-03-20T03:00:00,306.147,214.303,91.844,24.75,2.77
2022-03-20T04:00:00,400.0,280.0,120.0,24.75,2.78
2022-03-20T05:00:00,487.009,340.906,146.103,24.75,2.78
2022-03-20T06:00:00,565.685,395.98,169.706,24.75,2.79
2022-03-20T07:00:00,634.683,444.278,190.405,24.75,2.79
2022-03-20T08:00:00,692.82,484.974,207.846,24.75,2.79
2022-03-20T09:00:00,739.104,517.373,221.731,24.76,2.8
2022-03-20T10:00:00,772.741,540.918,231.822,24.76,2.8
2022-03-20T11:00:00,793.156,555.209,237.947,24.76,2.81
2022-03-20T12:00:00,800.0,560.0,240.0,24.76,2.81
2022-03-20T13:00:00,793.156,555.209,237.947,24.76,2.82
2022-03-20T14:00:00,772.741,540.918,231.822,24.76,2.82
2022-03-20T15:00:00,739.104,517.373,221.731,24.76,2.82
2022-03-20T16:00:00,692.82,484.974,207.846,24.77,2.83
2022-03-20T17:00:00,634.683,444.278,190.405,24.77,2.83
2022-03-20T18:00:00,565.685,395.98,169.706,24.77,2.84
2022-03-20T19:00:00,487.009,340.906,146.103,24.77,2.84
2022-03-20T20:00:00,400.0,280.0,120.0,24.77,2.84
2022-03-20T21:00:00,306.147,214.303,91.844,24.77,2.85
2022-03-20T22:00:00,207.055,144.939,62.117,24.78,2.85
2022-03-20T23:00:00,104.421,73.095,31.326,24.78,2.86
2022-03-21T00:00:00,0.0,0.0,0.0,24.78,2.86
2022-03-21T01:00:00,104.421,73.095,31.326,24.78,2.86
2022-03-21T02:00:00,207.055,144.939,62.117,24.78,2.87
2022-03-21T03:00:00,306.147,214.303,91.844,24.78,2.87
2022-03-21T04:00:00,400.0,280.0,120.0,24.78,2.87
2022-03-21T05:00:00,487.009,340.906,146.103,24.79,2.88
2022-03-21T06:00:00,565.685,395.98,169.706,24.79,2.88
2022-03-21T07:00:00,634.683,444.278,190.405,24.79,2.88
2022-03-21T08:00:00,692.82,484.974,207.846,24.79,2.89
2022-03-21T09:00:00,739.104,517.373,221.731,24.79,2.89
2022-03-21T10:00:00,772.741,540.918,231.822,24.79,2.89
2022-03-21T11:00:00,793.156,555.209,237.947,24.79,2.9
2022-03-21T12:00:00,800.0,560.0,240.0,24.8,2.9
2022-03-21T13:00:00,793.156,555.209,237.947,24.8,2.9
2022-03-21T14:00:00,772.741,540.918,231.822,24.8,2.91
2022-03-21T15:00:00,739.104,517.373,221.731,24.8,2.91
2022-03-21T16:00:00,692.82,484.974,207.846,24.8,2.91
2022-03-21T17:00:00,634.683,444.278,190.405,24.8,2.91
2022-03-21T18:00:00,565.685,395.98,169.706,24.8,2.92
2022-03-21T19:00:00,487.009,340.906,146.103,24.81,2.92
2022-03-21T20:00:00,400.0,280.0,120.0,24.81,2.92
2022-03-21T21:00:00,306.147,214.303,91.844,24.81,2.93
2022-03-21T22:00:00,207.055,144.939,62.117,24.81,2.93
2022-03-21T23:00:00,104.421,73.095,31.326,24.81,2.93
2022-03-22T00:00:00,0.0,0.0,0.0,24.81,2.93
2022-03-22T01:00:00,104.421,73.095,31.326,24.81,2.94
2022-03-22T02:00:00,207.055,144.939,62.117,24.82,2.94
2022-03-22T03:00:00,306.147,214.303,91.844,24.82,2.94
2022-03-22T04:00:00,400.0,280.0,120.0,24.82,2.94
2022-03-22T05:00:00,487.009,340.906,146.103,24.82,2.95
2022-03-22T06:00:00,565.685,395.98,169.706,24.82,2.95
2022-03-22T07:00:00,634.683,444.278,190.405,24.82,2.95
2022-03-22T08:00:00,692.82,484.974,207.846,24.82,2.95
2022-03-22T09:00:00,739.104,517.373,221.731,24.83,2.95
2022-03-22T10:00:00,772.741,540.918,231.822,24.83,2.96
2022-03-22T11:00:00,793.156,555.209,237.947,24.83,2.96
2022-03-22T12:00:00,800.0,560.0,240.0,24.83,2.96
2022-03-22T13:00:00,793.156,555.209,237.947,24.83,2.96
2022-03-22T14:00:00,772.741,540.918,231.822,24.83,2.96
2022-03-22T15:00:00,739.104,517.373,221.731,24.83,2.97
2022-03-22T16:00:00,692.82,484.974,207.846,24.83,2.97
2022-03-22T17:00:00,634.683,444.278,190.405,24.84,2.97
2022-03-22T18:00:00,565.685,395.98,169.706,24.84,2.97
2022-03-22T19:00:00,487.009,340.906,146.103,24.84,2.97
2022-03-22T20:00:00,400.0,280.0,120.0,24.84,2.98
2022-03-22T21:00:00,306.147,214.303,91.844,24.84,2.98
2022-03-22T22:00:00,207.055,144.939,62.117,24.84,2.98
2022-03-22T23:00:00,104.421,73.095,31.326,24.84,2.98
2022-03-23T00:00:00,0.0,0.0,0.0,24.84,2.98
2022-03-23T01:00:00,104.421,73.095,31.326,24.85,2.98
2022-03-23T02:00:00,207.055,144.939,62.117,24.85,2.98
2022-03-23T03:00:00,306.147,214.303,91.844,24.85,2.99
2022-03-23T04:00:00,400.0,280.0,120.0,24.85,2.99
2022-03-23T05:00:00,487.009,340.906,146.103,24.85,2.99
2022-03-23T06:00:00,565.685,395.98,169.706,24.85,2.99
2022-03-23T07:00:00,634.683,444.278,190.405,24.85,2.99
2022-03-23T08:00:00,692.82,484.974,207.846,24.85,2.99
2022-03-23T09:00:00,739.104,517.373,221.731,24.86,2.99
2022-03-23T10:00:00,772.741,540.918,231.822,24.86,2.99
2022-03-23T11:00:00,793.156,555.209,237.947,24.86,2.99
2022-03-23T12:00:00,800.0,560.0,240.0,24.86,2.99
2022-03-23T13:00:00,793.156,555.209,237.947,24.86,2.99
2022-03-23T14:00:00,772.741,540.918,231.822,24.86,3.0
2022-03-23T15:00:00,739.104,517.373,221.731,24.86,3.0
2022-03-23T16:00:00,692.82,484.974,207.846,24.86,3.0
2022-03-23T17:00:00,634.683,444.278,190.405,24.87,3.0
2022-03-23T18:00:00,565.685,395.98,169.706,24.87,3.0
2022-03-23T19:00:00,487.009,340.906,146.103,24.87,3.0
2022-03-23T20:00:00,400.0,280.0,120.0,24.87,3.0
2022-03-23T21:00:00,306.147,214.303,91.844,24.87,3.0
2022-03-23T22:00:00,207.055,144.939,62.117,24.87,3.0
2022-03-23T23:00:00,104.421,73.095,31.326,24.87,3.0
2022-03-24T00:00:00,0.0,0.0,0.0,24.87,3.0
2022-03-24T01:00:00,104.421,73.095,31.326,24.87,3.0
2022-03-24T02:00:00,207.055,144.939,62.117,24.88,3.0
2022-03-24T03:00:00,306.147,214.303,91.844,24.88,3.0
2022-03-24T04:00:00,400.0,280.0,120.0,24.88,3.0
2022-03-24T05:00:00,487.009,340.906,146.103,24.88,3.0
2022-03-24T06:00:00,565.685,395.98,169.706,24.88,3.0
2022-03-24T07:00:00,634.683,444.278,190.405,24.88,3.0
2022-03-24T08:00:00,692.82,484.974,207.846,24.88,3.0
2022-03-24T09:00:00,739.104,517.373,221.731,24.88,3.0
2022-03-24T10:00:00,772.741,540.918,231.822,24.88,3.0
2022-03-24T11:00:00,793.156,555.209,237.947,24.89,3.0
2022-03-24T12:00:00,800.0,560.0,240.0,24.89,3.0
2022-03-24T13:00:00,793.156,555.209,237.947,24.89,3.0
2022-03-24T14:00:00,772.741,540.918,231.822,24.89,3.0
2022-03-24T15:00:00,739.104,517.373,221.731,24.89,3.0
2022-03-24T16:00:00,692.82,484.974,207.846,24.89,3.0
2022-03-24T17:00:00,634.683,444.278,190.405,24.89,2.99
2022-03-24T18:00:00,565.685,395.98,169.706,24.89,2.99
2022-03-24T19:00:00,487.009,340.906,146.103,24.89,2.99
2022-03-24T20:00:00,400.0,280.0,120.0,24.9,2.99
2022-03-24T21:00:00,306.147,214.303,91.844,24.9,2.99
2022-03-24T22:00:00,207.055,144.939,62.117,24.9,2.99
2022-03-24T23:00:00,104.421,73.095,31.326,24.9,2.99
2022-03-25T00:00:00,0.0,0.0,0.0,24.9,2.99
2022-03-25T01:00:00,104.421,73.095,31.326,24.9,2.99
2022-03-25T02:00:00,207.055,144.939,62.117,24.9,2.99
2022-03-25T03:00:00,306.147,214.303,91.844,24.9,2.99
2022-03-25T04:00:00,400.0,280.0,120.0,24.9,2.98
2022-03-25T05:00:00,487.009,340.906,146.103,24.9,2.98
2022-03-25T06:00:00,565.685,395.98,169.706,24.91,2.98
2022-03-25T07:00:00,634.683,444.278,190.405,24.91,2.98
2022-03-25T08:00:00,692.82,484.974,207.846,24.91,2.98
2022-03-25T09:00:00,739.104,517.373,221.731,24.91,2.98
2022-03-25T10:00:00,772.741,540.918,231.822,24.91,2.98
2022-03-25T11:00:00,793.156,555.209,237.947,24.91,2.97
2022-03-25T12:00:00,800.0,560.0,240.0,24.91,2.97
2022-03-25T13:00:00,793.156,555.209,237.947,24.91,2.97
2022-03-25T14:00:00,772.741,540.918,231.822,24.91,2.97
2022-03-25T15:00:00,739.104,517.373,221.731,24.91,2.97
2022-03-25T16:00:00,692.82,484.974,207.846,24.91,2.96
2022-03-25T17:00:00,634.683,444.278,190.405,24.92,2.96
2022-03-25T18:00:00,565.685,395.98,169.706,24.92,2.96
2022-03-25T19:00:00,487.009,340.906,146.103,24.92,2.96
2022-03-25T20:00:00,400.0,280.0,120.0,24.92,2.96
2022-03-25T21:00:00,306.147,214.303,91.844,24.92,2.95
2022-03-25T22:00:00,207.055,144.939,62.117,24.92,2.95
2022-03-25T23:00:00,104.421,73.095,31.326,24.92,2.95
2022-03-26T00:00:00,0.0,0.0,0.0,24.92,2.95
2022-03-26T01:00:00,104.421,73.095,31.326,24.92,2.95
2022-03-26T02:00:00,207.055,144.939,62.117,24.92,2.94
2022-03-26T03:00:00,306.147,214.303,91.844,24.92,2.94
2022-03-26T04:00:00,400.0,280.0,120.0,24.93,2.94
2022-03-26T05:00:00,487.009,340.906,146.103,24.93,2.94
2022-03-26T06:00:00,565.685,395.98,169.706,24.93,2.93
2022-03-26T07:00:00,634.683,444.278,190.405,24.93,2.93
2022-03-26T08:00:00,692.82,484.974,207.846,24.93,2.93
2022-03-26T09:00:00,739.104,517.373,221.731,24.93,2.93
2022-03-26T10:00:00,772.741,540.918,231.822,24.93,2.92
2022-03-26T11:00:00,793.156,555.209,237.947,24.93,2.92
2022-03-26T12:00:00,800.0,560.0,240.0,24.93,2.92
2022-03-26T13:00:00,793.156,555.209,237.947,24.93,2.91
2022-03-26T14:00:00,772.741,540.918,231.822,24.93,2.91
2022-03-26T15:00:00,739.104,517.373,221.731,24.94,2.91
2022-03-26T16:00:00,692.82,484.974,207.846,24.94,2.91
2022-03-26T17:00:00,634.683,444.278,190.405,24.94,2.9
2022-03-26T18:00:00,565.685,395.98,169.706,24.94,2.9
2022-03-26T19:00:00,487.009,340.906,146.103,24.94,2.9
2022-03-26T20:00:00,400.0,280.0,120.0,24.94,2.89
2022-03-26T21:00:00,306.147,214.303,91.844,24.94,2.89
2022-03-26T22:00:00,207.055,144.939,62.117,24.94,2.89
2022-03-26T23:00:00,104.421,73.095,31.326,24.94,2.88
2022-03-27T00:00:00,0.0,0.0,0.0,24.94,2.88
2022-03-27T01:00:00,104.421,73.095,31.326,24.94,2.88
2022-03-27T02:00:00,207.055,144.939,62.117,24.94,2.87
2022-03-27T03:00:00,306.147,214.303,91.844,24.94,2.87
2022-03-27T04:00:00,400.0,280.0,120.0,24.95,2.87
2022-03-27T05:00:00,487.009,340.906,146.103,24.95,2.86
2022-03-27T06:00:00,565.685,395.98,169.706,24.95,2.86
2022-03-27T07:00:00,634.683,444.278,190.405,24.95,2.86
2022-03-27T08:00:00,692.82,484.974,207.846,24.95,2.85
2022-03-27T09:00:00,739.104,517.373,221.731,24.95,2.85
2022-03-27T10:00:00,772.741,540.918,231.822,24.95,2.84
2022-03-27T11:00:00,793.156,555.209,237.947,24.95,2.84
2022-03-27T12:00:00,800.0,560.0,240.0,24.95,2.84
2022-03-27T13:00:00,793.156,555.209,237.947,24.95,2.83
2022-03-27T14:00:00,772.741,540.918,231.822,24.95,2.83
2022-03-27T15:00:00,739.104,517.373,221.731,24.95,2.82
2022-03-27T16:00:00,692.82,484.974,207.846,24.95,2.82
2022-03-27T17:00:00,634.683,444.278,190.405,24.95,2.82
2022-03-27T18:00:00,565.685,395.98,169.706,24.96,2.81
2022-03-27T19:00:00,487.009,340.906,146.103,24.96,2.81
2022-03-27T20:00:00,400.0,280.0,120.0,24.96,2.8
2022-03-27T21:00:00,306.147,214.303,91.844,24.96,2.8
2022-03-27T22:00:00,207.055,144.939,62.117,24.96,2.79
2022-03-27T23:00:00,104.421,73.095,31.326,24.96,2.79
2022-03-28T00:00:00,0.0,0.0,0.0,24.96,2.79
2022-03-28T01:00:00,104.421,73.095,31.326,24.96,2.78
2022-03-28T02:00:00,207.055,144.939,62.117,24.96,2.78
2022-03-28T03:00:00,306.147,214.303,91.844,24.96,2.77
2022-03-28T04:00:00,400.0,280.0,120.0,24.96,2.77
2022-03-28T05:00:00,487.009,340.906,146.103,24.96,2.76
2022-03-28T06:00:00,565.685,395.98,169.706,24.96,2.76
2022-03-28T07:00:00,634.683,444.278,190.405,24.96,2.75
2022-03-28T08:00:00,692.82,484.974,207.846,24.96,2.75
2022-03-28T09:00:00,739.104,517.373,221.731,24.96,2.74
2022-03-28T10:00:00,772.741,540.918,231.822,24.97,2.74
2022-03-28T11:00:00,793.156,555.209,237.947,24.97,2.73
2022-03-28T12:00:00,800.0,560.0,240.0,24.97,2.73
2022-03-28T13:00:00,793.156,555.209,237.947,24.97,2.72
2022-03-28T14:00:00,772.741,540.918,231.822,24.97,2.72
2022-03-28T15:00:00,739.104,517.373,221.731,24.97,2.71
2022-03-28T16:00:00,692.82,484.974,207.846,24.97,2.71
2022-03-28T17:00:00,634.683,444.278,190.405,24.97,2.7
2022-03-28T18:00:00,565.685,395.98,169.706,24.97,2.7
2022-03-28T19:00:00,487.009,340.906,146.103,24.97,2.69
2022-03-28T20:00:00,400.0,280.0,120.0,24.97,2.69
2022-03-28T21:00:00,306.147,214.303,91.844,24.97,2.68
2022-03-28T22:00:00,207.055,144.939,62.117,24.97,2.68
2022-03-28T23:00:00,104.421,73.095,31.326,24.97,2.67
2022-03-29T00:00:00,0.0,0.0,0.0,24.97,2.67
2022-03-29T01:00:00,104.421,73.095,31.326,24.97,2.66
2022-03-29T02:00:00,207.055,144.939,62.117,24.97,2.66
2022-03-29T03:00:00,306.147,214.303,91.844,24.97,2.65
2022-03-29T04:00:00,400.0,280.0,120.0,24.98,2.65
2022-03-29T05:00:00,487.009,340.906,146.103,24.98,2.64
2022-03-29T06:00:00,565.685,395.98,169.706,24.98,2.64
2022-03-29T07:00:00,634.683,444.278,190.405,24.98,2.63
2022-03-29T08:00:00,692.82,484.974,207.846,24.98,2.62
2022-03-29T09:00:00,739.104,517.373,221.731,24.98,2.62
2022-03-29T10:00:00,772.741,540.918,231.822,24.98,2.61
2022-03-29T11:00:00,793.156,555.209,237.947,24.98,2.61
2022-03-29T12:00:00,800.0,560.0,240.0,24.98,2.6
2022-03-29T13:00:00,793.156,555.209,237.947,24.98,2.6
2022-03-29T14:00:00,772.741,540.918,231.822,24.98,2.59
2022-03-29T15:00:00,739.104,517.373,221.731,24.98,2.58
2022-03-29T16:00:00,692.82,484.974,207.846,24.98,2.58
2022-03-29T17:00:00,634.683,444.278,190.405,24.98,2.57
2022-03-29T18:00:00,565.685,395.98,169.706,24.98,2.57
2022-03-29T19:00:00,487.009,340.906,146.103,24.98,2.56
2022-03-29T20:00:00,400.0,280.0,120.0,24.98,2.55
2022-03-29T21:00:00,306.147,214.303,91.844,24.98,2.55
2022-03-29T22:00:00,207.055,144.939,62.117,24.98,2.54
2022-03-29T23:00:00,104.421,73.095,31.326,24.98,2.54
2022-03-30T00:00:00,0.0,0.0,0.0,24.98,2.53
2022-03-30T01:00:00,104.421,73.095,31.326,24.98,2.52
2022-03-30T02:00:00,207.055,144.939,62.117,24.99,2.52
2022-03-30T03:00:00,306.147,214.303,91.844,24.99,2.51
2022-03-30T04:00:00,400.0,280.0,120.0,24.99,2.51
2022-03-30T05:00:00,487.009,340.906,146.103,24.99,2.5
2022-03-30T06:00:00,565.685,395.98,169.706,24.99,2.49
2022-03-30T07:00:00,634.683,444.278,190.405,24.99,2.49
2022-03-30T08:00:00,692.82,484.974,207.846,24.99,2.48
2022-03-30T09:00:00,739.104,517.373,221.731,24.99,2.47
2022-03-30T10:00:00,772.741,540.918,231.822,24.99,2.47
2022-03-30T11:00:00,793.156,555.209,237.947,24.99,2.46
2022-03-30T12:00:00,800.0,560.0,240.0,24.99,2.46
2022-03-30T13:00:00,793.156,555.209,237.947,24.99,2.45
2022-03-30T14:00:00,772.741,540.918,231.822,24.99,2.44
2022-03-30T15:00:00,739.104,517.373,221.731,24.99,2.44
2022-03-30T16:00:00,692.82,484.974,207.846,24.99,2.43
2022-03-30T17:00:00,634.683,444.278,190.405,24.99,2.42
2022-03-30T18:00:00,565.685,395.98,169.706,24.99,2.42
2022-03-30T19:00:00,487.009,340.906,146.103,24.99,2.41
2022-03-30T20:00:00,400.0,280.0,120.0,24.99,2.4
2022-03-30T21:00:00,306.147,214.303,91.844,24.99,2.4
2022-03-30T22:00:00,207.055,144.939,62.117,24.99,2.39
2022-03-30T23:00:00,104.421,73.095,31.326,24.99,2.38
2022-03-31T00:00:00,0.0,0.0,0.0,24.99,2.38
2022-03-31T01:00:00,104.421,73.095,31.326,24.99,2.37
2022-03-31T02:00:00,207.055,144.939,62.117,24.99,2.36
2022-03-31T03:00:00,306.147,214.303,91.844,24.99,2.36
2022-03-31T04:00:00,400.0,280.0,120.0,24.99,2.35
2022-03-31T05:00:00,487.009,340.906,146.103,24.99,2.34
2022-03-31T06:00:00,565.685,395.98,169.706,24.99,2.34
2022-03-31T07:00:00,634.683,444.278,190.405,24.99,2.33
2022-03-31T08:00:00,692.82,484.974,207.846,24.99,2.32
2022-03-31T09:00:00,739.104,517.373,221.731,24.99,2.32
2022-03-31T10:00:00,772.741,540.918,231.822,25.0,2.31
2022-03-31T11:00:00,793.156,555.209,237.947,25.0,2.3
2022-03-31T12:00:00,800.0,560.0,240.0,25.0,2.3
2022-03-31T13:00:00,793.156,555.209,237.947,25.0,2.29
2022-03-31T14:00:00,772.741,540.918,231.822,25.0,2.28
2022-03-31T15:00:00,739.104,517.373,221.731,25.0,2.28
2022-03-31T16:00:00,692.82,484.974,207.846,25.0,2.27
2022-03-31T17:00:00,634.683,444.278,190.405,25.0,2.26
2022-03-31T18:00:00,565.685,395.98,169.706,25.0,2.26
2022-03-31T19:00:00,487.009,340.906,146.103,25.0,2.25
2022-03-31T20:00:00,400.0,280.0,120.0,25.0,2.24
2022-03-31T21:00:00,306.147,214.303,91.844,25.0,2.23
2022-03-31T22:00:00,207.055,144.939,62.117,25.0,2.23
2022-03-31T23:00:00,104.421,73.095,31.326,25.0,2.22
2022-04-01T00:00:00,0.0,0.0,0.0,25.0,2.21
2022-04-01T01:00:00,104.421,73.095,31.326,25.0,2.21
2022-04-01T02:00:00,207.055,144.939,62.117,25.0,2.2
2022-04-01T03:00:00,306.147,214.303,91.844,25.0,2.19
2022-04-01T04:00:00,400.0,280.0,120.0,25.0,2.19
2022-04-01T05:00:00,487.009,340.906,146.103,25.0,2.18
2022-04-01T06:00:00,565.685,395.98,169.706,25.0,2.17
2022-04-01T07:00:00,634.683,444.278,190.405,25.0,2.16
2022-04-01T08:00:00,692.82,484.974,207.846,25.0,2.16
2022-04-01T09:00:00,739.104,517.373,221.731,25.0,2.15
2022-04-01T10:00:00,772.741,540.918,231.822,25.0,2.14
2022-04-01T11:00:00,793.156,555.209,237.947,25.0,2.14
2022-04-01T12:00:00,800.0,560.0,240.0,25.0,2.13
2022-04-01T13:00:00,793.156,555.209,237.947,25.0,2.12
2022-04-01T14:00:00,772.741,540.918,231.822,25.0,2.11
2022-04-01T15:00:00,739.104,517.373,221.731,25.0,2.11
2022-04-01T16:00:00,692.82,484.974,207.846,25.0,2.1
2022-04-01T17:00:00,634.683,444.278,190.405,25.0,2.09
2022-04-01T18:00:00,565.685,395.98,169.706,25.0,2.09
2022-04-01T19:00:00,487.009,340.906,146.103,25.0,2.08
2022-04-01T20:00:00,400.0,280.0,120.0,25.0,2.07
2022-04-01T21:00:00,306.147,214.303,91.844,25.0,2.06
2022-04-01T22:00:00,207.055,144.939,62.117,25.0,2.06
2022-04-01T23:00:00,104.421,73.095,31.326,25.0,2.05
2022-04-02T00:00:00,0.0,0.0,0.0,25.0,2.04
2022-04-02T01:00:00,104.421,73.095,31.326,25.0,2.04
2022-04-02T02:00:00,207.055,144.939,62.117,25.0,2.03
2022-04-02T03:00:00,306.147,214.303,91.844,25.0,2.02
2022-04-02T04:00:00,400.0,280.0,120.0,25.0,2.01
2022-04-02T05:00:00,487.009,340.906,146.103,25.0,2.01
2022-04-02T06:00:00,565.685,395.98,169.706,25.0,2.0
2022-04-02T07:00:00,634.683,444.278,190.405,25.0,2.01
2022-04-02T08:00:00,692.82,484.974,207.846,25.0,2.01
2022-04-02T09:00:00,739.104,517.373,221.731,25.0,2.02
2022-04-02T10:00:00,772.741,540.918,231.822,25.0,2.03
2022-04-02T11:00:00,793.156,555.209,237.947,25.0,2.04
2022-04-02T12:00:00,800.0,560.0,240.0,25.0,2.04
2022-04-02T13:00:00,793.156,555.209,237.947,25.0,2.05
2022-04-02T14:00:00,772.741,540.918,231.822,25.0,2.06
2022-04-02T15:00:00,739.104,517.373,221.731,25.0,2.06
2022-04-02T16:00:00,692.82,484.974,207.846,25.0,2.07
2022-04-02T17:00:00,634.683,444.278,190.405,25.0,2.08
2022-04-02T18:00:00,565.685,395.98,169.706,25.0,2.09
2022-04-02T19:00:00,487.009,340.906,146.103,25.0,2.09
2022-04-02T20:00:00,400.0,280.0,120.0,25.0,2.1
2022-04-02T21:00:00,306.147,214.303,91.844,25.0,2.11
2022-04-02T22:00:00,207.055,144.939,62.117,25.0,2.11
2022-04-02T23:00:00,104.421,73.095,31.326,25.0,2.12
2022-04-03T00:00:00,0.0,0.0,0.0,25.0,2.13
2022-04-03T01:00:00,104.421,73.095,31.326,25.0,2.14
2022-04-03T02:00:00,207.055,144.939,62.117,25.0,2.14
2022-04-03T03:00:00,306.147,214.303,91.844,25.0,2.15
2022-04-03T04:00:00,400.0,280.0,120.0,25.0,2.16
2022-04-03T05:00:00,487.009,340.906,146.103,25.0,2.16
2022-04-03T06:00:00,565.685,395.98,169.706,25.0,2.17
2022-04-03T07:00:00,634.683,444.278,190.405,25.0,2.18
2022-04-03T08:00:00,692.82,484.974,207.846,25.0,2.19
2022-04-03T09:00:00,739.104,517.373,221.731,25.0,2.19
2022-04-03T10:00:00,772.741,540.918,231.822,25.0,2.2
2022-04-03T11:00:00,793.156,555.209,237.947,25.0,2.21
2022-04-03T12:00:00,800.0,560.0,240.0,25.0,2.21
2022-04-03T13:00:00,793.156,555.209,237.947,25.0,2.22
2022-04-03T14:00:00,772.741,540.918,231.822,25.0,2.23
2022-04-03T15:00:00,739.104,517.373,221.731,25.0,2.23
2022-04-03T16:00:00,692.82,484.974,207.846,25.0,2.24
2022-04-03T17:00:00,634.683,444.278,190.405,25.0,2.25
2022-04-03T18:00:00,565.685,395.98,169.706,25.0,2.26
2022-04-03T19:00:00,487.009,340.906,146.103,25.0,2.26
2022-04-03T20:00:00,400.0,280.0,120.0,25.0,2.27
2022-04-03T21:00:00,306.147,214.303,91.844,25.0,2.28
2022-04-03T22:00:00,207.055,144.939,62.117,25.0,2.28
2022-04-03T23:00:00,104.421,73.095,31.326,25.0,2.29
2022-04-04T00:00:00,0.0,0.0,0.0,25.0,2.3
2022-04-04T01:00:00,104.421,73.095,31.326,25.0,2.3
2022-04-04T02:00:00,207.055,144.939,62.117,25.0,2.31
2022-04-04T03:00:00,306.147,214.303,91.844,24.99,2.32
2022-04-04T04:00:00,400.0,280.0,120.0,24.99,2.32
2022-04-04T05:00:00,487.009,340.906,146.103,24.99,2.33
2022-04-04T06:00:00,565.685,395.98,169.706,24.99,2.34
2022-04-04T07:00:00,634.683,444.278,190.405,24.99,2.34
2022-04-04T08:00:00,692.82,484.974,207.846,24.99,2.35
2022-04-04T09:00:00,739.104,517.373,221.731,24.99,2.36
2022-04-04T10:00:00,772.741,540.918,231.822,24.99,2.36
2022-04-04T11:00:00,793.156,555.209,237.947,24.99,2.37
2022-04-04T12:00:00,800.0,560.0,240.0,24.99,2.38
2022-04-04T13:00:00,793.156,555.209,237.947,24.99,2.38
2022-04-04T14:00:00,772.741,540.918,231.822,24.99,2.39
2022-04-04T15:00:00,739.104,517.373,221.731,24.99,2.4
2022-04-04T16:00:00,692.82,484.974,207.846,24.99,2.4
2022-04-04T17:00:00,634.683,444.278,190.405,24.99,2.41
2022-04-04T18:00:00,565.685,395.98,169.706,24.99,2.42
2022-04-04T19:00:00,487.009,340.906,146.103,24.99,2.42
2022-04-04T20:00:00,400.0,280.0,120.0,24.99,2.43
2022-04-04T21:00:00,306.147,214.303,91.844,24.99,2.44
2022-04-04T22:00:00,207.055,144.939,62.117,24.99,2.44
2022-04-04T23:00:00,104.421,73.095,31.326,24.99,2.45
2022-04-05T00:00:00,0.0,0.0,0.0,24.99,2.46
2022-04-05T01:00:00,104.421,73.095,31.326,24.99,2.46
2022-04-05T02:00:00,207.055,144.939,62.117,24.99,2.47
2022-04-05T03:00:00,306.147,214.303,91.844,24.99,2.47
2022-04-05T04:00:00,400.0,280.0,120.0,24.99,2.48
2022-04-05T05:00:00,487.009,340.906,146.103,24.99,2.49
2022-04-05T06:00:00,565.685,395.98,169.706,24.99,2.49
2022-04-05T07:00:00,634.683,444.278,190.405,24.99,2.5
2022-04-05T08:00:00,692.82,484.974,207.846,24.99,2.51
2022-04-05T09:00:00,739.104,517.373,221.731,24.99,2.51
2022-04-05T10:00:00,772.741,540.918,231.822,24.99,2.52
2022-04-05T11:00:00,793.156,555.209,237.947,24.98,2.52
2022-04-05T12:00:00,800.0,560.0,240.0,24.98,2.53
2022-04-05T13:00:00,793.156,555.209,237.947,24.98,2.54
2022-04-05T14:00:00,772.741,540.918,231.822,24.98,2.54
2022-04-05T15:00:00,739.104,517.373,221.731,24.98,2.55
2022-04-05T16:00:00,692.82,484.974,207.846,24.98,2.55
2022-04-05T17:00:00,634.683,444.278,190.405,24.98,2.56
2022-04-05T18:00:00,565.685,395.98,169.706,24.98,2.57
2022-04-05T19:00:00,487.009,340.906,146.103,24.98,2.57
2022-04-05T20:00:00,400.0,280.0,120.0,24.98,2.58
2022-04-05T21:00:00,306.147,214.303,91.844,24.98,2.58
2022-04-05T22:00:00,207.055,144.939,62.117,24.98,2.59
2022-04-05T23:00:00,104.421,73.095,31.326,24.98,2.6
2022-04-06T00:00:00,0.0,0.0,0.0,24.98,2.6
2022-04-06T01:00:00,104.421,73.095,31.326,24.98,2.61
2022-04-06T02:00:00,207.055,144.939,62.117,24.98,2.61
2022-04-06T03:00:00,306.147,214.303,91.844,24.98,2.62
2022-04-06T04:00:00,400.0,280.0,120.0,24.98,2.62
2022-04-06T05:00:00,487.009,340.906,146.103,24.98,2.63
2022-04-06T06:00:00,565.685,395.98,169.706,24.98,2.64
2022-04-06T07:00:00,634.683,444.278,190.405,24.98,2.64
2022-04-06T08:00:00,692.82,484.974,207.846,24.98,2.65
2022-04-06T09:00:00,739.104,517.373,221.731,24.97,2.65
2022-04-06T10:00:00,772.741,540.918,231.822,24.97,2.66
2022-04-06T11:00:00,793.156,555.209,237.947,24.97,2.66
2022-04-06T12:00:00,800.0,560.0,240.0,24.97,2.67
2022-04-06T13:00:00,793.156,555.209,237.947,24.97,2.67
2022-04-06T14:00:00,772.741,540.918,231.822,24.97,2.68
2022-04-06T15:00:00,739.104,517.373,221.731,24.97,2.68
2022-04-06T16:00:00,692.82,484.974,207.846,24.97,2.69
2022-04-06T17:00:00,634.683,444.278,190.405,24.97,2.69
2022-04-06T18:00:00,565.685,395.98,169.706,24.97,2.7
2022-04-06T19:00:00,487.009,340.906,146.103,24.97,2.7
2022-04-06T20:00:00,400.0,280.0,120.0,24.97,2.71
2022-04-06T21:00:00,306.147,214.303,91.844,24.97,2.71
2022-04-06T22:00:00,207.055,144.939,62.117,24.97,2.72
2022-04-06T23:00:00,104.421,73.095,31.326,24.97,2.72
2022-04-07T00:00:00,0.0,0.0,0.0,24.97,2.73
2022-04-07T01:00:00,104.421,73.095,31.326,24.97,2.73
2022-04-07T02:00:00,207.055,144.939,62.117,24.97,2.74
2022-04-07T03:00:00,306.147,214.303,91.844,24.96,2.74
2022-04-07T04:00:00,400.0,280.0,120.0,24.96,2.75
2022-04-07T05:00:00,487.009,340.906,146.103,24.96,2.75
2022-04-07T06:00:00,565.685,395.98,169.706,24.96,2.76
2022-04-07T07:00:00,634.683,444.278,190.405,24.96,2.76
2022-04-07T08:00:00,692.82,484.974,207.846,24.96,2.77
2022-04-07T09:00:00,739.104,517.373,221.731,24.96,2.77
2022-04-07T10:00:00,772.741,540.918,231.822,24.96,2.78
2022-04-07T11:00:00,793.156,555.209,237.947,24.96,2.78
2022-04-07T12:00:00,800.0,560.0,240.0,24.96,2.79
2022-04-07T13:00:00,793.156,555.209,237.947,24.96,2.79
2022-04-07T14:00:00,772.741,540.918,231.822,24.96,2.79
2022-04-07T15:00:00,739.104,517.373,221.731,24.96,2.8
2022-04-07T16:00:00,692.82,484.974,207.846,24.96,2.8
2022-04-07T17:00:00,634.683,444.278,190.405,24.96,2.81
2022-04-07T18:00:00,565.685,395.98,169.706,24.96,2.81
2022-04-07T19:00:00,487.009,340.906,146.103,24.95,2.82
2022-04-07T20:00:00,400.0,280.0,120.0,24.95,2.82
2022-04-07T21:00:00,306.147,214.303,91.844,24.95,2.82
2022-04-07T22:00:00,207.055,144.939,62.117,24.95,2.83
2022-04-07T23:00:00,104.421,73.095,31.326,24.95,2.83
2022-04-08T00:00:00,0.0,0.0,0.0,24.95,2.84
2022-04-08T01:00:00,104.421,73.095,31.326,24.95,2.84
2022-04-08T02:00:00,207.055,144.939,62.117,24.95,2.84
2022-04-08T03:00:00,306.147,214.303,91.844,24.95,2.85
2022-04-08T04:00:00,400.0,280.0,120.0,24.95,2.85
2022-04-08T05:00:00,487.009,340.906,146.103,24.95,2.86
2022-04-08T06:00:00,565.685,395.98,169.706,24.95,2.86
2022-04-08T07:00:00,634.683,444.278,190.405,24.95,2.86
2022-04-08T08:00:00,692.82,484.974,207.846,24.95,2.87
2022-04-08T09:00:00,739.104,517.373,221.731,24.94,2.87
2022-04-08T10:00:00,772.741,540.918,231.822,24.94,2.87
2022-04-08T11:00:00,793.156,555.209,237.947,24.94,2.88
2022-04-08T12:00:00,800.0,560.0,240.0,24.94,2.88
2022-04-08T13:00:00,793.156,555.209,237.947,24.94,2.88
2022-04-08T14:00:00,772.741,540.918,231.822,24.94,2.89
2022-04-08T15:00:00,739.104,517.373,221.731,24.94,2.89
2022-04-08T16:00:00,692.82,484.974,207.846,24.94,2.89
2022-04-08T17:00:00,634.683,444.278,190.405,24.94,2.9
2022-04-08T18:00:00,565.685,395.98,169.706,24.94,2.9
2022-04-08T19:00:00,487.009,340.906,146.103,24.94,2.9
2022-04-08T20:00:00,400.0,280.0,120.0,24.94,2.91
2022-04-08T21:00:00,306.147,214.303,91.844,24.94,2.91
2022-04-08T22:00:00,207.055,144.939,62.117,24.93,2.91
2022-04-08T23:00:00,104.421,73.095,31.326,24.93,2.91
2022-04-09T00:00:00,0.0,0.0,0.0,24.93,2.92
2022-04-09T01:00:00,104.421,73.095,31.326,24.93,2.92
2022-04-09T02:00:00,207.055,144.939,62.117,24.93,2.92
2022-04-09T03:00:00,306.147,214.303,91.844,24.93,2.93
2022-04-09T04:00:00,400.0,280.0,120.0,24.93,2.93
2022-04-09T05:00:00,487.009,340.906,146.103,24.93,2.93
2022-04-09T06:00:00,565.685,395.98,169.706,24.93,2.93
2022-04-09T07:00:00,634.683,444.278,190.405,24.93,2.94
2022-04-09T08:00:00,692.82,484.974,207.846,24.93,2.94
2022-04-09T09:00:00,739.104,517.373,221.731,24.92,2.94
2022-04-09T10:00:00,772.741,540.918,231.822,24.92,2.94
2022-04-09T11:00:00,793.156,555.209,237.947,24.92,2.95
2022-04-09T12:00:00,800.0,560.0,240.0,24.92,2.95
2022-04-09T13:00:00,793.156,555.209,237.947,24.92,2.95
2022-04-09T14:00:00,772.741,540.918,231.822,24.92,2.95
2022-04-09T15:00:00,739.104,517.373,221.731,24.92,2.95
2022-04-09T16:00:00,692.82,484.974,207.846,24.92,2.96
2022-04-09T17:00:00,634.683,444.278,190.405,24.92,2.96
2022-04-09T18:00:00,565.685,395.98,169.706,24.92,2.96
2022-04-09T19:00:00,487.009,340.906,146.103,24.92,2.96
2022-04-09T20:00:00,400.0,280.0,120.0,24.91,2.96
2022-04-09T21:00:00,306.147,214.303,91.844,24.91,2.97
2022-04-09T22:00:00,207.055,144.939,62.117,24.91,2.97
2022-04-09T23:00:00,104.421,73.095,31.326,24.91,2.97
2022-04-10T00:00:00,0.0,0.0,0.0,24.91,2.97
2022-04-10T01:00:00,104.421,73.095,31.326,24.91,2.97
2022-04-10T02:00:00,207.055,144.939,62.117,24.91,2.98
2022-04-10T03:00:00,306.147,214.303,91.844,24.91,2.98
2022-04-10T04:00:00,400.0,280.0,120.0,24.91,2.98
2022-04-10T05:00:00,487.009,340.906,146.103,24.91,2.98
2022-04-10T06:00:00,565.685,395.98,169.706,24.91,2.98
2022-04-10T07:00:00,634.683,444.278,190.405,24.9,2.98
2022-04-10T08:00:00,692.82,484.974,207.846,24.9,2.98
2022-04-10T09:00:00,739.104,517.373,221.731,24.9,2.99
2022-04-10T10:00:00,772.741,540.918,231.822,24.9,2.99
2022-04-10T11:00:00,793.156,555.209,237.947,24.9,2.99
2022-04-10T12:00:00,800.0,560.0,240.0,24.9,2.99
2022-04-10T13:00:00,793.156,555.209,237.947,24.9,2.99
2022-04-10T14:00:00,772.741,540.918,231.822,24.9,2.99
2022-04-10T15:00:00,739.104,517.373,221.731,24.9,2.99
2022-04-10T16:00:00,692.82,484.974,207.846,24.9,2.99
2022-04-10T17:00:00,634.683,444.278,190.405,24.89,2.99
2022-04-10T18:00:00,565.685,395.98,169.706,24.89,2.99
2022-04-10T19:00:00,487.009,340.906,146.103,24.89,2.99
2022-04-10T20:00:00,400.0,280.0,120.0,24.89,3.0
2022-04-10T21:00:00,306.147,214.303,91.844,24.89,3.0
2022-04-10T22:00:00,207.055,144.939,62.117,24.89,3.0
2022-04-10T23:00:00,104.421,73.095,31.326,24.89,3.0
2022-04-11T00:00:00,0.0,0.0,0.0,24.89,3.0
2022-04-11T01:00:00,104.421,73.095,31.326,24.89,3.0
2022-04-11T02:00:00,207.055,144.939,62.117,24.88,3.0
2022-04-11T03:00:00,306.147,214.303,91.844,24.88,3.0
2022-04-11T04:00:00,400.0,280.0,120.0,24.88,3.0
2022-04-11T05:00:00,487.009,340.906,146.103,24.88,3.0
2022-04-11T06:00:00,565.685,395.98,169.706,24.88,3.0
2022-04-11T07:00:00,634.683,444.278,190.405,24.88,3.0
2022-04-11T08:00:00,692.82,484.974,207.846,24.88,3.0
2022-04-11T09:00:00,739.104,517.373,221.731,24.88,3.0
2022-04-11T10:00:00,772.741,540.918,231.822,24.88,3.0
2022-04-11T11:00:00,793.156,555.209,237.947,24.87,3.0
2022-04-11T12:00:00,800.0,560.0,240.0,24.87,3.0
2022-04-11T13:00:00,793.156,555.209,237.947,24.87,3.0
2022-04-11T14:00:00,772.741,540.918,231.822,24.87,3.0
2022-04-11T15:00:00,739.104,517.373,221.731,24.87,3.0
2022-04-11T16:00:00,692.82,484.974,207.846,24.87,3.0
2022-04-11T17:00:00,634.683,444.278,190.405,24.87,3.0
2022-04-11T18:00:00,565.685,395.98,169.706,24.87,3.0
2022-04-11T19:00:00,487.009,340.906,146.103,24.87,3.0
2022-04-11T20:00:00,400.0,280.0,120.0,24.86,3.0
2022-04-11T21:00:00,306.147,214.303,91.844,24.86,3.0
2022-04-11T22:00:00,207.055,144.939,62.117,24.86,3.0
2022-04-11T23:00:00,104.421,73.095,31.326,24.86,2.99
2022-04-12T00:00:00,0.0,0.0,0.0,24.86,2.99
2022-04-12T01:00:00,104.421,73.095,31.326,24.86,2.99
2022-04-12T02:00:00,207.055,144.939,62.117,24.86,2.99
2022-04-12T03:00:00,306.147,214.303,91.844,24.86,2.99
2022-04-12T04:00:00,400.0,280.0,120.0,24.85,2.99
2022-04-12T05:00:00,487.009,340.906,146.103,24.85,2.99
2022-04-12T06:00:00,565.685,395.98,169.706,24.85,2.99
2022-04-12T07:00:00,634.683,444.278,190.405,24.85,2.99
2022-04-12T08:00:00,692.82,484.974,207.846,24.85,2.99
2022-04-12T09:00:00,739.104,517.373,221.731,24.85,2.99
2022-04-12T10:00:00,772.741,540.918,231.822,24.85,2.98
2022-04-12T11:00:00,793.156,555.209,237.947,24.85,2.98
2022-04-12T12:00:00,800.0,560.0,240.0,24.84,2.98
2022-04-12T13:00:00,793.156,555.209,237.947,24.84,2.98
2022-04-12T14:00:00,772.741,540.918,231.822,24.84,2.98
2022-04-12T15:00:00,739.104,517.373,221.731,24.84,2.98
2022-04-12T16:00:00,692.82,484.974,207.846,24.84,2.98
2022-04-12T17:00:00,634.683,444.278,190.405,24.84,2.97
2022-04-12T18:00:00,565.685,395.98,169.706,24.84,2.97
2022-04-12T19:00:00,487.009,340.906,146.103,24.84,2.97
2022-04-12T20:00:00,400.0,280.0,120.0,24.83,2.97
2022-04-12T21:00:00,306.147,214.303,91.844,24.83,2.97
2022-04-12T22:00:00,207.055,144.939,62.117,24.83,2.96
2022-04-12T23:00:00,104.421,73.095,31.326,24.83,2.96
2022-04-13T00:00:00,0.0,0.0,0.0,24.83,2.96
2022-04-13T01:00:00,104.421,73.095,31.326,24.83,2.96
2022-04-13T02:00:00,207.055,144.939,62.117,24.83,2.96
2022-04-13T03:00:00,306.147,214.303,91.844,24.83,2.95
2022-04-13T04:00:00,400.0,280.0,120.0,24.82,2.95
2022-04-13T05:00:00,487.009,340.906,146.103,24.82,2.95
2022-04-13T06:00:00,565.685,395.98,169.706,24.82,2.95
2022-04-13T07:00:00,634.683,444.278,190.405,24.82,2.95
2022-04-13T08:00:00,692.82,484.974,207.846,24.82,2.94
2022-04-13T09:00:00,739.104,517.373,221.731,24.82,2.94
2022-04-13T10:00:00,772.741,540.918,231.822,24.82,2.94
2022-04-13T11:00:00,793.156,555.209,237.947,24.81,2.94
2022-04-13T12:00:00,800.0,560.0,240.0,24.81,2.93
2022-04-13T13:00:00,793.156,555.209,237.947,24.81,2.93
2022-04-13T14:00:00,772.741,540.918,231.822,24.81,2.93
2022-04-13T15:00:00,739.104,517.373,221.731,24.81,2.93
2022-04-13T16:00:00,692.82,484.974,207.846,24.81,2.92
2022-04-13T17:00:00,634.683,444.278,190.405,24.81,2.92
2022-04-13T18:00:00,565.685,395.98,169.706,24.8,2.92
2022-04-13T19:00:00,487.009,340.906,146.103,24.8,2.91
2022-04-13T20:00:00,400.0,280.0,120.0,24.8,2.91
2022-04-13T21:00:00,306.147,214.303,91.844,24.8,2.91
2022-04-13T22:00:00,207.055,144.939,62.117,24.8,2.91
2022-04-13T23:00:00,104.421,73.095,31.326,24.8,2.9
2022-04-14T00:00:00,0.0,0.0,0.0,24.8,2.9
2022-04-14T01:00:00,104.421,73.095,31.326,24.79,2.9
2022-04-14T02:00:00,207.055,144.939,62.117,24.79,2.89
2022-04-14T03:00:00,306.147,214.303,91.844,24.79,2.89
2022-04-14T04:00:00,400.0,280.0,120.0,24.79,2.89
2022-04-14T05:00:00,487.009,340.906,146.103,24.79,2.88
2022-04-14T06:00:00,565.685,395.98,169.706,24.79,2.88
2022-04-14T07:00:00,634.683,444.278,190.405,24.79,2.88
2022-04-14T08:00:00,692.82,484.974,207.846,24.78,2.87
2022-04-14T09:00:00,739.104,517.373,221.731,24.78,2.87
2022-04-14T10:00:00,772.741,540.918,231.822,24.78,2.87
2022-04-14T11:00:00,793.156,555.209,237.947,24.78,2.86
2022-04-14T12:00:00,800.0,560.0,240.0,24.78,2.86
2022-04-14T13:00:00,793.156,555.209,237.947,24.78,2.86
2022-04-14T14:00:00,772.741,540.918,231.822,24.78,2.85
2022-04-14T15:00:00,739.104,517.373,221.731,24.77,2.85
2022-04-14T16:00:00,692.82,484.974,207.846,24.77,2.84
2022-04-14T17:00:00,634.683,444.278,190.405,24.77,2.84
2022-04-14T18:00:00,565.685,395.98,169.706,24.77,2.84
2022-04-14T19:00:00,487.009,340.906,146.103,24.77,2.83
2022-04-14T20:00:00,400.0,280.0,120.0,24.77,2.83
2022-04-14T21:00:00,306.147,214.303,91.844,24.76,2.82
2022-04-14T22:00:00,207.055,144.939,62.117,24.76,2.82
2022-04-14T23:00:00,104.421,73.095,31.326,24.76,2.82
2022-04-15T00:00:00,0.0,0.0,0.0,24.76,2.81
2022-04-15T01:00:00,104.421,73.095,31.326,24.76,2.81
2022-04-15T02:00:00,207.055,144.939,62.117,24.76,2.8
2022-04-15T03:00:00,306.147,214.303,91.844,24.76,2.8
2022-04-15T04:00:00,400.0,280.0,120.0,24.75,2.79
2022-04-15T05:00:00,487.009,340.906,146.103,24.75,2.79
2022-04-15T06:00:00,565.685,395.98,169.706,24.75,2.79
2022-04-15T07:00:00,634.683,444.278,190.405,24.75,2.78
2022-04-15T08:00:00,692.82,484.974,207.846,24.75,2.78
2022-04-15T09:00:00,739.104,517.373,221.731,24.75,2.77
2022-04-15T10:00:00,772.741,540.918,231.822,24.74,2.77
2022-04-15T11:00:00,793.156,555.209,237.947,24.74,2.76
2022-04-15T12:00:00,800.0,560.0,240.0,24.74,2.76
2022-04-15T13:00:00,793.156,555.209,237.947,24.74,2.75
2022-04-15T14:00:00,772.741,540.918,231.822,24.74,2.75
2022-04-15T15:00:00,739.104,517.373,221.731,24.74,2.74
2022-04-15T16:00:00,692.82,484.974,207.846,24.73,2.74
2022-04-15T17:00:00,634.683,444.278,190.405,24.73,2.73
2022-04-15T18:00:00,565.685,395.98,169.706,24.73,2.73
2022-04-15T19:00:00,487.009,340.906,146.103,24.73,2.72
2022-04-15T20:00:00,400.0,280.0,120.0,24.73,2.72
2022-04-15T21:00:00,306.147,214.303,91.844,24.73,2.71
2022-04-15T22:00:00,207.055,144.939,62.117,24.72,2.71
2022-04-15T23:00:00,104.421,73.095,31.326,24.72,2.7
2022-04-16T00:00:00,0.0,0.0,0.0,24.72,2.7
2022-04-16T01:00:00,104.421,73.095,31.326,24.72,2.69
2022-04-16T02:00:00,207.055,144.939,62.117,24.72,2.69
2022-04-16T03:00:00,306.147,214.303,91.844,24.72,2.68
2022-04-16T04:00:00,400.0,280.0,120.0,24.71,2.68
2022-04-16T05:00:00,487.009,340.906,146.103,24.71,2.67
2022-04-16T06:00:00,565.685,395.98,169.706,24.71,2.67
2022-04-16T07:00:00,634.683,444.278,190.405,24.71,2.66
2022-04-16T08:00:00,692.82,484.974,207.846,24.71,2.66
2022-04-16T09:00:00,739.104,517.373,221.731,24.71,2.65
2022-04-16T10:00:00,772.741,540.918,231.822,24.7,2.65
2022-04-16T11:00:00,793.156,555.209,237.947,24.7,2.64
2022-04-16T12:00:00,800.0,560.0,240.0,24.7,2.64
2022-04-16T13:00:00,793.156,555.209,237.947,24.7,2.63
2022-04-16T14:00:00,772.741,540.918,231.822,24.7,2.62
2022-04-16T15:00:00,739.104,517.373,221.731,24.7,2.62
2022-04-16T16:00:00,692.82,484.974,207.846,24.69,2.61
2022-04-16T17:00:00,634.683,444.278,190.405,24.69,2.61
2022-04-16T18:00:00,565.685,395.98,169.706,24.69,2.6
2022-04-16T19:00:00,487.009,340.906,146.103,24.69,2.6
2022-04-16T20:00:00,400.0,280.0,120.0,24.69,2.59
2022-04-16T21:00:00,306.147,214.303,91.844,24.68,2.58
2022-04-16T22:00:00,207.055,144.939,62.117,24.68,2.58
2022-04-16T23:00:00,104.421,73.095,31.326,24.68,2.57
2022-04-17T00:00:00,0.0,0.0,0.0,24.68,2.57
2022-04-17T01:00:00,104.421,73.095,31.326,24.68,2.56
2022-04-17T02:00:00,207.055,144.939,62.117,24.68,2.55
2022-04-17T03:00:00,306.147,214.303,91.844,24.67,2.55
2022-04-17T04:00:00,400.0,280.0,120.0,24.67,2.54
2022-04-17T05:00:00,487.009,340.906,146.103,24.67,2.54
2022-04-17T06:00:00,565.685,395.98,169.706,24.67,2.53
2022-04-17T07:00:00,634.683,444.278,190.405,24.67,2.52
2022-04-17T08:00:00,692.82,484.974,207.846,24.66,2.52
2022-04-17T09:00:00,739.104,517.373,221.731,24.66,2.51
2022-04-17T10:00:00,772.741,540.918,231.822,24.66,2.51
2022-04-17T11:00:00,793.156,555.209,237.947,24.66,2.5
2022-04-17T12:00:00,800.0,560.0,240.0,24.66,2.49
2022-04-17T13:00:00,793.156,555.209,237.947,24.66,2.49
2022-04-17T14:00:00,772.741,540.918,231.822,24.65,2.48
2022-04-17T15:00:00,739.104,517.373,221.731,24.65,2.47
2022-04-17T16:00:00,692.82,484.974,207.846,24.65,2.47
2022-04-17T17:00:00,634.683,444.278,190.405,24.65,2.46
2022-04-17T18:00:00,565.685,395.98,169.706,24.65,2.46
2022-04-17T19:00:00,487.009,340.906,146.103,24.64,2.45
2022-04-17T20:00:00,400.0,280.0,120.0,24.64,2.44
2022-04-17T21:00:00,306.147,214.303,91.844,24.64,2.44
2022-04-17T22:00:00,207.055,144.939,62.117,24.64,2.43
2022-04-17T23:00:00,104.421,73.095,31.326,24.64,2.42
2022-04-18T00:00:00,0.0,0.0,0.0,24.63,2.42
2022-04-18T01:00:00,104.421,73.095,31.326,24.63,2.41
2022-04-18T02:00:00,207.055,144.939,62.117,24.63,2.4
2022-04-18T03:00:00,306.147,214.303,91.844,24.63,2.4
2022-04-18T04:00:00,400.0,280.0,120.0,24.63,2.39
2022-04-18T05:00:00,487.009,340.906,146.103,24.63,2.38
2022-04-18T06:00:00,565.685,395.98,169.706,24.62,2.38
2022-04-18T07:00:00,634.683,444.278,190.405,24.62,2.37
2022-04-18T08:00:00,692.82,484.974,207.846,24.62,2.36
2022-04-18T09:00:00,739.104,517.373,221.731,24.62,2.36
2022-04-18T10:00:00,772.741,540.918,231.822,24.62,2.35
2022-04-18T11:00:00,793.156,555.209,237.947,24.61,2.34
2022-04-18T12:00:00,800.0,560.0,240.0,24.61,2.34
2022-04-18T13:00:00,793.156,555.209,237.947,24.61,2.33
2022-04-18T14:00:00,772.741,540.918,231.822,24.61,2.32
2022-04-18T15:00:00,739.104,517.373,221.731,24.61,2.32
2022-04-18T16:00:00,692.82,484.974,207.846,24.6,2.31
2022-04-18T17:00:00,634.683,444.278,190.405,24.6,2.3
2022-04-18T18:00:00,565.685,395.98,169.706,24.6,2.3
2022-04-18T19:00:00,487.009,340.906,146.103,24.6,2.29
2022-04-18T20:00:00,400.0,280.0,120.0,24.6,2.28
2022-04-18T21:00:00,306.147,214.303,91.844,24.59,2.28
2022-04-18T22:00:00,207.055,144.939,62.117,24.59,2.27
2022-04-18T23:00:00,104.421,73.095,31.326,24.59,2.26
2022-04-19T00:00:00,0.0,0.0,0.0,24.59,2.26
2022-04-19T01:00:00,104.421,73.095,31.326,24.59,2.25
2022-04-19T02:00:00,207.055,144.939,62.117,24.58,2.24
2022-04-19T03:00:00,306.147,214.303,91.844,24.58,2.23
2022-04-19T04:00:00,400.0,280.0,120.0,24.58,2.23
2022-04-19T05:00:00,487.009,340.906,146.103,24.58,2.22
2022-04-19T06:00:00,565.685,395.98,169.706,24.57,2.21
2022-04-19T07:00:00,634.683,444.278,190.405,24.57,2.21
2022-04-19T08:00:00,692.82,484.974,207.846,24.57,2.2
2022-04-19T09:00:00,739.104,517.373,221.731,24.57,2.19
2022-04-19T10:00:00,772.741,540.918,231.822,24.57,2.19
2022-04-19T11:00:00,793.156,555.209,237.947,24.56,2.18
2022-04-19T12:00:00,800.0,560.0,240.0,24.56,2.17
2022-04-19T13:00:00,793.156,555.209,237.947,24.56,2.16
2022-04-19T14:00:00,772.741,540.918,231.822,24.56,2.16
2022-04-19T15:00:00,739.104,517.373,221.731,24.56,2.15
2022-04-19T16:00:00,692.82,484.974,207.846,24.55,2.14
2022-04-19T17:00:00,634.683,444.278,190.405,24.55,2.14
2022-04-19T18:00:00,565.685,395.98,169.706,24.55,2.13
2022-04-19T19:00:00,487.009,340.906,146.103,24.55,2.12
2022-04-19T20:00:00,400.0,280.0,120.0,24.55,2.11
2022-04-19T21:00:00,306.147,214.303,91.844,24.54,2.11
2022-04-19T22:00:00,207.055,144.939,62.117,24.54,2.1
2022-04-19T23:00:00,104.421,73.095,31.326,24.54,2.09
2022-04-20T00:00:00,0.0,0.0,0.0,24.54,2.09
2022-04-20T01:00:00,104.421,73.095,31.326,24.53,2.08
2022-04-20T02:00:00,207.055,144.939,62.117,24.53,2.07
2022-04-20T03:00:00,306.147,214.303,91.844,24.53,2.06
2022-04-20T04:00:00,400.0,280.0,120.0,24.53,2.06
2022-04-20T05:00:00,487.009,340.906,146.103,24.53,2.05
2022-04-20T06:00:00,565.685,395.98,169.706,24.52,2.04
2022-04-20T07:00:00,634.683,444.278,190.405,24.52,2.04
2022-04-20T08:00:00,692.82,484.974,207.846,24.52,2.03
2022-04-20T09:00:00,739.104,517.373,221.731,24.52,2.02
2022-04-20T10:00:00,772.741,540.918,231.822,24.51,2.01
2022-04-20T11:00:00,793.156,555.209,237.947,24.51,2.01
2022-04-20T12:00:00,800.0,560.0,240.0,24.51,2.0
2022-04-20T13:00:00,793.156,555.209,237.947,24.51,2.01
2022-04-20T14:00:00,772.741,540.918,231.822,24.51,2.01
2022-04-20T15:00:00,739.104,517.373,221.731,24.5,2.02
2022-04-20T16:00:00,692.82,484.974,207.846,24.5,2.03
2022-04-20T17:00:00,634.683,444.278,190.405,24.5,2.04
2022-04-20T18:00:00,565.685,395.98,169.706,24.5,2.04
2022-04-20T19:00:00,487.009,340.906,146.103,24.49,2.05
2022-04-20T20:00:00,400.0,280.0,120.0,24.49,2.06
2022-04-20T21:00:00,306.147,214.303,91.844,24.49,2.06
2022-04-20T22:00:00,207.055,144.939,62.117,24.49,2.07
2022-04-20T23:00:00,104.421,73.095,31.326,24.49,2.08
2022-04-21T00:00:00,0.0,0.0,0.0,24.48,2.09
2022-04-21T01:00:00,104.421,73.095,31.326,24.48,2.09
2022-04-21T02:00:00,207.055,144.939,62.117,24.48,2.1
2022-04-21T03:00:00,306.147,214.303,91.844,24.48,2.11
2022-04-21T04:00:00,400.0,280.0,120.0,24.47,2.11
2022-04-21T05:00:00,487.009,340.906,146.103,24.47,2.12
2022-04-21T06:00:00,565.685,395.98,169.706,24.47,2.13
2022-04-21T07:00:00,634.683,444.278,190.405,24.47,2.14
2022-04-21T08:00:00,692.82,484.974,207.846,24.47,2.14
2022-04-21T09:00:00,739.104,517.373,221.731,24.46,2.15
2022-04-21T10:00:00,772.741,540.918,231.822,24.46,2.16
2022-04-21T11:00:00,793.156,555.209,237.947,24.46,2.16
2022-04-21T12:00:00,800.0,560.0,240.0,24.46,2.17
2022-04-21T13:00:00,793.156,555.209,237.947,24.45,2.18
2022-04-21T14:00:00,772.741,540.918,231.822,24.45,2.19
2022-04-21T15:00:00,739.104,517.373,221.731,24.45,2.19
2022-04-21T16:00:00,692.82,484.974,207.846,24.45,2.2
2022-04-21T17:00:00,634.683,444.278,190.405,24.44,2.21
2022-04-21T18:00:00,565.685,395.98,169.706,24.44,2.21
2022-04-21T19:00:00,487.009,340.906,146.103,24.44,2.22
2022-04-21T20:00:00,400.0,280.0,120.0,24.44,2.23
2022-04-21T21:00:00,306.147,214.303,91.844,24.43,2.23
2022-04-21T22:00:00,207.055,144.939,62.117,24.43,2.24
2022-04-21T23:00:00,104.421,73.095,31.326,24.43,2.25
2022-04-22T00:00:00,0.0,0.0,0.0,24.43,2.26
2022-04-22T01:00:00,104.421,73.095,31.326,24.43,2.26
2022-04-22T02:00:00,207.055,144.939,62.117,24.42,2.27
2022-04-22T03:00:00,306.147,214.303,91.844,24.42,2.28
2022-04-22T04:00:00,400.0,280.0,120.0,24.42,2.28
2022-04-22T05:00:00,487.009,340.906,146.103,24.42,2.29
2022-04-22T06:00:00,565.685,395.98,169.706,24.41,2.3
2022-04-22T07:00:00,634.683,444.278,190.405,24.41,2.3
2022-04-22T08:00:00,692.82,484.974,207.846,24.41,2.31
2022-04-22T09:00:00,739.104,517.373,221.731,24.41,2.32
2022-04-22T10:00:00,772.741,540.918,231.822,24.4,2.32
2022-04-22T11:00:00,793.156,555.209,237.947,24.4,2.33
2022-04-22T12:00:00,800.0,560.0,240.0,24.4,2.34
2022-04-22T13:00:00,793.156,555.209,237.947,24.4,2.34
2022-04-22T14:00:00,772.741,540.918,231.822,24.39,2.35
2022-04-22T15:00:00,739.104,517.373,221.731,24.39,2.36
2022-04-22T16:00:00,692.82,484.974,207.846,24.39,2.36
2022-04-22T17:00:00,634.683,444.278,190.405,24.39,2.37
2022-04-22T18:00:00,565.685,395.98,169.706,24.38,2.38
2022-04-22T19:00:00,487.009,340.906,146.103,24.38,2.38
2022-04-22T20:00:00,400.0,280.0,120.0,24.38,2.39
2022-04-22T21:00:00,306.147,214.303,91.844,24.38,2.4
2022-04-22T22:00:00,207.055,144.939,62.117,24.37,2.4
2022-04-22T23:00:00,104.421,73.095,31.326,24.37,2.41
2022-04-23T00:00:00,0.0,0.0,0.0,24.37,2.42
2022-04-23T01:00:00,104.421,73.095,31.326,24.37,2.42
2022-04-23T02:00:00,207.055,144.939,62.117,24.36,2.43
2022-04-23T03:00:00,306.147,214.303,91.844,24.36,2.44
2022-04-23T04:00:00,400.0,280.0,120.0,24.36,2.44
2022-04-23T05:00:00,487.009,340.906,146.103,24.36,2.45
2022-04-23T06:00:00,565.685,395.98,169.706,24.35,2.46
2022-04-23T07:00:00,634.683,444.278,190.405,24.35,2.46
2022-04-23T08:00:00,692.82,484.974,207.846,24.35,2.47
2022-04-23T09:00:00,739.104,517.373,221.731,24.35,2.47
2022-04-23T10:00:00,772.741,540.918,231.822,24.34,2.48
2022-04-23T11:00:00,793.156,555.209,237.947,24.34,2.49
2022-04-23T12:00:00,800.0,560.0,240.0,24.34,2.49
2022-04-23T13:00:00,793.156,555.209,237.947,24.34,2.5
2022-04-23T14:00:00,772.741,540.918,231.822,24.33,2.51
2022-04-23T15:00:00,739.104,517.373,221.731,24.33,2.51
2022-04-23T16:00:00,692.82,484.974,207.846,24.33,2.52
2022-04-23T17:00:00,634.683,444.278,190.405,24.33,2.52
2022-04-23T18:00:00,565.685,395.98,169.706,24.32,2.53
2022-04-23T19:00:00,487.009,340.906,146.103,24.32,2.54
2022-04-23T20:00:00,400.0,280.0,120.0,24.32,2.54
2022-04-23T21:00:00,306.147,214.303,91.844,24.32,2.55
2022-04-23T22:00:00,207.055,144.939,62.117,24.31,2.55
2022-04-23T23:00:00,104.421,73.095,31.326,24.31,2.56
2022-04-24T00:00:00,0.0,0.0,0.0,24.31,2.57
2022-04-24T01:00:00,104.421,73.095,31.326,24.3,2.57
2022-04-24T02:00:00,207.055,144.939,62.117,24.3,2.58
2022-04-24T03:00:00,306.147,214.303,91.844,24.3,2.58
2022-04-24T04:00:00,400.0,280.0,120.0,24.3,2.59
2022-04-24T05:00:00,487.009,340.906,146.103,24.29,2.6
2022-04-24T06:00:00,565.685,395.98,169.706,24.29,2.6
2022-04-24T07:00:00,634.683,444.278,190.405,24.29,2.61
2022-04-24T08:00:00,692.82,484.974,207.846,24.29,2.61
2022-04-24T09:00:00,739.104,517.373,221.731,24.28,2.62
2022-04-24T10:00:00,772.741,540.918,231.822,24.28,2.62
2022-04-24T11:00:00,793.156,555.209,237.947,24.28,2.63
2022-04-24T12:00:00,800.0,560.0,240.0,24.28,2.64
2022-04-24T13:00:00,793.156,555.209,237.947,24.27,2.64
2022-04-24T14:00:00,772.741,540.918,231.822,24.27,2.65
2022-04-24T15:00:00,739.104,517.373,221.731,24.27,2.65
2022-04-24T16:00:00,692.82,484.974,207.846,24.26,2.66
2022-04-24T17:00:00,634.683,444.278,190.405,24.26,2.66
2022-04-24T18:00:00,565.685,395.98,169.706,24.26,2.67
2022-04-24T19:00:00,487.009,340.906,146.103,24.26,2.67
2022-04-24T20:00:00,400.0,280.0,120.0,24.25,2.68
2022-04-24T21:00:00,306.147,214.303,91.844,24.25,2.68
2022-04-24T22:00:00,207.055,144.939,62.117,24.25,2.69
2022-04-24T23:00:00,104.421,73.095,31.326,24.25,2.69
2022-04-25T00:00:00,0.0,0.0,0.0,24.24,2.7
2022-04-25T01:00:00,104.421,73.095,31.326,24.24,2.7
2022-04-25T02:00:00,207.055,144.939,62.117,24.24,2.71
2022-04-25T03:00:00,306.147,214.303,91.844,24.23,2.71
2022-04-25T04:00:00,400.0,280.0,120.0,24.23,2.72
2022-04-25T05:00:00,487.009,340.906,146.103,24.23,2.72
2022-04-25T06:00:00,565.685,395.98,169.706,24.23,2.73
2022-04-25T07:00:00,634.683,444.278,190.405,24.22,2.73
2022-04-25T08:00:00,692.82,484.974,207.846,24.22,2.74
2022-04-25T09:00:00,739.104,517.373,221.731,24.22,2.74
2022-04-25T10:00:00,772.741,540.918,231.822,24.22,2.75
2022-04-25T11:00:00,793.156,555.209,237.947,24.21,2.75
2022-04-25T12:00:00,800.0,560.0,240.0,24.21,2.76
2022-04-25T13:00:00,793.156,555.209,237.947,24.21,2.76
2022-04-25T14:00:00,772.741,540.918,231.822,24.2,2.77
2022-04-25T15:00:00,739.104,517.373,221.731,24.2,2.77
2022-04-25T16:00:00,692.82,484.974,207.846,24.2,2.78
2022-04-25T17:00:00,634.683,444.278,190.405,24.2,2.78
2022-04-25T18:00:00,565.685,395.98,169.706,24.19,2.79
2022-04-25T19:00:00,487.009,340.906,146.103,24.19,2.79
2022-04-25T20:00:00,400.0,280.0,120.0,24.19,2.79
2022-04-25T21:00:00,306.147,214.303,91.844,24.18,2.8
2022-04-25T22:00:00,207.055,144.939,62.117,24.18,2.8
2022-04-25T23:00:00,104.421,73.095,31.326,24.18,2.81
2022-04-26T00:00:00,0.0,0.0,0.0,24.18,2.81
2022-04-26T01:00:00,104.421,73.095,31.326,24.17,2.82
2022-04-26T02:00:00,207.055,144.939,62.117,24.17,2.82
2022-04-26T03:00:00,306.147,214.303,91.844,24.17,2.82
2022-04-26T04:00:00,400.0,280.0,120.0,24.16,2.83
2022-04-26T05:00:00,487.009,340.906,146.103,24.16,2.83
2022-04-26T06:00:00,565.685,395.98,169.706,24.16,2.84
2022-04-26T07:00:00,634.683,444.278,190.405,24.16,2.84
2022-04-26T08:00:00,692.82,484.974,207.846,24.15,2.84
2022-04-26T09:00:00,739.104,517.373,221.731,24.15,2.85
2022-04-26T10:00:00,772.741,540.918,231.822,24.15,2.85
2022-04-26T11:00:00,793.156,555.209,237.947,24.14,2.86
2022-04-26T12:00:00,800.0,560.0,240.0,24.14,2.86
2022-04-26T13:00:00,793.156,555.209,237.947,24.14,2.86
2022-04-26T14:00:00,772.741,540.918,231.822,24.14,2.87
2022-04-26T15:00:00,739.104,517.373,221.731,24.13,2.87
2022-04-26T16:00:00,692.82,484.974,207.846,24.13,2.87
2022-04-26T17:00:00,634.683,444.278,190.405,24.13,2.88
2022-04-26T18:00:00,565.685,395.98,169.706,24.12,2.88
2022-04-26T19:00:00,487.009,340.906,146.103,24.12,2.88
2022-04-26T20:00:00,400.0,280.0,120.0,24.12,2.89
2022-04-26T21:00:00,306.147,214.303,91.844,24.11,2.89
2022-04-26T22:00:00,207.055,144.939,62.117,24.11,2.89
2022-04-26T23:00:00,104.421,73.095,31.326,24.11,2.9
2022-04-27T00:00:00,0.0,0.0,0.0,24.11,2.9
2022-04-27T01:00:00,104.421,73.095,31.326,24.1,2.9
2022-04-27T02:00:00,207.055,144.939,62.117,24.1,2.91
2022-04-27T03:00:00,306.147,214.303,91.844,24.1,2.91
2022-04-27T04:00:00,400.0,280.0,120.0,24.09,2.91
2022-04-27T05:00:00,487.009,340.906,146.103,24.09,2.91
2022-04-27T06:00:00,565.685,395.98,169.706,24.09,2.92
2022-04-27T07:00:00,634.683,444.278,190.405,24.09,2.92
2022-04-27T08:00:00,692.82,484.974,207.846,24.08,2.92
2022-04-27T09:00:00,739.104,517.373,221.731,24.08,2.93
2022-04-27T10:00:00,772.741,540.918,231.822,24.08,2.93
2022-04-27T11:00:00,793.156,555.209,237.947,24.07,2.93
2022-04-27T12:00:00,800.0,560.0,240.0,24.07,2.93
2022-04-27T13:00:00,793.156,555.209,237.947,24.07,2.94
2022-04-27T14:00:00,772.741,540.918,231.822,24.06,2.94
2022-04-27T15:00:00,739.104,517.373,221.731,24.06,2.94
2022-04-27T16:00:00,692.82,484.974,207.846,24.06,2.94
2022-04-27T17:00:00,634.683,444.278,190.405,24.05,2.95
2022-04-27T18:00:00,565.685,395.98,169.706,24.05,2.95
2022-04-27T19:00:00,487.009,340.906,146.103,24.05,2.95
2022-04-27T20:00:00,400.0,280.0,120.0,24.05,2.95
2022-04-27T21:00:00,306.147,214.303,91.844,24.04,2.95
2022-04-27T22:00:00,207.055,144.939,62.117,24.04,2.96
2022-04-27T23:00:00,104.421,73.095,31.326,24.04,2.96
2022-04-28T00:00:00,0.0,0.0,0.0,24.03,2.96
2022-04-28T01:00:00,104.421,73.095,31.326,24.03,2.96
2022-04-28T02:00:00,207.055,144.939,62.117,24.03,2.96
2022-04-28T03:00:00,306.147,214.303,91.844,24.02,2.97
2022-04-28T04:00:00,400.0,280.0,120.0,24.02,2.97
2022-04-28T05:00:00,487.009,340.906,146.103,24.02,2.97
2022-04-28T06:00:00,565.685,395.98,169.706,24.02,2.97
2022-04-28T07:00:00,634.683,444.278,190.405,24.01,2.97
2022-04-28T08:00:00,692.82,484.974,207.846,24.01,2.98
2022-04-28T09:00:00,739.104,517.373,221.731,24.01,2.98
2022-04-28T10:00:00,772.741,540.918,231.822,24.0,2.98
2022-04-28T11:00:00,793.156,555.209,237.947,24.0,2.98
2022-04-28T12:00:00,800.0,560.0,240.0,24.0,2.98
2022-04-28T13:00:00,793.156,555.209,237.947,23.99,2.98
2022-04-28T14:00:00,772.741,540.918,231.822,23.99,2.98
2022-04-28T15:00:00,739.104,517.373,221.731,23.99,2.99
2022-04-28T16:00:00,692.82,484.974,207.846,23.98,2.99
2022-04-28T17:00:00,634.683,444.278,190.405,23.98,2.99
2022-04-28T18:00:00,565.685,395.98,169.706,23.98,2.99
2022-04-28T19:00:00,487.009,340.906,146.103,23.97,2.99
2022-04-28T20:00:00,400.0,280.0,120.0,23.97,2.99
2022-04-28T21:00:00,306.147,214.303,91.844,23.97,2.99
2022-04-28T22:00:00,207.055,144.939,62.117,23.96,2.99
2022-04-28T23:00:00,104.421,73.095,31.326,23.96,2.99
2022-04-29T00:00:00,0.0,0.0,0.0,23.96,2.99
2022-04-29T01:00:00,104.421,73.095,31.326,23.96,2.99
2022-04-29T02:00:00,207.055,144.939,62.117,23.95,3.0
2022-04-29T03:00:00,306.147,214.303,91.844,23.95,3.0
2022-04-29T04:00:00,400.0,280.0,120.0,23.95,3.0
2022-04-29T05:00:00,487.009,340.906,146.103,23.94,3.0
2022-04-29T06:00:00,565.685,395.98,169.706,23.94,3.0
2022-04-29T07:00:00,634.683,444.278,190.405,23.94,3.0
2022-04-29T08:00:00,692.82,484.974,207.846,23.93,3.0
2022-04-29T09:00:00,739.104,517.373,221.731,23.93,3.0
2022-04-29T10:00:00,772.741,540.918,231.822,23.93,3.0
2022-04-29T11:00:00,793.156,555.209,237.947,23.92,3.0
2022-04-29T12:00:00,800.0,560.0,240.0,23.92,3.0
2022-04-29T13:00:00,793.156,555.209,237.947,23.92,3.0
2022-04-29T14:00:00,772.741,540.918,231.822,23.91,3.0
2022-04-29T15:00:00,739.104,517.373,221.731,23.91,3.0
2022-04-29T16:00:00,692.82,484.974,207.846,23.91,3.0
2022-04-29T17:00:00,634.683,444.278,190.405,23.9,3.0
2022-04-29T18:00:00,565.685,395.98,169.706,23.9,3.0
2022-04-29T19:00:00,487.009,340.906,146.103,23.9,3.0
2022-04-29T20:00:00,400.0,280.0,120.0,23.89,3.0
2022-04-29T21:00:00,306.147,214.303,91.844,23.89,3.0
2022-04-29T22:00:00,207.055,144.939,62.117,23.89,3.0
2022-04-29T23:00:00,104.421,73.095,31.326,23.88,3.0
2022-04-30T00:00:00,0.0,0.0,0.0,23.88,3.0
2022-04-30T01:00:00,104.421,73.095,31.326,23.88,3.0
2022-04-30T02:00:00,207.055,144.939,62.117,23.87,3.0
2022-04-30T03:00:00,306.147,214.303,91.844,23.87,3.0
2022-04-30T04:00:00,400.0,280.0,120.0,23.87,3.0
2022-04-30T05:00:00,487.009,340.906,146.103,23.86,2.99
2022-04-30T06:00:00,565.685,395.98,169.706,23.86,2.99
2022-04-30T07:00:00,634.683,444.278,190.405,23.86,2.99
2022-04-30T08:00:00,692.82,484.974,207.846,23.85,2.99
2022-04-30T09:00:00,739.104,517.373,221.731,23.85,2.99
2022-04-30T10:00:00,772.741,540.918,231.822,23.85,2.99
2022-04-30T11:00:00,793.156,555.209,237.947,23.84,2.99
2022-04-30T12:00:00,800.0,560.0,240.0,23.84,2.99
2022-04-30T13:00:00,793.156,555.209,237.947,23.84,2.99
2022-04-30T14:00:00,772.741,540.918,231.822,23.83,2.99
2022-04-30T15:00:00,739.104,517.373,221.731,23.83,2.99
2022-04-30T16:00:00,692.82,484.974,207.846,23.83,2.98
2022-04-30T17:00:00,634.683,444.278,190.405,23.82,2.98
2022-04-30T18:00:00,565.685,395.98,169.706,23.82,2.98
2022-04-30T19:00:00,487.009,340.906,146.103,23.82,2.98
2022-04-30T20:00:00,400.0,280.0,120.0,23.81,2.98
2022-04-30T21:00:00,306.147,214.303,91.844,23.81,2.98
2022-04-30T22:00:00,207.055,144.939,62.117,23.81,2.98
2022-04-30T23:00:00,104.421,73.095,31.326,23.8,2.97
2022-05-01T00:00:00,0.0,0.0,0.0,23.8,2.97
2022-05-01T01:00:00,104.421,73.095,31.326,23.8,2.97
2022-05-01T02:00:00,207.055,144.939,62.117,23.79,2.97
2022-05-01T03:00:00,306.147,214.303,91.844,23.79,2.97
2022-05-01T04:00:00,400.0,280.0,120.0,23.79,2.96
2022-05-01T05:00:00,487.009,340.906,146.103,23.78,2.96
2022-05-01T06:00:00,565.685,395.98,169.706,23.78,2.96
2022-05-01T07:00:00,634.683,444.278,190.405,23.78,2.96
2022-05-01T08:00:00,692.82,484.974,207.846,23.77,2.96
2022-05-01T09:00:00,739.104,517.373,221.731,23.77,2.95
2022-05-01T10:00:00,772.741,540.918,231.822,23.77,2.95
2022-05-01T11:00:00,793.156,555.209,237.947,23.76,2.95
2022-05-01T12:00:00,800.0,560.0,240.0,23.76,2.95
2022-05-01T13:00:00,793.156,555.209,237.947,23.76,2.95
2022-05-01T14:00:00,772.741,540.918,231.822,23.75,2.94
2022-05-01T15:00:00,739.104,517.373,221.731,23.75,2.94
2022-05-01T16:00:00,692.82,484.974,207.846,23.75,2.94
2022-05-01T17:00:00,634.683,444.278,190.405,23.74,2.94
2022-05-01T18:00:00,565.685,395.98,169.706,23.74,2.93
2022-05-01T19:00:00,487.009,340.906,146.103,23.73,2.93
2022-05-01T20:00:00,400.0,280.0,120.0,23.73,2.93
2022-05-01T21:00:00,306.147,214.303,91.844,23.73,2.93
2022-05-01T22:00:00,207.055,144.939,62.117,23.72,2.92
2022-05-01T23:00:00,104.421,73.095,31.326,23.72,2.92
2022-05-02T00:00:00,0.0,0.0,0.0,23.72,2.92
2022-05-02T01:00:00,104.421,73.095,31.326,23.71,2.91
2022-05-02T02:00:00,207.055,144.939,62.117,23.71,2.91
2022-05-02T03:00:00,306.147,214.303,91.844,23.71,2.91
2022-05-02T04:00:00,400.0,280.0,120.0,23.7,2.91
2022-05-02T05:00:00,487.009,340.906,146.103,23.7,2.9
2022-05-02T06:00:00,565.685,395.98,169.706,23.7,2.9
2022-05-02T07:00:00,634.683,444.278,190.405,23.69,2.9
2022-05-02T08:00:00,692.82,484.974,207.846,23.69,2.89
2022-05-02T09:00:00,739.104,517.373,221.731,23.69,2.89
2022-05-02T10:00:00,772.741,540.918,231.822,23.68,2.89
2022-05-02T11:00:00,793.156,555.209,237.947,23.68,2.88
2022-05-02T12:00:00,800.0,560.0,240.0,23.67,2.88
2022-05-02T13:00:00,793.156,555.209,237.947,23.67,2.88
2022-05-02T14:00:00,772.741,540.918,231.822,23.67,2.87
2022-05-02T15:00:00,739.104,517.373,221.731,23.66,2.87
2022-05-02T16:00:00,692.82,484.974,207.846,23.66,2.87
2022-05-02T17:00:00,634.683,444.278,190.405,23.66,2.86
2022-05-02T18:00:00,565.685,395.98,169.706,23.65,2.86
2022-05-02T19:00:00,487.009,340.906,146.103,23.65,2.86
2022-05-02T20:00:00,400.0,280.0,120.0,23.65,2.85
2022-05-02T21:00:00,306.147,214.303,91.844,23.64,2.85
2022-05-02T22:00:00,207.055,144.939,62.117,23.64,2.84
2022-05-02T23:00:00,104.421,73.095,31.326,23.64,2.84
2022-05-03T00:00:00,0.0,0.0,0.0,23.63,2.84
2022-05-03T01:00:00,104.421,73.095,31.326,23.63,2.83
2022-05-03T02:00:00,207.055,144.939,62.117,23.62,2.83
2022-05-03T03:00:00,306.147,214.303,91.844,23.62,2.82
2022-05-03T04:00:00,400.0,280.0,120.0,23.62,2.82
2022-05-03T05:00:00,487.009,340.906,146.103,23.61,2.82
2022-05-03T06:00:00,565.685,395.98,169.706,23.61,2.81
2022-05-03T07:00:00,634.683,444.278,190.405,23.61,2.81
2022-05-03T08:00:00,692.82,484.974,207.846,23.6,2.8
2022-05-03T09:00:00,739.104,517.373,221.731,23.6,2.8
2022-05-03T10:00:00,772.741,540.918,231.822,23.59,2.79
2022-05-03T11:00:00,793.156,555.209,237.947,23.59,2.79
2022-05-03T12:00:00,800.0,560.0,240.0,23.59,2.79
2022-05-03T13:00:00,793.156,555.209,237.947,23.58,2.78
2022-05-03T14:00:00,772.741,540.918,231.822,23.58,2.78
2022-05-03T15:00:00,739.104,517.373,221.731,23.58,2.77
2022-05-03T16:00:00,692.82,484.974,207.846,23.57,2.77
2022-05-03T17:00:00,634.683,444.278,190.405,23.57,2.76
2022-05-03T18:00:00,565.685,395.98,169.706,23.57,2.76
2022-05-03T19:00:00,487.009,340.906,146.103,23.56,2.75
2022-05-03T20:00:00,400.0,280.0,120.0,23.56,2.75
2022-05-03T21:00:00,306.147,214.303,91.844,23.55,2.74
2022-05-03T22:00:00,207.055,144.939,62.117,23.55,2.74
2022-05-03T23:00:00,104.421,73.095,31.326,23.55,2.73
2022-05-04T00:00:00,0.0,0.0,0.0,23.54,2.73
2022-05-04T01:00:00,104.421,73.095,31.326,23.54,2.72
2022-05-04T02:00:00,207.055,144.939,62.117,23.54,2.72
2022-05-04T03:00:00,306.147,214.303,91.844,23.53,2.71
2022-05-04T04:00:00,400.0,280.0,120.0,23.53,2.71
2022-05-04T05:00:00,487.009,340.906,146.103,23.52,2.7
2022-05-04T06:00:00,565.685,395.98,169.706,23.52,2.7
2022-05-04T07:00:00,634.683,444.278,190.405,23.52,2.69
2022-05-04T08:00:00,692.82,484.974,207.846,23.51,2.69
2022-05-04T09:00:00,739.104,517.373,221.731,23.51,2.68
2022-05-04T10:00:00,772.741,540.918,231.822,23.51,2.68
2022-05-04T11:00:00,793.156,555.209,237.947,23.5,2.67
2022-05-04T12:00:00,800.0,560.0,240.0,23.5,2.67
2022-05-04T13:00:00,793.156,555.209,237.947,23.49,2.66
2022-05-04T14:00:00,772.741,540.918,231.822,23.49,2.66
2022-05-04T15:00:00,739.104,517.373,221.731,23.49,2.65
2022-05-04T16:00:00,692.82,484.974,207.846,23.48,2.65
2022-05-04T17:00:00,634.683,444.278,190.405,23.48,2.64
2022-05-04T18:00:00,565.685,395.98,169.706,23.48,2.64
2022-05-04T19:00:00,487.009,340.906,146.103,23.47,2.63
2022-05-04T20:00:00,400.0,280.0,120.0,23.47,2.62
2022-05-04T21:00:00,306.147,214.303,91.844,23.46,2.62
2022-05-04T22:00:00,207.055,144.939,62.117,23.46,2.61
2022-05-04T23:00:00,104.421,73.095,31.326,23.46,2.61
2022-05-05T00:00:00,0.0,0.0,0.0,23.45,2.6
2022-05-05T01:00:00,104.421,73.095,31.326,23.45,2.6
2022-05-05T02:00:00,207.055,144.939,62.117,23.44,2.59
2022-05-05T03:00:00,306.147,214.303,91.844,23.44,2.58
2022-05-05T04:00:00,400.0,280.0,120.0,23.44,2.58
2022-05-05T05:00:00,487.009,340.906,146.103,23.43,2.57
2022-05-05T06:00:00,565.685,395.98,169.706,23.43,2.57
2022-05-05T07:00:00,634.683,444.278,190.405,23.43,2.56
2022-05-05T08:00:00,692.82,484.974,207.846,23.42,2.55
2022-05-05T09:00:00,739.104,517.373,221.731,23.42,2.55
2022-05-05T10:00:00,772.741,540.918,231.822,23.41,2.54
2022-05-05T11:00:00,793.156,555.209,237.947,23.41,2.54
2022-05-05T12:00:00,800.0,560.0,240.0,23.41,2.53
2022-05-05T13:00:00,793.156,555.209,237.947,23.4,2.52
2022-05-05T14:00:00,772.741,540.918,231.822,23.4,2.52
2022-05-05T15:00:00,739.104,517.373,221.731,23.39,2.51
2022-05-05T16:00:00,692.82,484.974,207.846,23.39,2.51
2022-05-05T17:00:00,634.683,444.278,190.405,23.39,2.5
2022-05-05T18:00:00,565.685,395.98,169.706,23.38,2.49
2022-05-05T19:00:00,487.009,340.906,146.103,23.38,2.49
2022-05-05T20:00:00,400.0,280.0,120.0,23.37,2.48
2022-05-05T21:00:00,306.147,214.303,91.844,23.37,2.47
2022-05-05T22:00:00,207.055,144.939,62.117,23.37,2.47
2022-05-05T23:00:00,104.421,73.095,31.326,23.36,2.46
2022-05-06T00:00:00,0.0,0.0,0.0,23.36,2.46
2022-05-06T01:00:00,104.421,73.095,31.326,23.36,2.45
2022-05-06T02:00:00,207.055,144.939,62.117,23.35,2.44
2022-05-06T03:00:00,306.147,214.303,91.844,23.35,2.44
2022-05-06T04:00:00,400.0,280.0,120.0,23.34,2.43
2022-05-06T05:00:00,487.009,340.906,146.103,23.34,2.42
2022-05-06T06:00:00,565.685,395.98,169.706,23.34,2.42
2022-05-06T07:00:00,634.683,444.278,190.405,23.33,2.41
2022-05-06T08:00:00,692.82,484.974,207.846,23.33,2.4
2022-05-06T09:00:00,739.104,517.373,221.731,23.32,2.4
2022-05-06T10:00:00,772.741,540.918,231.822,23.32,2.39
2022-05-06T11:00:00,793.156,555.209,237.947,23.32,2.38
2022-05-06T12:00:00,800.0,560.0,240.0,23.31,2.38
2022-05-06T13:00:00,793.156,555.209,237.947,23.31,2.37
2022-05-06T14:00:00,772.741,540.918,231.822,23.3,2.36
2022-05-06T15:00:00,739.104,517.373,221.731,23.3,2.36
2022-05-06T16:00:00,692.82,484.974,207.846,23.3,2.35
2022-05-06T17:00:00,634.683,444.278,190.405,23.29,2.34
2022-05-06T18:00:00,565.685,395.98,169.706,23.29,2.34
2022-05-06T19:00:00,487.009,340.906,146.103,23.28,2.33
2022-05-06T20:00:00,400.0,280.0,120.0,23.28,2.32
2022-05-06T21:00:00,306.147,214.303,91.844,23.28,2.32
2022-05-06T22:00:00,207.055,144.939,62.117,23.27,2.31
2022-05-06T23:00:00,104.421,73.095,31.326,23.27,2.3
2022-05-07T00:00:00,0.0,0.0,0.0,23.26,2.3
2022-05-07T01:00:00,104.421,73.095,31.326,23.26,2.29
2022-05-07T02:00:00,207.055,144.939,62.117,23.26,2.28
2022-05-07T03:00:00,306.147,214.303,91.844,23.25,2.28
2022-05-07T04:00:00,400.0,280.0,120.0,23.25,2.27
2022-05-07T05:00:00,487.009,340.906,146.103,23.24,2.26
2022-05-07T06:00:00,565.685,395.98,169.706,23.24,2.26
2022-05-07T07:00:00,634.683,444.278,190.405,23.24,2.25
2022-05-07T08:00:00,692.82,484.974,207.846,23.23,2.24
2022-05-07T09:00:00,739.104,517.373,221.731,23.23,2.23
2022-05-07T10:00:00,772.741,540.918,231.822,23.22,2.23
2022-05-07T11:00:00,793.156,555.209,237.947,23.22,2.22
2022-05-07T12:00:00,800.0,560.0,240.0,23.21,2.21
2022-05-07T13:00:00,793.156,555.209,237.947,23.21,2.21
2022-05-07T14:00:00,772.741,540.918,231.822,23.21,2.2
2022-05-07T15:00:00,739.104,517.373,221.731,23.2,2.19
2022-05-07T16:00:00,692.82,484.974,207.846,23.2,2.19
2022-05-07T17:00:00,634.683,444.278,190.405,23.19,2.18
2022-05-07T18:00:00,565.685,395.98,169.706,23.19,2.17
2022-05-07T19:00:00,487.009,340.906,146.103,23.19,2.16
2022-05-07T20:00:00,400.0,280.0,120.0,23.18,2.16
2022-05-07T21:00:00,306.147,214.303,91.844,23.18,2.15
2022-05-07T22:00:00,207.055,144.939,62.117,23.17,2.14
2022-05-07T23:00:00,104.421,73.095,31.326,23.17,2.14
2022-05-08T00:00:00,0.0,0.0,0.0,23.17,2.13
2022-05-08T01:00:00,104.421,73.095,31.326,23.16,2.12
2022-05-08T02:00:00,207.055,144.939,62.117,23.16,2.11
2022-05-08T03:00:00,306.147,214.303,91.844,23.15,2.11
2022-05-08T04:00:00,400.0,280.0,120.0,23.15,2.1
2022-05-08T05:00:00,487.009,340.906,146.103,23.14,2.09
2022-05-08T06:00:00,565.685,395.98,169.706,23.14,2.09
2022-05-08T07:00:00,634.683,444.278,190.405,23.14,2.08
2022-05-08T08:00:00,692.82,484.974,207.846,23.13,2.07
2022-05-08T09:00:00,739.104,517.373,221.731,23.13,2.06
2022-05-08T10:00:00,772.741,540.918,231.822,23.12,2.06
2022-05-08T11:00:00,793.156,555.209,237.947,23.12,2.05
2022-05-08T12:00:00,800.0,560.0,240.0,23.12,2.04
2022-05-08T13:00:00,793.156,555.209,237.947,23.11,2.04
2022-05-08T14:00:00,772.741,540.918,231.822,23.11,2.03
2022-05-08T15:00:00,739.104,517.373,221.731,23.1,2.02
2022-05-08T16:00:00,692.82,484.974,207.846,23.1,2.01
2022-05-08T17:00:00,634.683,444.278,190.405,23.09,2.01
2022-05-08T18:00:00,565.685,395.98,169.706,23.09,2.0
2022-05-08T19:00:00,487.009,340.906,146.103,23.09,2.01
2022-05-08T20:00:00,400.0,280.0,120.0,23.08,2.01
2022-05-08T21:00:00,306.147,214.303,91.844,23.08,2.02
2022-05-08T22:00:00,207.055,144.939,62.117,23.07,2.03
2022-05-08T23:00:00,104.421,73.095,31.326,23.07,2.04
2022-05-09T00:00:00,0.0,0.0,0.0,23.06,2.04
2022-05-09T01:00:00,104.421,73.095,31.326,23.06,2.05
2022-05-09T02:00:00,207.055,144.939,62.117,23.06,2.06
2022-05-09T03:00:00,306.147,214.303,91.844,23.05,2.06
2022-05-09T04:00:00,400.0,280.0,120.0,23.05,2.07
2022-05-09T05:00:00,487.009,340.906,146.103,23.04,2.08
2022-05-09T06:00:00,565.685,395.98,169.706,23.04,2.09
2022-05-09T07:00:00,634.683,444.278,190.405,23.04,2.09
2022-05-09T08:00:00,692.82,484.974,207.846,23.03,2.1
2022-05-09T09:00:00,739.104,517.373,221.731,23.03,2.11
2022-05-09T10:00:00,772.741,540.918,231.822,23.02,2.11
2022-05-09T11:00:00,793.156,555.209,237.947,23.02,2.12
2022-05-09T12:00:00,800.0,560.0,240.0,23.01,2.13
2022-05-09T13:00:00,793.156,555.209,237.947,23.01,2.14
2022-05-09T14:00:00,772.741,540.918,231.822,23.01,2.14
2022-05-09T15:00:00,739.104,517.373,221.731,23.0,2.15
2022-05-09T16:00:00,692.82,484.974,207.846,23.0,2.16
2022-05-09T17:00:00,634.683,444.278,190.405,22.99,2.16
2022-05-09T18:00:00,565.685,395.98,169.706,22.99,2.17
2022-05-09T19:00:00,487.009,340.906,146.103,22.98,2.18
2022-05-09T20:00:00,400.0,280.0,120.0,22.98,2.19
2022-05-09T21:00:00,306.147,214.303,91.844,22.97,2.19
2022-05-09T22:00:00,207.055,144.939,62.117,22.97,2.2
2022-05-09T23:00:00,104.421,73.095,31.326,22.97,2.21
2022-05-10T00:00:00,0.0,0.0,0.0,22.96,2.21
2022-05-10T01:00:00,104.421,73.095,31.326,22.96,2.22
2022-05-10T02:00:00,207.055,144.939,62.117,22.95,2.23
2022-05-10T03:00:00,306.147,214.303,91.844,22.95,2.23
2022-05-10T04:00:00,400.0,280.0,120.0,22.94,2.24
2022-05-10T05:00:00,487.009,340.906,146.103,22.94,2.25
2022-05-10T06:00:00,565.685,395.98,169.706,22.94,2.26
2022-05-10T07:00:00,634.683,444.278,190.405,22.93,2.26
2022-05-10T08:00:00,692.82,484.974,207.846,22.93,2.27
2022-05-10T09:00:00,739.104,517.373,221.731,22.92,2.28
2022-05-10T10:00:00,772.741,540.918,231.822,22.92,2.28
2022-05-10T11:00:00,793.156,555.209,237.947,22.91,2.29
2022-05-10T12:00:00,800.0,560.0,240.0,22.91,2.3
2022-05-10T13:00:00,793.156,555.209,237.947,22.91,2.3
2022-05-10T14:00:00,772.741,540.918,231.822,22.9,2.31
2022-05-10T15:00:00,739.104,517.373,221.731,22.9,2.32
2022-05-10T16:00:00,692.82,484.974,207.846,22.89,2.32
2022-05-10T17:00:00,634.683,444.278,190.405,22.89,2.33
2022-05-10T18:00:00,565.685,395.98,169.706,22.88,2.34
2022-05-10T19:00:00,487.009,340.906,146.103,22.88,2.34
2022-05-10T20:00:00,400.0,280.0,120.0,22.87,2.35
2022-05-10T21:00:00,306.147,214.303,91.844,22.87,2.36
2022-05-10T22:00:00,207.055,144.939,62.117,22.87,2.36
2022-05-10T23:00:00,104.421,73.095,31.326,22.86,2.37
2022-05-11T00:00:00,0.0,0.0,0.0,22.86,2.38
2022-05-11T01:00:00,104.421,73.095,31.326,22.85,2.38
2022-05-11T02:00:00,207.055,144.939,62.117,22.85,2.39
2022-05-11T03:00:00,306.147,214.303,91.844,22.84,2.4
2022-05-11T04:00:00,400.0,280.0,120.0,22.84,2.4
2022-05-11T05:00:00,487.009,340.906,146.103,22.83,2.41
2022-05-11T06:00:00,565.685,395.98,169.706,22.83,2.42
2022-05-11T07:00:00,634.683,444.278,190.405,22.83,2.42
2022-05-11T08:00:00,692.82,484.974,207.846,22.82,2.43
2022-05-11T09:00:00,739.104,517.373,221.731,22.82,2.44
2022-05-11T10:00:00,772.741,540.918,231.822,22.81,2.44
2022-05-11T11:00:00,793.156,555.209,237.947,22.81,2.45
2022-05-11T12:00:00,800.0,560.0,240.0,22.8,2.46
2022-05-11T13:00:00,793.156,555.209,237.947,22.8,2.46
2022-05-11T14:00:00,772.741,540.918,231.822,22.79,2.47
2022-05-11T15:00:00,739.104,517.373,221.731,22.79,2.47
2022-05-11T16:00:00,692.82,484.974,207.846,22.78,2.48
2022-05-11T17:00:00,634.683,444.278,190.405,22.78,2.49
2022-05-11T18:00:00,565.685,395.98,169.706,22.78,2.49
2022-05-11T19:00:00,487.009,340.906,146.103,22.77,2.5
2022-05-11T20:00:00,400.0,280.0,120.0,22.77,2.51
2022-05-11T21:00:00,306.147,214.303,91.844,22.76,2.51
2022-05-11T22:00:00,207.055,144.939,62.117,22.76,2.52
2022-05-11T23:00:00,104.421,73.095,31.326,22.75,2.52
2022-05-12T00:00:00,0.0,0.0,0.0,22.75,2.53
2022-05-12T01:00:00,104.421,73.095,31.326,22.74,2.54
2022-05-12T02:00:00,207.055,144.939,62.117,22.74,2.54
2022-05-12T03:00:00,306.147,214.303,91.844,22.74,2.55
2022-05-12T04:00:00,400.0,280.0,120.0,22.73,2.55
2022-05-12T05:00:00,487.009,340.906,146.103,22.73,2.56
2022-05-12T06:00:00,565.685,395.98,169.706,22.72,2.57
2022-05-12T07:00:00,634.683,444.278,190.405,22.72,2.57
2022-05-12T08:00:00,692.82,484.974,207.846,22.71,2.58
2022-05-12T09:00:00,739.104,517.373,221.731,22.71,2.58
2022-05-12T10:00:00,772.741,540.918,231.822,22.7,2.59
2022-05-12T11:00:00,793.156,555.209,237.947,22.7,2.6
2022-05-12T12:00:00,800.0,560.0,240.0,22.69,2.6
2022-05-12T13:00:00,793.156,555.209,237.947,22.69,2.61
2022-05-12T14:00:00,772.741,540.918,231.822,22.68,2.61
2022-05-12T15:00:00,739.104,517.373,221.731,22.68,2.62
2022-05-12T16:00:00,692.82,484.974,207.846,22.68,2.62
2022-05-12T17:00:00,634.683,444.278,190.405,22.67,2.63
2022-05-12T18:00:00,565.685,395.98,169.706,22.67,2.64
2022-05-12T19:00:00,487.009,340.906,146.103,22.66,2.64
2022-05-12T20:00:00,400.0,280.0,120.0,22.66,2.65
2022-05-12T21:00:00,306.147,214.303,91.844,22.65,2.65
2022-05-12T22:00:00,207.055,144.939,62.117,22.65,2.66
2022-05-12T23:00:00,104.421,73.095,31.326,22.64,2.66
2022-05-13T00:00:00,0.0,0.0,0.0,22.64,2.67
2022-05-13T01:00:00,104.421,73.095,31.326,22.63,2.67
2022-05-13T02:00:00,207.055,144.939,62.117,22.63,2.68
2022-05-13T03:00:00,306.147,214.303,91.844,22.62,2.68
2022-05-13T04:00:00,400.0,280.0,120.0,22.62,2.69
2022-05-13T05:00:00,487.009,340.906,146.103,22.62,2.69
2022-05-13T06:00:00,565.685,395.98,169.706,22.61,2.7
2022-05-13T07:00:00,634.683,444.278,190.405,22.61,2.7
2022-05-13T08:00:00,692.82,484.974,207.846,22.6,2.71
2022-05-13T09:00:00,739.104,517.373,221.731,22.6,2.71
2022-05-13T10:00:00,772.741,540.918,231.822,22.59,2.72
2022-05-13T11:00:00,793.156,555.209,237.947,22.59,2.72
2022-05-13T12:00:00,800.0,560.0,240.0,22.58,2.73
2022-05-13T13:00:00,793.156,555.209,237.947,22.58,2.73
2022-05-13T14:00:00,772.741,540.918,231.822,22.57,2.74
2022-05-13T15:00:00,739.104,517.373,221.731,22.57,2.74
2022-05-13T16:00:00,692.82,484.974,207.846,22.56,2.75
2022-05-13T17:00:00,634.683,444.278,190.405,22.56,2.75
2022-05-13T18:00:00,565.685,395.98,169.706,22.55,2.76
2022-05-13T19:00:00,487.009,340.906,146.103,22.55,2.76
2022-05-13T20:00:00,400.0,280.0,120.0,22.55,2.77
2022-05-13T21:00:00,306.147,214.303,91.844,22.54,2.77
2022-05-13T22:00:00,207.055,144.939,62.117,22.54,2.78
2022-05-13T23:00:00,104.421,73.095,31.326,22.53,2.78
2022-05-14T00:00:00,0.0,0.0,0.0,22.53,2.79
2022-05-14T01:00:00,104.421,73.095,31.326,22.52,2.79
2022-05-14T02:00:00,207.055,144.939,62.117,22.52,2.79
2022-05-14T03:00:00,306.147,214.303,91.844,22.51,2.8
2022-05-14T04:00:00,400.0,280.0,120.0,22.51,2.8
2022-05-14T05:00:00,487.009,340.906,146.103,22.5,2.81
2022-05-14T06:00:00,565.685,395.98,169.706,22.5,2.81
2022-05-14T07:00:00,634.683,444.278,190.405,22.49,2.82
2022-05-14T08:00:00,692.82,484.974,207.846,22.49,2.82
2022-05-14T09:00:00,739.104,517.373,221.731,22.48,2.82
2022-05-14T10:00:00,772.741,540.918,231.822,22.48,2.83
2022-05-14T11:00:00,793.156,555.209,237.947,22.47,2.83
2022-05-14T12:00:00,800.0,560.0,240.0,22.47,2.84
2022-05-14T13:00:00,793.156,555.209,237.947,22.46,2.84
2022-05-14T14:00:00,772.741,540.918,231.822,22.46,2.84
2022-05-14T15:00:00,739.104,517.373,221.731,22.46,2.85
2022-05-14T16:00:00,692.82,484.974,207.846,22.45,2.85
2022-05-14T17:00:00,634.683,444.278,190.405,22.45,2.86
2022-05-14T18:00:00,565.685,395.98,169.706,22.44,2.86
2022-05-14T19:00:00,487.009,340.906,146.103,22.44,2.86
2022-05-14T20:00:00,400.0,280.0,120.0,22.43,2.87
2022-05-14T21:00:00,306.147,214.303,91.844,22.43,2.87
2022-05-14T22:00:00,207.055,144.939,62.117,22.42,2.87
2022-05-14T23:00:00,104.421,73.095,31.326,22.42,2.88
2022-05-15T00:00:00,0.0,0.0,0.0,22.41,2.88
2022-05-15T01:00:00,104.421,73.095,31.326,22.41,2.88
2022-05-15T02:00:00,207.055,144.939,62.117,22.4,2.89
2022-05-15T03:00:00,306.147,214.303,91.844,22.4,2.89
2022-05-15T04:00:00,400.0,280.0,120.0,22.39,2.89
2022-05-15T05:00:00,487.009,340.906,146.103,22.39,2.9
2022-05-15T06:00:00,565.685,395.98,169.706,22.38,2.9
2022-05-15T07:00:00,634.683,444.278,190.405,22.38,2.9
2022-05-15T08:00:00,692.82,484.974,207.846,22.37,2.91
2022-05-15T09:00:00,739.104,517.373,221.731,22.37,2.91
2022-05-15T10:00:00,772.741,540.918,231.822,22.36,2.91
2022-05-15T11:00:00,793.156,555.209,237.947,22.36,2.91
2022-05-15T12:00:00,800.0,560.0,240.0,22.35,2.92
2022-05-15T13:00:00,793.156,555.209,237.947,22.35,2.92
2022-05-15T14:00:00,772.741,540.918,231.822,22.34,2.92
2022-05-15T15:00:00,739.104,517.373,221.731,22.34,2.93
2022-05-15T16:00:00,692.82,484.974,207.846,22.33,2.93
2022-05-15T17:00:00,634.683,444.278,190.405,22.33,2.93
2022-05-15T18:00:00,565.685,395.98,169.706,22.32,2.93
2022-05-15T19:00:00,487.009,340.906,146.103,22.32,2.94
2022-05-15T20:00:00,400.0,280.0,120.0,22.32,2.94
2022-05-15T21:00:00,306.147,214.303,91.844,22.31,2.94
2022-05-15T22:00:00,207.055,144.939,62.117,22.31,2.94
2022-05-15T23:00:00,104.421,73.095,31.326,22.3,2.95
2022-05-16T00:00:00,0.0,0.0,0.0,22.3,2.95
2022-05-16T01:00:00,104.421,73.095,31.326,22.29,2.95
2022-05-16T02:00:00,207.055,144.939,62.117,22.29,2.95
2022-05-16T03:00:00,306.147,214.303,91.844,22.28,2.95
2022-05-16T04:00:00,400.0,280.0,120.0,22.28,2.96
2022-05-16T05:00:00,487.009,340.906,146.103,22.27,2.96
2022-05-16T06:00:00,565.685,395.98,169.706,22.27,2.96
2022-05-16T07:00:00,634.683,444.278,190.405,22.26,2.96
2022-05-16T08:00:00,692.82,484.974,207.846,22.26,2.96
2022-05-16T09:00:00,739.104,517.373,221.731,22.25,2.97
2022-05-16T10:00:00,772.741,540.918,231.822,22.25,2.97
2022-05-16T11:00:00,793.156,555.209,237.947,22.24,2.97
2022-05-16T12:00:00,800.0,560.0,240.0,22.24,2.97
2022-05-16T13:00:00,793.156,555.209,237.947,22.23,2.97
2022-05-16T14:00:00,772.741,540.918,231.822,22.23,2.98
2022-05-16T15:00:00,739.104,517.373,221.731,22.22,2.98
2022-05-16T16:00:00,692.82,484.974,207.846,22.22,2.98
2022-05-16T17:00:00,634.683,444.278,190.405,22.21,2.98
2022-05-16T18:00:00,565.685,395.98,169.706,22.21,2.98
2022-05-16T19:00:00,487.009,340.906,146.103,22.2,2.98
2022-05-16T20:00:00,400.0,280.0,120.0,22.2,2.98
2022-05-16T21:00:00,306.147,214.303,91.844,22.19,2.99
2022-05-16T22:00:00,207.055,144.939,62.117,22.19,2.99
2022-05-16T23:00:00,104.421,73.095,31.326,22.18,2.99
2022-05-17T00:00:00,0.0,0.0,0.0,22.18,2.99
2022-05-17T01:00:00,104.421,73.095,31.326,22.17,2.99
2022-05-17T02:00:00,207.055,144.939,62.117,22.17,2.99
2022-05-17T03:00:00,306.147,214.303,91.844,22.16,2.99
2022-05-17T04:00:00,400.0,280.0,120.0,22.16,2.99
2022-05-17T05:00:00,487.009,340.906,146.103,22.15,2.99
2022-05-17T06:00:00,565.685,395.98,169.706,22.15,2.99
2022-05-17T07:00:00,634.683,444.278,190.405,22.14,2.99
2022-05-17T08:00:00,692.82,484.974,207.846,22.14,3.0
2022-05-17T09:00:00,739.104,517.373,221.731,22.13,3.0
2022-05-17T10:00:00,772.741,540.918,231.822,22.13,3.0
2022-05-17T11:00:00,793.156,555.209,237.947,22.12,3.0
2022-05-17T12:00:00,800.0,560.0,240.0,22.12,3.0
2022-05-17T13:00:00,793.156,555.209,237.947,22.11,3.0
2022-05-17T14:00:00,772.741,540.918,231.822,22.11,3.0
2022-05-17T15:00:00,739.104,517.373,221.731,22.1,3.0
2022-05-17T16:00:00,692.82,484.974,207.846,22.1,3.0
2022-05-17T17:00:00,634.683,444.278,190.405,22.09,3.0
2022-05-17T18:00:00,565.685,395.98,169.706,22.09,3.0
2022-05-17T19:00:00,487.009,340.906,146.103,22.08,3.0
2022-05-17T20:00:00,400.0,280.0,120.0,22.08,3.0
2022-05-17T21:00:00,306.147,214.303,91.844,22.07,3.0
2022-05-17T22:00:00,207.055,144.939,62.117,22.07,3.0
2022-05-17T23:00:00,104.421,73.095,31.326,22.06,3.0
2022-05-18T00:00:00,0.0,0.0,0.0,22.06,3.0
2022-05-18T01:00:00,104.421,73.095,31.326,22.05,3.0
2022-05-18T02:00:00,207.055,144.939,62.117,22.05,3.0
2022-05-18T03:00:00,306.147,214.303,91.844,22.04,3.0
2022-05-18T04:00:00,400.0,280.0,120.0,22.04,3.0
2022-05-18T05:00:00,487.009,340.906,146.103,22.03,3.0
2022-05-18T06:00:00,565.685,395.98,169.706,22.03,3.0
2022-05-18T07:00:00,634.683,444.278,190.405,22.02,3.0
2022-05-18T08:00:00,692.82,484.974,207.846,22.02,3.0
2022-05-18T09:00:00,739.104,517.373,221.731,22.01,3.0
2022-05-18T10:00:00,772.741,540.918,231.822,22.0,3.0
2022-05-18T11:00:00,793.156,555.209,237.947,22.0,2.99
2022-05-18T12:00:00,800.0,560.0,240.0,21.99,2.99
2022-05-18T13:00:00,793.156,555.209,237.947,21.99,2.99
2022-05-18T14:00:00,772.741,540.918,231.822,21.98,2.99
2022-05-18T15:00:00,739.104,517.373,221.731,21.98,2.99
2022-05-18T16:00:00,692.82,484.974,207.846,21.97,2.99
2022-05-18T17:00:00,634.683,444.278,190.405,21.97,2.99
2022-05-18T18:00:00,565.685,395.98,169.706,21.96,2.99
2022-05-18T19:00:00,487.009,340.906,146.103,21.96,2.99
2022-05-18T20:00:00,400.0,280.0,120.0,21.95,2.99
2022-05-18T21:00:00,306.147,214.303,91.844,21.95,2.99
2022-05-18T22:00:00,207.055,144.939,62.117,21.94,2.98
2022-05-18T23:00:00,104.421,73.095,31.326,21.94,2.98
2022-05-19T00:00:00,0.0,0.0,0.0,21.93,2.98
2022-05-19T01:00:00,104.421,73.095,31.326,21.93,2.98
2022-05-19T02:00:00,207.055,144.939,62.117,21.92,2.98
2022-05-19T03:00:00,306.147,214.303,91.844,21.92,2.98
2022-05-19T04:00:00,400.0,280.0,120.0,21.91,2.98
2022-05-19T05:00:00,487.009,340.906,146.103,21.91,2.97
2022-05-19T06:00:00,565.685,395.98,169.706,21.9,2.97
2022-05-19T07:00:00,634.683,444.278,190.405,21.9,2.97
2022-05-19T08:00:00,692.82,484.974,207.846,21.89,2.97
2022-05-19T09:00:00,739.104,517.373,221.731,21.89,2.97
2022-05-19T10:00:00,772.741,540.918,231.822,21.88,2.96
2022-05-19T11:00:00,793.156,555.209,237.947,21.88,2.96
2022-05-19T12:00:00,800.0,560.0,240.0,21.87,2.96
2022-05-19T13:00:00,793.156,555.209,237.947,21.87,2.96
2022-05-19T14:00:00,772.741,540.918,231.822,21.86,2.96
2022-05-19T15:00:00,739.104,517.373,221.731,21.85,2.95
2022-05-19T16:00:00,692.82,484.974,207.846,21.85,2.95
2022-05-19T17:00:00,634.683,444.278,190.405,21.84,2.95
2022-05-19T18:00:00,565.685,395.98,169.706,21.84,2.95
2022-05-19T19:00:00,487.009,340.906,146.103,21.83,2.95
2022-05-19T20:00:00,400.0,280.0,120.0,21.83,2.94
2022-05-19T21:00:00,306.147,214.303,91.844,21.82,2.94
2022-05-19T22:00:00,207.055,144.939,62.117,21.82,2.94
2022-05-19T23:00:00,104.421,73.095,31.326,21.81,2.94
2022-05-20T00:00:00,0.0,0.0,0.0,21.81,2.93
2022-05-20T01:00:00,104.421,73.095,31.326,21.8,2.93
2022-05-20T02:00:00,207.055,144.939,62.117,21.8,2.93
2022-05-20T03:00:00,306.147,214.303,91.844,21.79,2.93
2022-05-20T04:00:00,400.0,280.0,120.0,21.79,2.92
2022-05-20T05:00:00,487.009,340.906,146.103,21.78,2.92
2022-05-20T06:00:00,565.685,395.98,169.706,21.78,2.92
2022-05-20T07:00:00,634.683,444.278,190.405,21.77,2.91
2022-05-20T08:00:00,692.82,484.974,207.846,21.77,2.91
2022-05-20T09:00:00,739.104,517.373,221.731,21.76,2.91
2022-05-20T10:00:00,772.741,540.918,231.822,21.76,2.91
2022-05-20T11:00:00,793.156,555.209,237.947,21.75,2.9
2022-05-20T12:00:00,800.0,560.0,240.0,21.74,2.9
2022-05-20T13:00:00,793.156,555.209,237.947,21.74,2.9
2022-05-20T14:00:00,772.741,540.918,231.822,21.73,2.89
2022-05-20T15:00:00,739.104,517.373,221.731,21.73,2.89
2022-05-20T16:00:00,692.82,484.974,207.846,21.72,2.89
2022-05-20T17:00:00,634.683,444.278,190.405,21.72,2.88
2022-05-20T18:00:00,565.685,395.98,169.706,21.71,2.88
2022-05-20T19:00:00,487.009,340.906,146.103,21.71,2.88
2022-05-20T20:00:00,400.0,280.0,120.0,21.7,2.87
2022-05-20T21:00:00,306.147,214.303,91.844,21.7,2.87
2022-05-20T22:00:00,207.055,144.939,62.117,21.69,2.87
2022-05-20T23:00:00,104.421,73.095,31.326,21.69,2.86
2022-05-21T00:00:00,0.0,0.0,0.0,21.68,2.86
2022-05-21T01:00:00,104.421,73.095,31.326,21.68,2.86
2022-05-21T02:00:00,207.055,144.939,62.117,21.67,2.85
2022-05-21T03:00:00,306.147,214.303,91.844,21.66,2.85
2022-05-21T04:00:00,400.0,280.0,120.0,21.66,2.84
2022-05-21T05:00:00,487.009,340.906,146.103,21.65,2.84
2022-05-21T06:00:00,565.685,395.98,169.706,21.65,2.84
2022-05-21T07:00:00,634.683,444.278,190.405,21.64,2.83
2022-05-21T08:00:00,692.82,484.974,207.846,21.64,2.83
2022-05-21T09:00:00,739.104,517.373,221.731,21.63,2.82
2022-05-21T10:00:00,772.741,540.918,231.822,21.63,2.82
2022-05-21T11:00:00,793.156,555.209,237.947,21.62,2.82
2022-05-21T12:00:00,800.0,560.0,240.0,21.62,2.81
2022-05-21T13:00:00,793.156,555.209,237.947,21.61,2.81
2022-05-21T14:00:00,772.741,540.918,231.822,21.61,2.8
2022-05-21T15:00:00,739.104,517.373,221.731,21.6,2.8
2022-05-21T16:00:00,692.82,484.974,207.846,21.59,2.79
2022-05-21T17:00:00,634.683,444.278,190.405,21.59,2.79
2022-05-21T18:00:00,565.685,395.98,169.706,21.58,2.79
2022-05-21T19:00:00,487.009,340.906,146.103,21.58,2.78
2022-05-21T20:00:00,400.0,280.0,120.0,21.57,2.78
2022-05-21T21:00:00,306.147,214.303,91.844,21.57,2.77
2022-05-21T22:00:00,207.055,144.939,62.117,21.56,2.77
2022-05-21T23:00:00,104.421,73.095,31.326,21.56,2.76
2022-05-22T00:00:00,0.0,0.0,0.0,21.55,2.76
2022-05-22T01:00:00,104.421,73.095,31.326,21.55,2.75
2022-05-22T02:00:00,207.055,144.939,62.117,21.54,2.75
2022-05-22T03:00:00,306.147,214.303,91.844,21.54,2.74
2022-05-22T04:00:00,400.0,280.0,120.0,21.53,2.74
2022-05-22T05:00:00,487.009,340.906,146.103,21.52,2.73
2022-05-22T06:00:00,565.685,395.98,169.706,21.52,2.73
2022-05-22T07:00:00,634.683,444.278,190.405,21.51,2.72
2022-05-22T08:00:00,692.82,484.974,207.846,21.51,2.72
2022-05-22T09:00:00,739.104,517.373,221.731,21.5,2.71
2022-05-22T10:00:00,772.741,540.918,231.822,21.5,2.71
2022-05-22T11:00:00,793.156,555.209,237.947,21.49,2.7
2022-05-22T12:00:00,800.0,560.0,240.0,21.49,2.7
2022-05-22T13:00:00,793.156,555.209,237.947,21.48,2.69
2022-05-22T14:00:00,772.741,540.918,231.822,21.48,2.69
2022-05-22T15:00:00,739.104,517.373,221.731,21.47,2.68
2022-05-22T16:00:00,692.82,484.974,207.846,21.46,2.68
2022-05-22T17:00:00,634.683,444.278,190.405,21.46,2.67
2022-05-22T18:00:00,565.685,395.98,169.706,21.45,2.67
2022-05-22T19:00:00,487.009,340.906,146.103,21.45,2.66
2022-05-22T20:00:00,400.0,280.0,120.0,21.44,2.66
2022-05-22T21:00:00,306.147,214.303,91.844,21.44,2.65
2022-05-22T22:00:00,207.055,144.939,62.117,21.43,2.65
2022-05-22T23:00:00,104.421,73.095,31.326,21.43,2.64
2022-05-23T00:00:00,0.0,0.0,0.0,21.42,2.64
2022-05-23T01:00:00,104.421,73.095,31.326,21.42,2.63
2022-05-23T02:00:00,207.055,144.939,62.117,21.41,2.62
2022-05-23T03:00:00,306.147,214.303,91.844,21.4,2.62
2022-05-23T04:00:00,400.0,280.0,120.0,21.4,2.61
2022-05-23T05:00:00,487.009,340.906,146.103,21.39,2.61
2022-05-23T06:00:00,565.685,395.98,169.706,21.39,2.6
2022-05-23T07:00:00,634.683,444.278,190.405,21.38,2.6
2022-05-23T08:00:00,692.82,484.974,207.846,21.38,2.59
2022-05-23T09:00:00,739.104,517.373,221.731,21.37,2.58
2022-05-23T10:00:00,772.741,540.918,231.822,21.37,2.58
2022-05-23T11:00:00,793.156,555.209,237.947,21.36,2.57
2022-05-23T12:00:00,800.0,560.0,240.0,21.35,2.57
2022-05-23T13:00:00,793.156,555.209,237.947,21.35,2.56
2022-05-23T14:00:00,772.741,540.918,231.822,21.34,2.55
2022-05-23T15:00:00,739.104,517.373,221.731,21.34,2.55
2022-05-23T16:00:00,692.82,484.974,207.846,21.33,2.54
2022-05-23T17:00:00,634.683,444.278,190.405,21.33,2.54
2022-05-23T18:00:00,565.685,395.98,169.706,21.32,2.53
2022-05-23T19:00:00,487.009,340.906,146.103,21.32,2.52
2022-05-23T20:00:00,400.0,280.0,120.0,21.31,2.52
2022-05-23T21:00:00,306.147,214.303,91.844,21.3,2.51
2022-05-23T22:00:00,207.055,144.939,62.117,21.3,2.51
2022-05-23T23:00:00,104.421,73.095,31.326,21.29,2.5
2022-05-24T00:00:00,0.0,0.0,0.0,21.29,2.49
2022-05-24T01:00:00,104.421,73.095,31.326,21.28,2.49
2022-05-24T02:00:00,207.055,144.939,62.117,21.28,2.48
2022-05-24T03:00:00,306.147,214.303,91.844,21.27,2.47
2022-05-24T04:00:00,400.0,280.0,120.0,21.27,2.47
2022-05-24T05:00:00,487.009,340.906,146.103,21.26,2.46
2022-05-24T06:00:00,565.685,395.98,169.706,21.25,2.46
2022-05-24T07:00:00,634.683,444.278,190.405,21.25,2.45
2022-05-24T08:00:00,692.82,484.974,207.846,21.24,2.44
2022-05-24T09:00:00,739.104,517.373,221.731,21.24,2.44
2022-05-24T10:00:00,772.741,540.918,231.822,21.23,2.43
2022-05-24T11:00:00,793.156,555.209,237.947,21.23,2.42
2022-05-24T12:00:00,800.0,560.0,240.0,21.22,2.42
2022-05-24T13:00:00,793.156,555.209,237.947,21.21,2.41
2022-05-24T14:00:00,772.741,540.918,231.822,21.21,2.4
2022-05-24T15:00:00,739.104,517.373,221.731,21.2,2.4
2022-05-24T16:00:00,692.82,484.974,207.846,21.2,2.39
2022-05-24T17:00:00,634.683,444.278,190.405,21.19,2.38
2022-05-24T18:00:00,565.685,395.98,169.706,21.19,2.38
2022-05-24T19:00:00,487.009,340.906,146.103,21.18,2.37
2022-05-24T20:00:00,400.0,280.0,120.0,21.18,2.36
2022-05-24T21:00:00,306.147,214.303,91.844,21.17,2.36
2022-05-24T22:00:00,207.055,144.939,62.117,21.16,2.35
2022-05-24T23:00:00,104.421,73.095,31.326,21.16,2.34
2022-05-25T00:00:00,0.0,0.0,0.0,21.15,2.34
2022-05-25T01:00:00,104.421,73.095,31.326,21.15,2.33
2022-05-25T02:00:00,207.055,144.939,62.117,21.14,2.32
2022-05-25T03:00:00,306.147,214.303,91.844,21.14,2.32
2022-05-25T04:00:00,400.0,280.0,120.0,21.13,2.31
2022-05-25T05:00:00,487.009,340.906,146.103,21.12,2.3
2022-05-25T06:00:00,565.685,395.98,169.706,21.12,2.3
2022-05-25T07:00:00,634.683,444.278,190.405,21.11,2.29
2022-05-25T08:00:00,692.82,484.974,207.846,21.11,2.28
2022-05-25T09:00:00,739.104,517.373,221.731,21.1,2.28
2022-05-25T10:00:00,772.741,540.918,231.822,21.1,2.27
2022-05-25T11:00:00,793.156,555.209,237.947,21.09,2.26
2022-05-25T12:00:00,800.0,560.0,240.0,21.08,2.26
2022-05-25T13:00:00,793.156,555.209,237.947,21.08,2.25
2022-05-25T14:00:00,772.741,540.918,231.822,21.07,2.24
2022-05-25T15:00:00,739.104,517.373,221.731,21.07,2.23
2022-05-25T16:00:00,692.82,484.974,207.846,21.06,2.23
2022-05-25T17:00:00,634.683,444.278,190.405,21.06,2.22
2022-05-25T18:00:00,565.685,395.98,169.706,21.05,2.21
2022-05-25T19:00:00,487.009,340.906,146.103,21.04,2.21
2022-05-25T20:00:00,400.0,280.0,120.0,21.04,2.2
2022-05-25T21:00:00,306.147,214.303,91.844,21.03,2.19
2022-05-25T22:00:00,207.055,144.939,62.117,21.03,2.19
2022-05-25T23:00:00,104.421,73.095,31.326,21.02,2.18
2022-05-26T00:00:00,0.0,0.0,0.0,21.02,2.17
2022-05-26T01:00:00,104.421,73.095,31.326,21.01,2.16
2022-05-26T02:00:00,207.055,144.939,62.117,21.0,2.16
2022-05-26T03:00:00,306.147,214.303,91.844,21.0,2.15
2022-05-26T04:00:00,400.0,280.0,120.0,20.99,2.14
2022-05-26T05:00:00,487.009,340.906,146.103,20.99,2.14
2022-05-26T06:00:00,565.685,395.98,169.706,20.98,2.13
2022-05-26T07:00:00,634.683,444.278,190.405,20.98,2.12
2022-05-26T08:00:00,692.82,484.974,207.846,20.97,2.11
2022-05-26T09:00:00,739.104,517.373,221.731,20.96,2.11
2022-05-26T10:00:00,772.741,540.918,231.822,20.96,2.1
2022-05-26T11:00:00,793.156,555.209,237.947,20.95,2.09
2022-05-26T12:00:00,800.0,560.0,240.0,20.95,2.09
2022-05-26T13:00:00,793.156,555.209,237.947,20.94,2.08
2022-05-26T14:00:00,772.741,540.918,231.822,20.94,2.07
2022-05-26T15:00:00,739.104,517.373,221.731,20.93,2.06
2022-05-26T16:00:00,692.82,484.974,207.846,20.92,2.06
2022-05-26T17:00:00,634.683,444.278,190.405,20.92,2.05
2022-05-26T18:00:00,565.685,395.98,169.706,20.91,2.04
2022-05-26T19:00:00,487.009,340.906,146.103,20.91,2.04
2022-05-26T20:00:00,400.0,280.0,120.0,20.9,2.03
2022-05-26T21:00:00,306.147,214.303,91.844,20.9,2.02
2022-05-26T22:00:00,207.055,144.939,62.117,20.89,2.01
2022-05-26T23:00:00,104.421,73.095,31.326,20.88,2.01
2022-05-27T00:00:00,0.0,0.0,0.0,20.88,2.0
2022-05-27T01:00:00,104.421,73.095,31.326,20.87,2.01
2022-05-27T02:00:00,207.055,144.939,62.117,20.87,2.01
2022-05-27T03:00:00,306.147,214.303,91.844,20.86,2.02
2022-05-27T04:00:00,400.0,280.0,120.0,20.85,2.03
2022-05-27T05:00:00,487.009,340.906,146.103,20.85,2.04
2022-05-27T06:00:00,565.685,395.98,169.706,20.84,2.04
2022-05-27T07:00:00,634.683,444.278,190.405,20.84,2.05
2022-05-27T08:00:00,692.82,484.974,207.846,20.83,2.06
2022-05-27T09:00:00,739.104,517.373,221.731,20.83,2.06
2022-05-27T10:00:00,772.741,540.918,231.822,20.82,2.07
2022-05-27T11:00:00,793.156,555.209,237.947,20.81,2.08
2022-05-27T12:00:00,800.0,560.0,240.0,20.81,2.09
2022-05-27T13:00:00,793.156,555.209,237.947,20.8,2.09
2022-05-27T14:00:00,772.741,540.918,231.822,20.8,2.1
2022-05-27T15:00:00,739.104,517.373,221.731,20.79,2.11
2022-05-27T16:00:00,692.82,484.974,207.846,20.78,2.11
2022-05-27T17:00:00,634.683,444.278,190.405,20.78,2.12
2022-05-27T18:00:00,565.685,395.98,169.706,20.77,2.13
2022-05-27T19:00:00,487.009,340.906,146.103,20.77,2.14
2022-05-27T20:00:00,400.0,280.0,120.0,20.76,2.14
2022-05-27T21:00:00,306.147,214.303,91.844,20.76,2.15
2022-05-27T22:00:00,207.055,144.939,62.117,20.75,2.16
2022-05-27T23:00:00,104.421,73.095,31.326,20.74,2.16
2022-05-28T00:00:00,0.0,0.0,0.0,20.74,2.17
2022-05-28T01:00:00,104.421,73.095,31.326,20.73,2.18
2022-05-28T02:00:00,207.055,144.939,62.117,20.73,2.19
2022-05-28T03:00:00,306.147,214.303,91.844,20.72,2.19
2022-05-28T04:00:00,400.0,280.0,120.0,20.71,2.2
2022-05-28T05:00:00,487.009,340.906,146.103,20.71,2.21
2022-05-28T06:00:00,565.685,395.98,169.706,20.7,2.21
2022-05-28T07:00:00,634.683,444.278,190.405,20.7,2.22
2022-05-28T08:00:00,692.82,484.974,207.846,20.69,2.23
2022-05-28T09:00:00,739.104,517.373,221.731,20.68,2.23
2022-05-28T10:00:00,772.741,540.918,231.822,20.68,2.24
2022-05-28T11:00:00,793.156,555.209,237.947,20.67,2.25
2022-05-28T12:00:00,800.0,560.0,240.0,20.67,2.26
2022-05-28T13:00:00,793.156,555.209,237.947,20.66,2.26
2022-05-28T14:00:00,772.741,540.918,231.822,20.66,2.27
2022-05-28T15:00:00,739.104,517.373,221.731,20.65,2.28
2022-05-28T16:00:00,692.82,484.974,207.846,20.64,2.28
2022-05-28T17:00:00,634.683,444.278,190.405,20.64,2.29
2022-05-28T18:00:00,565.685,395.98,169.706,20.63,2.3
2022-05-28T19:00:00,487.009,340.906,146.103,20.63,2.3
2022-05-28T20:00:00,400.0,280.0,120.0,20.62,2.31
2022-05-28T21:00:00,306.147,214.303,91.844,20.61,2.32
2022-05-28T22:00:00,207.055,144.939,62.117,20.61,2.32
2022-05-28T23:00:00,104.421,73.095,31.326,20.6,2.33
2022-05-29T00:00:00,0.0,0.0,0.0,20.6,2.34
2022-05-29T01:00:00,104.421,73.095,31.326,20.59,2.34
2022-05-29T02:00:00,207.055,144.939,62.117,20.58,2.35
2022-05-29T03:00:00,306.147,214.303,91.844,20.58,2.36
2022-05-29T04:00:00,400.0,280.0,120.0,20.57,2.36
2022-05-29T05:00:00,487.009,340.906,146.103,20.57,2.37
2022-05-29T06:00:00,565.685,395.98,169.706,20.56,2.38
2022-05-29T07:00:00,634.683,444.278,190.405,20.55,2.38
2022-05-29T08:00:00,692.82,484.974,207.846,20.55,2.39
2022-05-29T09:00:00,739.104,517.373,221.731,20.54,2.4
2022-05-29T10:00:00,772.741,540.918,231.822,20.54,2.4
2022-05-29T11:00:00,793.156,555.209,237.947,20.53,2.41
2022-05-29T12:00:00,800.0,560.0,240.0,20.52,2.42
2022-05-29T13:00:00,793.156,555.209,237.947,20.52,2.42
2022-05-29T14:00:00,772.741,540.918,231.822,20.51,2.43
2022-05-29T15:00:00,739.104,517.373,221.731,20.51,2.44
2022-05-29T16:00:00,692.82,484.974,207.846,20.5,2.44
2022-05-29T17:00:00,634.683,444.278,190.405,20.49,2.45
2022-05-29T18:00:00,565.685,395.98,169.706,20.49,2.46
2022-05-29T19:00:00,487.009,340.906,146.103,20.48,2.46
2022-05-29T20:00:00,400.0,280.0,120.0,20.48,2.47
2022-05-29T21:00:00,306.147,214.303,91.844,20.47,2.47
2022-05-29T22:00:00,207.055,144.939,62.117,20.46,2.48
2022-05-29T23:00:00,104.421,73.095,31.326,20.46,2.49
2022-05-30T00:00:00,0.0,0.0,0.0,20.45,2.49
2022-05-30T01:00:00,104.421,73.095,31.326,20.45,2.5
2022-05-30T02:00:00,207.055,144.939,62.117,20.44,2.51
2022-05-30T03:00:00,306.147,214.303,91.844,20.43,2.51
2022-05-30T04:00:00,400.0,280.0,120.0,20.43,2.52
2022-05-30T05:00:00,487.009,340.906,146.103,20.42,2.52
2022-05-30T06:00:00,565.685,395.98,169.706,20.42,2.53
2022-05-30T07:00:00,634.683,444.278,190.405,20.41,2.54
2022-05-30T08:00:00,692.82,484.974,207.846,20.4,2.54
2022-05-30T09:00:00,739.104,517.373,221.731,20.4,2.55
2022-05-30T10:00:00,772.741,540.918,231.822,20.39,2.55
2022-05-30T11:00:00,793.156,555.209,237.947,20.39,2.56
2022-05-30T12:00:00,800.0,560.0,240.0,20.38,2.57
2022-05-30T13:00:00,793.156,555.209,237.947,20.37,2.57
2022-05-30T14:00:00,772.741,540.918,231.822,20.37,2.58
2022-05-30T15:00:00,739.104,517.373,221.731,20.36,2.58
2022-05-30T16:00:00,692.82,484.974,207.846,20.36,2.59
2022-05-30T17:00:00,634.683,444.278,190.405,20.35,2.6
2022-05-30T18:00:00,565.685,395.98,169.706,20.34,2.6
2022-05-30T19:00:00,487.009,340.906,146.103,20.34,2.61
2022-05-30T20:00:00,400.0,280.0,120.0,20.33,2.61
2022-05-30T21:00:00,306.147,214.303,91.844,20.33,2.62
2022-05-30T22:00:00,207.055,144.939,62.117,20.32,2.62
2022-05-30T23:00:00,104.421,73.095,31.326,20.31,2.63
2022-05-31T00:00:00,0.0,0.0,0.0,20.31,2.64
2022-05-31T01:00:00,104.421,73.095,31.326,20.3,2.64
2022-05-31T02:00:00,207.055,144.939,62.117,20.3,2.65
2022-05-31T03:00:00,306.147,214.303,91.844,20.29,2.65
2022-05-31T04:00:00,400.0,280.0,120.0,20.28,2.66
2022-05-31T05:00:00,487.009,340.906,146.103,20.28,2.66
2022-05-31T06:00:00,565.685,395.98,169.706,20.27,2.67
2022-05-31T07:00:00,634.683,444.278,190.405,20.26,2.67
2022-05-31T08:00:00,692.82,484.974,207.846,20.26,2.68
2022-05-31T09:00:00,739.104,517.373,221.731,20.25,2.68
2022-05-31T10:00:00,772.741,540.918,231.822,20.25,2.69
2022-05-31T11:00:00,793.156,555.209,237.947,20.24,2.69
2022-05-31T12:00:00,800.0,560.0,240.0,20.23,2.7
2022-05-31T13:00:00,793.156,555.209,237.947,20.23,2.7
2022-05-31T14:00:00,772.741,540.918,231.822,20.22,2.71
2022-05-31T15:00:00,739.104,517.373,221.731,20.22,2.71
2022-05-31T16:00:00,692.82,484.974,207.846,20.21,2.72
2022-05-31T17:00:00,634.683,444.278,190.405,20.2,2.72
2022-05-31T18:00:00,565.685,395.98,169.706,20.2,2.73
2022-05-31T19:00:00,487.009,340.906,146.103,20.19,2.73
2022-05-31T20:00:00,400.0,280.0,120.0,20.19,2.74
2022-05-31T21:00:00,306.147,214.303,91.844,20.18,2.74
2022-05-31T22:00:00,207.055,144.939,62.117,20.17,2.75
2022-05-31T23:00:00,104.421,73.095,31.326,20.17,2.75
2022-06-01T00:00:00,0.0,0.0,0.0,20.16,2.76
2022-06-01T01:00:00,104.421,73.095,31.326,20.15,2.76
2022-06-01T02:00:00,207.055,144.939,62.117,20.15,2.77
2022-06-01T03:00:00,306.147,214.303,91.844,20.14,2.77
2022-06-01T04:00:00,400.0,280.0,120.0,20.14,2.78
2022-06-01T05:00:00,487.009,340.906,146.103,20.13,2.78
2022-06-01T06:00:00,565.685,395.98,169.706,20.12,2.79
2022-06-01T07:00:00,634.683,444.278,190.405,20.12,2.79
2022-06-01T08:00:00,692.82,484.974,207.846,20.11,2.79
2022-06-01T09:00:00,739.104,517.373,221.731,20.11,2.8
2022-06-01T10:00:00,772.741,540.918,231.822,20.1,2.8
2022-06-01T11:00:00,793.156,555.209,237.947,20.09,2.81
2022-06-01T12:00:00,800.0,560.0,240.0,20.09,2.81
2022-06-01T13:00:00,793.156,555.209,237.947,20.08,2.82
2022-06-01T14:00:00,772.741,540.918,231.822,20.07,2.82
2022-06-01T15:00:00,739.104,517.373,221.731,20.07,2.82
2022-06-01T16:00:00,692.82,484.974,207.846,20.06,2.83
2022-06-01T17:00:00,634.683,444.278,190.405,20.06,2.83
2022-06-01T18:00:00,565.685,395.98,169.706,20.05,2.84
2022-06-01T19:00:00,487.009,340.906,146.103,20.04,2.84
2022-06-01T20:00:00,400.0,280.0,120.0,20.04,2.84
2022-06-01T21:00:00,306.147,214.303,91.844,20.03,2.85
2022-06-01T22:00:00,207.055,144.939,62.117,20.02,2.85
2022-06-01T23:00:00,104.421,73.095,31.326,20.02,2.86
2022-06-02T00:00:00,0.0,0.0,0.0,20.01,2.86
2022-06-02T01:00:00,104.421,73.095,31.326,20.01,2.86
2022-06-02T02:00:00,207.055,144.939,62.117,20.0,2.87
2022-06-02T03:00:00,306.147,214.303,91.844,19.99,2.87
2022-06-02T04:00:00,400.0,280.0,120.0,19.99,2.87
2022-06-02T05:00:00,487.009,340.906,146.103,19.98,2.88
2022-06-02T06:00:00,565.685,395.98,169.706,19.98,2.88
2022-06-02T07:00:00,634.683,444.278,190.405,19.97,2.88
2022-06-02T08:00:00,692.82,484.974,207.846,19.96,2.89
2022-06-02T09:00:00,739.104,517.373,221.731,19.96,2.89
2022-06-02T10:00:00,772.741,540.918,231.822,19.95,2.89
2022-06-02T11:00:00,793.156,555.209,237.947,19.94,2.9
2022-06-02T12:00:00,800.0,560.0,240.0,19.94,2.9
2022-06-02T13:00:00,793.156,555.209,237.947,19.93,2.9
2022-06-02T14:00:00,772.741,540.918,231.822,19.93,2.91
2022-06-02T15:00:00,739.104,517.373,221.731,19.92,2.91
2022-06-02T16:00:00,692.82,484.974,207.846,19.91,2.91
2022-06-02T17:00:00,634.683,444.278,190.405,19.91,2.91
2022-06-02T18:00:00,565.685,395.98,169.706,19.9,2.92
2022-06-02T19:00:00,487.009,340.906,146.103,19.89,2.92
2022-06-02T20:00:00,400.0,280.0,120.0,19.89,2.92
2022-06-02T21:00:00,306.147,214.303,91.844,19.88,2.93
2022-06-02T22:00:00,207.055,144.939,62.117,19.88,2.93
2022-06-02T23:00:00,104.421,73.095,31.326,19.87,2.93
2022-06-03T00:00:00,0.0,0.0,0.0,19.86,2.93
2022-06-03T01:00:00,104.421,73.095,31.326,19.86,2.94
2022-06-03T02:00:00,207.055,144.939,62.117,19.85,2.94
2022-06-03T03:00:00,306.147,214.303,91.844,19.84,2.94
2022-06-03T04:00:00,400.0,280.0,120.0,19.84,2.94
2022-06-03T05:00:00,487.009,340.906,146.103,19.83,2.95
2022-06-03T06:00:00,565.685,395.98,169.706,19.83,2.95
2022-06-03T07:00:00,634.683,444.278,190.405,19.82,2.95
2022-06-03T08:00:00,692.82,484.974,207.846,19.81,2.95
2022-06-03T09:00:00,739.104,517.373,221.731,19.81,2.95
2022-06-03T10:00:00,772.741,540.918,231.822,19.8,2.96
2022-06-03T11:00:00,793.156,555.209,237.947,19.79,2.96
2022-06-03T12:00:00,800.0,560.0,240.0,19.79,2.96
2022-06-03T13:00:00,793.156,555.209,237.947,19.78,2.96
2022-06-03T14:00:00,772.741,540.918,231.822,19.77,2.96
2022-06-03T15:00:00,739.104,517.373,221.731,19.77,2.97
2022-06-03T16:00:00,692.82,484.974,207.846,19.76,2.97
2022-06-03T17:00:00,634.683,444.278,190.405,19.76,2.97
2022-06-03T18:00:00,565.685,395.98,169.706,19.75,2.97
2022-06-03T19:00:00,487.009,340.906,146.103,19.74,2.97
2022-06-03T20:00:00,400.0,280.0,120.0,19.74,2.98
2022-06-03T21:00:00,306.147,214.303,91.844,19.73,2.98
2022-06-03T22:00:00,207.055,144.939,62.117,19.72,2.98
2022-06-03T23:00:00,104.421,73.095,31.326,19.72,2.98
2022-06-04T00:00:00,0.0,0.0,0.0,19.71,2.98
2022-06-04T01:00:00,104.421,73.095,31.326,19.71,2.98
2022-06-04T02:00:00,207.055,144.939,62.117,19.7,2.98
2022-06-04T03:00:00,306.147,214.303,91.844,19.69,2.99
2022-06-04T04:00:00,400.0,280.0,120.0,19.69,2.99
2022-06-04T05:00:00,487.009,340.906,146.103,19.68,2.99
2022-06-04T06:00:00,565.685,395.98,169.706,19.67,2.99
2022-06-04T07:00:00,634.683,444.278,190.405,19.67,2.99
2022-06-04T08:00:00,692.82,484.974,207.846,19.66,2.99
2022-06-04T09:00:00,739.104,517.373,221.731,19.65,2.99
2022-06-04T10:00:00,772.741,540.918,231.822,19.65,2.99
2022-06-04T11:00:00,793.156,555.209,237.947,19.64,2.99
2022-06-04T12:00:00,800.0,560.0,240.0,19.64,2.99
2022-06-04T13:00:00,793.156,555.209,237.947,19.63,2.99
2022-06-04T14:00:00,772.741,540.918,231.822,19.62,3.0
2022-06-04T15:00:00,739.104,517.373,221.731,19.62,3.0
2022-06-04T16:00:00,692.82,484.974,207.846,19.61,3.0
2022-06-04T17:00:00,634.683,444.278,190.405,19.6,3.0
2022-06-04T18:00:00,565.685,395.98,169.706,19.6,3.0
2022-06-04T19:00:00,487.009,340.906,146.103,19.59,3.0
2022-06-04T20:00:00,400.0,280.0,120.0,19.58,3.0
2022-06-04T21:00:00,306.147,214.303,91.844,19.58,3.0
2022-06-04T22:00:00,207.055,144.939,62.117,19.57,3.0
2022-06-04T23:00:00,104.421,73.095,31.326,19.57,3.0
2022-06-05T00:00:00,0.0,0.0,0.0,19.56,3.0
2022-06-05T01:00:00,104.421,73.095,31.326,19.55,3.0
2022-06-05T02:00:00,207.055,144.939,62.117,19.55,3.0
2022-06-05T03:00:00,306.147,214.303,91.844,19.54,3.0
2022-06-05T04:00:00,400.0,280.0,120.0,19.53,3.0
2022-06-05T05:00:00,487.009,340.906,146.103,19.53,3.0
2022-06-05T06:00:00,565.685,395.98,169.706,19.52,3.0
2022-06-05T07:00:00,634.683,444.278,190.405,19.51,3.0
2022-06-05T08:00:00,692.82,484.974,207.846,19.51,3.0
2022-06-05T09:00:00,739.104,517.373,221.731,19.5,3.0
2022-06-05T10:00:00,772.741,540.918,231.822,19.5,3.0
2022-06-05T11:00:00,793.156,555.209,237.947,19.49,3.0
2022-06-05T12:00:00,800.0,560.0,240.0,19.48,3.0
2022-06-05T13:00:00,793.156,555.209,237.947,19.48,3.0
2022-06-05T14:00:00,772.741,540.918,231.822,19.47,3.0
2022-06-05T15:00:00,739.104,517.373,221.731,19.46,3.0
2022-06-05T16:00:00,692.82,484.974,207.846,19.46,3.0
2022-06-05T17:00:00,634.683,444.278,190.405,19.45,2.99
2022-06-05T18:00:00,565.685,395.98,169.706,19.44,2.99
2022-06-05T19:00:00,487.009,340.906,146.103,19.44,2.99
2022-06-05T20:00:00,400.0,280.0,120.0,19.43,2.99
2022-06-05T21:00:00,306.147,214.303,91.844,19.42,2.99
2022-06-05T22:00:00,207.055,144.939,62.117,19.42,2.99
2022-06-05T23:00:00,104.421,73.095,31.326,19.41,2.99
2022-06-06T00:00:00,0.0,0.0,0.0,19.41,2.99
2022-06-06T01:00:00,104.421,73.095,31.326,19.4,2.99
2022-06-06T02:00:00,207.055,144.939,62.117,19.39,2.99
2022-06-06T03:00:00,306.147,214.303,91.844,19.39,2.99
2022-06-06T04:00:00,400.0,280.0,120.0,19.38,2.98
2022-06-06T05:00:00,487.009,340.906,146.103,19.37,2.98
2022-06-06T06:00:00,565.685,395.98,169.706,19.37,2.98
2022-06-06T07:00:00,634.683,444.278,190.405,19.36,2.98
2022-06-06T08:00:00,692.82,484.974,207.846,19.35,2.98
2022-06-06T09:00:00,739.104,517.373,221.731,19.35,2.98
2022-06-06T10:00:00,772.741,540.918,231.822,19.34,2.98
2022-06-06T11:00:00,793.156,555.209,237.947,19.33,2.97
2022-06-06T12:00:00,800.0,560.0,240.0,19.33,2.97
2022-06-06T13:00:00,793.156,555.209,237.947,19.32,2.97
2022-06-06T14:00:00,772.741,540.918,231.822,19.31,2.97
2022-06-06T15:00:00,739.104,517.373,221.731,19.31,2.97
2022-06-06T16:00:00,692.82,484.974,207.846,19.3,2.96
2022-06-06T17:00:00,634.683,444.278,190.405,19.3,2.96
2022-06-06T18:00:00,565.685,395.98,169.706,19.29,2.96
2022-06-06T19:00:00,487.009,340.906,146.103,19.28,2.96
2022-06-06T20:00:00,400.0,280.0,120.0,19.28,2.96
2022-06-06T21:00:00,306.147,214.303,91.844,19.27,2.95
2022-06-06T22:00:00,207.055,144.939,62.117,19.26,2.95
2022-06-06T23:00:00,104.421,73.095,31.326,19.26,2.95
2022-06-07T00:00:00,0.0,0.0,0.0,19.25,2.95
2022-06-07T01:00:00,104.421,73.095,31.326,19.24,2.95
2022-06-07T02:00:00,207.055,144.939,62.117,19.24,2.94
2022-06-07T03:00:00,306.147,214.303,91.844,19.23,2.94
2022-06-07T04:00:00,400.0,280.0,120.0,19.22,2.94
2022-06-07T05:00:00,487.009,340.906,146.103,19.22,2.94
2022-06-07T06:00:00,565.685,395.98,169.706,19.21,2.93
2022-06-07T07:00:00,634.683,444.278,190.405,19.2,2.93
2022-06-07T08:00:00,692.82,484.974,207.846,19.2,2.93
2022-06-07T09:00:00,739.104,517.373,221.731,19.19,2.93
2022-06-07T10:00:00,772.741,540.918,231.822,19.18,2.92
2022-06-07T11:00:00,793.156,555.209,237.947,19.18,2.92
2022-06-07T12:00:00,800.0,560.0,240.0,19.17,2.92
2022-06-07T13:00:00,793.156,555.209,237.947,19.17,2.91
2022-06-07T14:00:00,772.741,540.918,231.822,19.16,2.91
2022-06-07T15:00:00,739.104,517.373,221.731,19.15,2.91
2022-06-07T16:00:00,692.82,484.974,207.846,19.15,2.91
2022-06-07T17:00:00,634.683,444.278,190.405,19.14,2.9
2022-06-07T18:00:00,565.685,395.98,169.706,19.13,2.9
2022-06-07T19:00:00,487.009,340.906,146.103,19.13,2.9
2022-06-07T20:00:00,400.0,280.0,120.0,19.12,2.89
2022-06-07T21:00:00,306.147,214.303,91.844,19.11,2.89
2022-06-07T22:00:00,207.055,144.939,62.117,19.11,2.89
2022-06-07T23:00:00,104.421,73.095,31.326,19.1,2.88
2022-06-08T00:00:00,0.0,0.0,0.0,19.09,2.88
2022-06-08T01:00:00,104.421,73.095,31.326,19.09,2.88
2022-06-08T02:00:00,207.055,144.939,62.117,19.08,2.87
2022-06-08T03:00:00,306.147,214.303,91.844,19.07,2.87
2022-06-08T04:00:00,400.0,280.0,120.0,19.07,2.87
2022-06-08T05:00:00,487.009,340.906,146.103,19.06,2.86
2022-06-08T06:00:00,565.685,395.98,169.706,19.05,2.86
2022-06-08T07:00:00,634.683,444.278,190.405,19.05,2.86
2022-06-08T08:00:00,692.82,484.974,207.846,19.04,2.85
2022-06-08T09:00:00,739.104,517.373,221.731,19.03,2.85
2022-06-08T10:00:00,772.741,540.918,231.822,19.03,2.84
2022-06-08T11:00:00,793.156,555.209,237.947,19.02,2.84
2022-06-08T12:00:00,800.0,560.0,240.0,19.01,2.84
2022-06-08T13:00:00,793.156,555.209,237.947,19.01,2.83
2022-06-08T14:00:00,772.741,540.918,231.822,19.0,2.83
2022-06-08T15:00:00,739.104,517.373,221.731,19.0,2.82
2022-06-08T16:00:00,692.82,484.974,207.846,18.99,2.82
2022-06-08T17:00:00,634.683,444.278,190.405,18.98,2.82
2022-06-08T18:00:00,565.685,395.98,169.706,18.98,2.81
2022-06-08T19:00:00,487.009,340.906,146.103,18.97,2.81
2022-06-08T20:00:00,400.0,280.0,120.0,18.96,2.8
2022-06-08T21:00:00,306.147,214.303,91.844,18.96,2.8
2022-06-08T22:00:00,207.055,144.939,62.117,18.95,2.79
2022-06-08T23:00:00,104.421,73.095,31.326,18.94,2.79
2022-06-09T00:00:00,0.0,0.0,0.0,18.94,2.79
2022-06-09T01:00:00,104.421,73.095,31.326,18.93,2.78
2022-06-09T02:00:00,207.055,144.939,62.117,18.92,2.78
2022-06-09T03:00:00,306.147,214.303,91.844,18.92,2.77
2022-06-09T04:00:00,400.0,280.0,120.0,18.91,2.77
2022-06-09T05:00:00,487.009,340.906,146.103,18.9,2.76
2022-06-09T06:00:00,565.685,395.98,169.706,18.9,2.76
2022-06-09T07:00:00,634.683,444.278,190.405,18.89,2.75
2022-06-09T08:00:00,692.82,484.974,207.846,18.88,2.75
2022-06-09T09:00:00,739.104,517.373,221.731,18.88,2.74
2022-06-09T10:00:00,772.741,540.918,231.822,18.87,2.74
2022-06-09T11:00:00,793.156,555.209,237.947,18.86,2.73
2022-06-09T12:00:00,800.0,560.0,240.0,18.86,2.73
2022-06-09T13:00:00,793.156,555.209,237.947,18.85,2.72
2022-06-09T14:00:00,772.741,540.918,231.822,18.84,2.72
2022-06-09T15:00:00,739.104,517.373,221.731,18.84,2.71
2022-06-09T16:00:00,692.82,484.974,207.846,18.83,2.71
2022-06-09T17:00:00,634.683,444.278,190.405,18.82,2.7
2022-06-09T18:00:00,565.685,395.98,169.706,18.82,2.7
2022-06-09T19:00:00,487.009,340.906,146.103,18.81,2.69
2022-06-09T20:00:00,400.0,280.0,120.0,18.8,2.69
2022-06-09T21:00:00,306.147,214.303,91.844,18.8,2.68
2022-06-09T22:00:00,207.055,144.939,62.117,18.79,2.68
2022-06-09T23:00:00,104.421,73.095,31.326,18.78,2.67
2022-06-10T00:00:00,0.0,0.0,0.0,18.78,2.67
2022-06-10T01:00:00,104.421,73.095,31.326,18.77,2.66
2022-06-10T02:00:00,207.055,144.939,62.117,18.76,2.66
2022-06-10T03:00:00,306.147,214.303,91.844,18.76,2.65
2022-06-10T04:00:00,400.0,280.0,120.0,18.75,2.65
2022-06-10T05:00:00,487.009,340.906,146.103,18.74,2.64
2022-06-10T06:00:00,565.685,395.98,169.706,18.74,2.64
2022-06-10T07:00:00,634.683,444.278,190.405,18.73,2.63
2022-06-10T08:00:00,692.82,484.974,207.846,18.72,2.62
2022-06-10T09:00:00,739.104,517.373,221.731,18.72,2.62
2022-06-10T10:00:00,772.741,540.918,231.822,18.71,2.61
2022-06-10T11:00:00,793.156,555.209,237.947,18.7,2.61
2022-06-10T12:00:00,800.0,560.0,240.0,18.7,2.6
2022-06-10T13:00:00,793.156,555.209,237.947,18.69,2.6
2022-06-10T14:00:00,772.741,540.918,231.822,18.68,2.59
2022-06-10T15:00:00,739.104,517.373,221.731,18.68,2.58
2022-06-10T16:00:00,692.82,484.974,207.846,18.67,2.58
2022-06-10T17:00:00,634.683,444.278,190.405,18.66,2.57
2022-06-10T18:00:00,565.685,395.98,169.706,18.66,2.57
2022-06-10T19:00:00,487.009,340.906,146.103,18.65,2.56
2022-06-10T20:00:00,400.0,280.0,120.0,18.64,2.55
2022-06-10T21:00:00,306.147,214.303,91.844,18.64,2.55
2022-06-10T22:00:00,207.055,144.939,62.117,18.63,2.54
2022-06-10T23:00:00,104.421,73.095,31.326,18.62,2.54
2022-06-11T00:00:00,0.0,0.0,0.0,18.62,2.53
2022-06-11T01:00:00,104.421,73.095,31.326,18.61,2.52
2022-06-11T02:00:00,207.055,144.939,62.117,18.6,2.52
2022-06-11T03:00:00,306.147,214.303,91.844,18.6,2.51
2022-06-11T04:00:00,400.0,280.0,120.0,18.59,2.51
2022-06-11T05:00:00,487.009,340.906,146.103,18.58,2.5
2022-06-11T06:00:00,565.685,395.98,169.706,18.58,2.49
2022-06-11T07:00:00,634.683,444.278,190.405,18.57,2.49
2022-06-11T08:00:00,692.82,484.974,207.846,18.56,2.48
2022-06-11T09:00:00,739.104,517.373,221.731,18.56,2.47
2022-06-11T10:00:00,772.741,540.918,231.822,18.55,2.47
2022-06-11T11:00:00,793.156,555.209,237.947,18.54,2.46
2022-06-11T12:00:00,800.0,560.0,240.0,18.54,2.46
2022-06-11T13:00:00,793.156,555.209,237.947,18.53,2.45
2022-06-11T14:00:00,772.741,540.918,231.822,18.52,2.44
2022-06-11T15:00:00,739.104,517.373,221.731,18.52,2.44
2022-06-11T16:00:00,692.82,484.974,207.846,18.51,2.43
2022-06-11T17:00:00,634.683,444.278,190.405,18.5,2.42
2022-06-11T18:00:00,565.685,395.98,169.706,18.5,2.42
2022-06-11T19:00:00,487.009,340.906,146.103,18.49,2.41
2022-06-11T20:00:00,400.0,280.0,120.0,18.48,2.4
2022-06-11T21:00:00,306.147,214.303,91.844,18.48,2.4
2022-06-11T22:00:00,207.055,144.939,62.117,18.47,2.39
2022-06-11T23:00:00,104.421,73.095,31.326,18.46,2.38
2022-06-12T00:00:00,0.0,0.0,0.0,18.46,2.38
2022-06-12T01:00:00,104.421,73.095,31.326,18.45,2.37
2022-06-12T02:00:00,207.055,144.939,62.117,18.44,2.36
2022-06-12T03:00:00,306.147,214.303,91.844,18.44,2.36
2022-06-12T04:00:00,400.0,280.0,120.0,18.43,2.35
2022-06-12T05:00:00,487.009,340.906,146.103,18.42,2.34
2022-06-12T06:00:00,565.685,395.98,169.706,18.42,2.34
2022-06-12T07:00:00,634.683,444.278,190.405,18.41,2.33
2022-06-12T08:00:00,692.82,484.974,207.846,18.4,2.32
2022-06-12T09:00:00,739.104,517.373,221.731,18.4,2.32
2022-06-12T10:00:00,772.741,540.918,231.822,18.39,2.31
2022-06-12T11:00:00,793.156,555.209,237.947,18.38,2.3
2022-06-12T12:00:00,800.0,560.0,240.0,18.38,2.3
2022-06-12T13:00:00,793.156,555.209,237.947,18.37,2.29
2022-06-12T14:00:00,772.741,540.918,231.822,18.36,2.28
2022-06-12T15:00:00,739.104,517.373,221.731,18.35,2.28
2022-06-12T16:00:00,692.82,484.974,207.846,18.35,2.27
2022-06-12T17:00:00,634.683,444.278,190.405,18.34,2.26
2022-06-12T18:00:00,565.685,395.98,169.706,18.33,2.26
2022-06-12T19:00:00,487.009,340.906,146.103,18.33,2.25
2022-06-12T20:00:00,400.0,280.0,120.0,18.32,2.24
2022-06-12T21:00:00,306.147,214.303,91.844,18.31,2.23
2022-06-12T22:00:00,207.055,144.939,62.117,18.31,2.23
2022-06-12T23:00:00,104.421,73.095,31.326,18.3,2.22
2022-06-13T00:00:00,0.0,0.0,0.0,18.29,2.21
2022-06-13T01:00:00,104.421,73.095,31.326,18.29,2.21
2022-06-13T02:00:00,207.055,144.939,62.117,18.28,2.2
2022-06-13T03:00:00,306.147,214.303,91.844,18.27,2.19
2022-06-13T04:00:00,400.0,280.0,120.0,18.27,2.19
2022-06-13T05:00:00,487.009,340.906,146.103,18.26,2.18
2022-06-13T06:00:00,565.685,395.98,169.706,18.25,2.17
2022-06-13T07:00:00,634.683,444.278,190.405,18.25,2.16
2022-06-13T08:00:00,692.82,484.974,207.846,18.24,2.16
2022-06-13T09:00:00,739.104,517.373,221.731,18.23,2.15
2022-06-13T10:00:00,772.741,540.918,231.822,18.23,2.14
2022-06-13T11:00:00,793.156,555.209,237.947,18.22,2.14
2022-06-13T12:00:00,800.0,560.0,240.0,18.21,2.13
2022-06-13T13:00:00,793.156,555.209,237.947,18.21,2.12
2022-06-13T14:00:00,772.741,540.918,231.822,18.2,2.11
2022-06-13T15:00:00,739.104,517.373,221.731,18.19,2.11
2022-06-13T16:00:00,692.82,484.974,207.846,18.19,2.1
2022-06-13T17:00:00,634.683,444.278,190.405,18.18,2.09
2022-06-13T18:00:00,565.685,395.98,169.706,18.17,2.09
2022-06-13T19:00:00,487.009,340.906,146.103,18.17,2.08
2022-06-13T20:00:00,400.0,280.0,120.0,18.16,2.07
2022-06-13T21:00:00,306.147,214.303,91.844,18.15,2.06
2022-06-13T22:00:00,207.055,144.939,62.117,18.14,2.06
2022-06-13T23:00:00,104.421,73.095,31.326,18.14,2.05
2022-06-14T00:00:00,0.0,0.0,0.0,18.13,2.04
2022-06-14T01:00:00,104.421,73.095,31.326,18.12,2.04
2022-06-14T02:00:00,207.055,144.939,62.117,18.12,2.03
2022-06-14T03:00:00,306.147,214.303,91.844,18.11,2.02
2022-06-14T04:00:00,400.0,280.0,120.0,18.1,2.01
2022-06-14T05:00:00,487.009,340.906,146.103,18.1,2.01
2022-06-14T06:00:00,565.685,395.98,169.706,18.09,2.0
2022-06-14T07:00:00,634.683,444.278,190.405,18.08,2.01
2022-06-14T08:00:00,692.82,484.974,207.846,18.08,2.01
2022-06-14T09:00:00,739.104,517.373,221.731,18.07,2.02
2022-06-14T10:00:00,772.741,540.918,231.822,18.06,2.03
2022-06-14T11:00:00,793.156,555.209,237.947,18.06,2.04
2022-06-14T12:00:00,800.0,560.0,240.0,18.05,2.04
2022-06-14T13:00:00,793.156,555.209,237.947,18.04,2.05
2022-06-14T14:00:00,772.741,540.918,231.822,18.04,2.06
2022-06-14T15:00:00,739.104,517.373,221.731,18.03,2.06
2022-06-14T16:00:00,692.82,484.974,207.846,18.02,2.07
2022-06-14T17:00:00,634.683,444.278,190.405,18.02,2.08
2022-06-14T18:00:00,565.685,395.98,169.706,18.01,2.09
2022-06-14T19:00:00,487.009,340.906,146.103,18.0,2.09
2022-06-14T20:00:00,400.0,280.0,120.0,17.99,2.1
2022-06-14T21:00:00,306.147,214.303,91.844,17.99,2.11
2022-06-14T22:00:00,207.055,144.939,62.117,17.98,2.11
2022-06-14T23:00:00,104.421,73.095,31.326,17.97,2.12
2022-06-15T00:00:00,0.0,0.0,0.0,17.97,2.13
2022-06-15T01:00:00,104.421,73.095,31.326,17.96,2.14
2022-06-15T02:00:00,207.055,144.939,62.117,17.95,2.14
2022-06-15T03:00:00,306.147,214.303,91.844,17.95,2.15
2022-06-15T04:00:00,400.0,280.0,120.0,17.94,2.16
2022-06-15T05:00:00,487.009,340.906,146.103,17.93,2.16
2022-06-15T06:00:00,565.685,395.98,169.706,17.93,2.17
2022-06-15T07:00:00,634.683,444.278,190.405,17.92,2.18
2022-06-15T08:00:00,692.82,484.974,207.846,17.91,2.19
2022-06-15T09:00:00,739.104,517.373,221.731,17.91,2.19
2022-06-15T10:00:00,772.741,540.918,231.822,17.9,2.2
2022-06-15T11:00:00,793.156,555.209,237.947,17.89,2.21
2022-06-15T12:00:00,800.0,560.0,240.0,17.88,2.21
2022-06-15T13:00:00,793.156,555.209,237.947,17.88,2.22
2022-06-15T14:00:00,772.741,540.918,231.822,17.87,2.23
2022-06-15T15:00:00,739.104,517.373,221.731,17.86,2.23
2022-06-15T16:00:00,692.82,484.974,207.846,17.86,2.24
2022-06-15T17:00:00,634.683,444.278,190.405,17.85,2.25
2022-06-15T18:00:00,565.685,395.98,169.706,17.84,2.26
2022-06-15T19:00:00,487.009,340.906,146.103,17.84,2.26
2022-06-15T20:00:00,400.0,280.0,120.0,17.83,2.27
2022-06-15T21:00:00,306.147,214.303,91.844,17.82,2.28
2022-06-15T22:00:00,207.055,144.939,62.117,17.82,2.28
2022-06-15T23:00:00,104.421,73.095,31.326,17.81,2.29
2022-06-16T00:00:00,0.0,0.0,0.0,17.8,2.3
2022-06-16T01:00:00,104.421,73.095,31.326,17.8,2.3
2022-06-16T02:00:00,207.055,144.939,62.117,17.79,2.31
2022-06-16T03:00:00,306.147,214.303,91.844,17.78,2.32
2022-06-16T04:00:00,400.0,280.0,120.0,17.77,2.32
2022-06-16T05:00:00,487.009,340.906,146.103,17.77,2.33
2022-06-16T06:00:00,565.685,395.98,169.706,17.76,2.34
2022-06-16T07:00:00,634.683,444.278,190.405,17.75,2.34
2022-06-16T08:00:00,692.82,484.974,207.846,17.75,2.35
2022-06-16T09:00:00,739.104,517.373,221.731,17.74,2.36
2022-06-16T10:00:00,772.741,540.918,231.822,17.73,2.36
2022-06-16T11:00:00,793.156,555.209,237.947,17.73,2.37
2022-06-16T12:00:00,800.0,560.0,240.0,17.72,2.38
2022-06-16T13:00:00,793.156,555.209,237.947,17.71,2.38
2022-06-16T14:00:00,772.741,540.918,231.822,17.71,2.39
2022-06-16T15:00:00,739.104,517.373,221.731,17.7,2.4
2022-06-16T16:00:00,692.82,484.974,207.846,17.69,2.4
2022-06-16T17:00:00,634.683,444.278,190.405,17.69,2.41
2022-06-16T18:00:00,565.685,395.98,169.706,17.68,2.42
2022-06-16T19:00:00,487.009,340.906,146.103,17.67,2.42
2022-06-16T20:00:00,400.0,280.0,120.0,17.66,2.43
2022-06-16T21:00:00,306.147,214.303,91.844,17.66,2.44
2022-06-16T22:00:00,207.055,144.939,62.117,17.65,2.44
2022-06-16T23:00:00,104.421,73.095,31.326,17.64,2.45
2022-06-17T00:00:00,0.0,0.0,0.0,17.64,2.46
2022-06-17T01:00:00,104.421,73.095,31.326,17.63,2.46
2022-06-17T02:00:00,207.055,144.939,62.117,17.62,2.47
2022-06-17T03:00:00,306.147,214.303,91.844,17.62,2.47
2022-06-17T04:00:00,400.0,280.0,120.0,17.61,2.48
2022-06-17T05:00:00,487.009,340.906,146.103,17.6,2.49
2022-06-17T06:00:00,565.685,395.98,169.706,17.6,2.49
2022-06-17T07:00:00,634.683,444.278,190.405,17.59,2.5
2022-06-17T08:00:00,692.82,484.974,207.846,17.58,2.51
2022-06-17T09:00:00,739.104,517.373,221.731,17.57,2.51
2022-06-17T10:00:00,772.741,540.918,231.822,17.57,2.52
2022-06-17T11:00:00,793.156,555.209,237.947,17.56,2.52
2022-06-17T12:00:00,800.0,560.0,240.0,17.55,2.53
2022-06-17T13:00:00,793.156,555.209,237.947,17.55,2.54
2022-06-17T14:00:00,772.741,540.918,231.822,17.54,2.54
2022-06-17T15:00:00,739.104,517.373,221.731,17.53,2.55
2022-06-17T16:00:00,692.82,484.974,207.846,17.53,2.55
2022-06-17T17:00:00,634.683,444.278,190.405,17.52,2.56
2022-06-17T18:00:00,565.685,395.98,169.706,17.51,2.57
2022-06-17T19:00:00,487.009,340.906,146.103,17.5,2.57
2022-06-17T20:00:00,400.0,280.0,120.0,17.5,2.58
2022-06-17T21:00:00,306.147,214.303,91.844,17.49,2.58
2022-06-17T22:00:00,207.055,144.939,62.117,17.48,2.59
2022-06-17T23:00:00,104.421,73.095,31.326,17.48,2.6
2022-06-18T00:00:00,0.0,0.0,0.0,17.47,2.6
2022-06-18T01:00:00,104.421,73.095,31.326,17.46,2.61
2022-06-18T02:00:00,207.055,144.939,62.117,17.46,2.61
2022-06-18T03:00:00,306.147,214.303,91.844,17.45,2.62
2022-06-18T04:00:00,400.0,280.0,120.0,17.44,2.62
2022-06-18T05:00:00,487.009,340.906,146.103,17.44,2.63
2022-06-18T06:00:00,565.685,395.98,169.706,17.43,2.64
2022-06-18T07:00:00,634.683,444.278,190.405,17.42,2.64
2022-06-18T08:00:00,692.82,484.974,207.846,17.41,2.65
2022-06-18T09:00:00,739.104,517.373,221.731,17.41,2.65
2022-06-18T10:00:00,772.741,540.918,231.822,17.4,2.66
2022-06-18T11:00:00,793.156,555.209,237.947,17.39,2.66
2022-06-18T12:00:00,800.0,560.0,240.0,17.39,2.67
2022-06-18T13:00:00,793.156,555.209,237.947,17.38,2.67
2022-06-18T14:00:00,772.741,540.918,231.822,17.37,2.68
2022-06-18T15:00:00,739.104,517.373,221.731,17.37,2.68
2022-06-18T16:00:00,692.82,484.974,207.846,17.36,2.69
2022-06-18T17:00:00,634.683,444.278,190.405,17.35,2.69
2022-06-18T18:00:00,565.685,395.98,169.706,17.34,2.7
2022-06-18T19:00:00,487.009,340.906,146.103,17.34,2.7
2022-06-18T20:00:00,400.0,280.0,120.0,17.33,2.71
2022-06-18T21:00:00,306.147,214.303,91.844,17.32,2.71
2022-06-18T22:00:00,207.055,144.939,62.117,17.32,2.72
2022-06-18T23:00:00,104.421,73.095,31.326,17.31,2.72
2022-06-19T00:00:00,0.0,0.0,0.0,17.3,2.73
2022-06-19T01:00:00,104.421,73.095,31.326,17.3,2.73
2022-06-19T02:00:00,207.055,144.939,62.117,17.29,2.74
2022-06-19T03:00:00,306.147,214.303,91.844,17.28,2.74
2022-06-19T04:00:00,400.0,280.0,120.0,17.28,2.75
2022-06-19T05:00:00,487.009,340.906,146.103,17.27,2.75
2022-06-19T06:00:00,565.685,395.98,169.706,17.26,2.76
2022-06-19T07:00:00,634.683,444.278,190.405,17.25,2.76
2022-06-19T08:00:00,692.82,484.974,207.846,17.25,2.77
2022-06-19T09:00:00,739.104,517.373,221.731,17.24,2.77
2022-06-19T10:00:00,772.741,540.918,231.822,17.23,2.78
2022-06-19T11:00:00,793.156,555.209,237.947,17.23,2.78
2022-06-19T12:00:00,800.0,560.0,240.0,17.22,2.79
2022-06-19T13:00:00,793.156,555.209,237.947,17.21,2.79
2022-06-19T14:00:00,772.741,540.918,231.822,17.21,2.79
2022-06-19T15:00:00,739.104,517.373,221.731,17.2,2.8
2022-06-19T16:00:00,692.82,484.974,207.846,17.19,2.8
2022-06-19T17:00:00,634.683,444.278,190.405,17.18,2.81
2022-06-19T18:00:00,565.685,395.98,169.706,17.18,2.81
2022-06-19T19:00:00,487.009,340.906,146.103,17.17,2.82
2022-06-19T20:00:00,400.0,280.0,120.0,17.16,2.82
2022-06-19T21:00:00,306.147,214.303,91.844,17.16,2.82
2022-06-19T22:00:00,207.055,144.939,62.117,17.15,2.83
2022-06-19T23:00:00,104.421,73.095,31.326,17.14,2.83
2022-06-20T00:00:00,0.0,0.0,0.0,17.14,2.84
2022-06-20T01:00:00,104.421,73.095,31.326,17.13,2.84
2022-06-20T02:00:00,207.055,144.939,62.117,17.12,2.84
2022-06-20T03:00:00,306.147,214.303,91.844,17.11,2.85
2022-06-20T04:00:00,400.0,280.0,120.0,17.11,2.85
2022-06-20T05:00:00,487.009,340.906,146.103,17.1,2.86
2022-06-20T06:00:00,565.685,395.98,169.706,17.09,2.86
2022-06-20T07:00:00,634.683,444.278,190.405,17.09,2.86
2022-06-20T08:00:00,692.82,484.974,207.846,17.08,2.87
2022-06-20T09:00:00,739.104,517.373,221.731,17.07,2.87
2022-06-20T10:00:00,772.741,540.918,231.822,17.07,2.87
2022-06-20T11:00:00,793.156,555.209,237.947,17.06,2.88
2022-06-20T12:00:00,800.0,560.0,240.0,17.05,2.88
2022-06-20T13:00:00,793.156,555.209,237.947,17.04,2.88
2022-06-20T14:00:00,772.741,540.918,231.822,17.04,2.89
2022-06-20T15:00:00,739.104,517.373,221.731,17.03,2.89
2022-06-20T16:00:00,692.82,484.974,207.846,17.02,2.89
2022-06-20T17:00:00,634.683,444.278,190.405,17.02,2.9
2022-06-20T18:00:00,565.685,395.98,169.706,17.01,2.9
2022-06-20T19:00:00,487.009,340.906,146.103,17.0,2.9
2022-06-20T20:00:00,400.0,280.0,120.0,16.99,2.91
2022-06-20T21:00:00,306.147,214.303,91.844,16.99,2.91
2022-06-20T22:00:00,207.055,144.939,62.117,16.98,2.91
2022-06-20T23:00:00,104.421,73.095,31.326,16.97,2.91
2022-06-21T00:00:00,0.0,0.0,0.0,16.97,2.92
2022-06-21T01:00:00,104.421,73.095,31.326,16.96,2.92
2022-06-21T02:00:00,207.055,144.939,62.117,16.95,2.92
2022-06-21T03:00:00,306.147,214.303,91.844,16.95,2.93
2022-06-21T04:00:00,400.0,280.0,120.0,16.94,2.93
2022-06-21T05:00:00,487.009,340.906,146.103,16.93,2.93
2022-06-21T06:00:00,565.685,395.98,169.706,16.92,2.93
2022-06-21T07:00:00,634.683,444.278,190.405,16.92,2.94
2022-06-21T08:00:00,692.82,484.974,207.846,16.91,2.94
2022-06-21T09:00:00,739.104,517.373,221.731,16.9,2.94
2022-06-21T10:00:00,772.741,540.918,231.822,16.9,2.94
2022-06-21T11:00:00,793.156,555.209,237.947,16.89,2.95
2022-06-21T12:00:00,800.0,560.0,240.0,16.88,2.95
2022-06-21T13:00:00,793.156,555.209,237.947,16.88,2.95
2022-06-21T14:00:00,772.741,540.918,231.822,16.87,2.95
2022-06-21T15:00:00,739.104,517.373,221.731,16.86,2.95
2022-06-21T16:00:00,692.82,484.974,207.846,16.85,2.96
2022-06-21T17:00:00,634.683,444.278,190.405,16.85,2.96
2022-06-21T18:00:00,565.685,395.98,169.706,16.84,2.96
2022-06-21T19:00:00,487.009,340.906,146.103,16.83,2.96
2022-06-21T20:00:00,400.0,280.0,120.0,16.83,2.96
2022-06-21T21:00:00,306.147,214.303,91.844,16.82,2.97
2022-06-21T22:00:00,207.055,144.939,62.117,16.81,2.97
2022-06-21T23:00:00,104.421,73.095,31.326,16.8,2.97
2022-06-22T00:00:00,0.0,0.0,0.0,16.8,2.97
2022-06-22T01:00:00,104.421,73.095,31.326,16.79,2.97
2022-06-22T02:00:00,207.055,144.939,62.117,16.78,2.98
2022-06-22T03:00:00,306.147,214.303,91.844,16.78,2.98
2022-06-22T04:00:00,400.0,280.0,120.0,16.77,2.98
2022-06-22T05:00:00,487.009,340.906,146.103,16.76,2.98
2022-06-22T06:00:00,565.685,395.98,169.706,16.76,2.98
2022-06-22T07:00:00,634.683,444.278,190.405,16.75,2.98
2022-06-22T08:00:00,692.82,484.974,207.846,16.74,2.98
2022-06-22T09:00:00,739.104,517.373,221.731,16.73,2.99
2022-06-22T10:00:00,772.741,540.918,231.822,16.73,2.99
2022-06-22T11:00:00,793.156,555.209,237.947,16.72,2.99
2022-06-22T12:00:00,800.0,560.0,240.0,16.71,2.99
2022-06-22T13:00:00,793.156,555.209,237.947,16.71,2.99
2022-06-22T14:00:00,772.741,540.918,231.822,16.7,2.99
2022-06-22T15:00:00,739.104,517.373,221.731,16.69,2.99
2022-06-22T16:00:00,692.82,484.974,207.846,16.68,2.99
2022-06-22T17:00:00,634.683,444.278,190.405,16.68,2.99
2022-06-22T18:00:00,565.685,395.98,169.706,16.67,2.99
2022-06-22T19:00:00,487.009,340.906,146.103,16.66,2.99
2022-06-22T20:00:00,400.0,280.0,120.0,16.66,3.0
2022-06-22T21:00:00,306.147,214.303,91.844,16.65,3.0
2022-06-22T22:00:00,207.055,144.939,62.117,16.64,3.0
2022-06-22T23:00:00,104.421,73.095,31.326,16.64,3.0
2022-06-23T00:00:00,0.0,0.0,0.0,16.63,3.0
2022-06-23T01:00:00,104.421,73.095,31.326,16.62,3.0
2022-06-23T02:00:00,207.055,144.939,62.117,16.61,3.0
2022-06-23T03:00:00,306.147,214.303,91.844,16.61,3.0
2022-06-23T04:00:00,400.0,280.0,120.0,16.6,3.0
2022-06-23T05:00:00,487.009,340.906,146.103,16.59,3.0
2022-06-23T06:00:00,565.685,395.98,169.706,16.59,3.0
2022-06-23T07:00:00,634.683,444.278,190.405,16.58,3.0
2022-06-23T08:00:00,692.82,484.974,207.846,16.57,3.0
2022-06-23T09:00:00,739.104,517.373,221.731,16.56,3.0
2022-06-23T10:00:00,772.741,540.918,231.822,16.56,3.0
2022-06-23T11:00:00,793.156,555.209,237.947,16.55,3.0
2022-06-23T12:00:00,800.0,560.0,240.0,16.54,3.0
2022-06-23T13:00:00,793.156,555.209,237.947,16.54,3.0
2022-06-23T14:00:00,772.741,540.918,231.822,16.53,3.0
2022-06-23T15:00:00,739.104,517.373,221.731,16.52,3.0
2022-06-23T16:00:00,692.82,484.974,207.846,16.51,3.0
2022-06-23T17:00:00,634.683,444.278,190.405,16.51,3.0
2022-06-23T18:00:00,565.685,395.98,169.706,16.5,3.0
2022-06-23T19:00:00,487.009,340.906,146.103,16.49,3.0
2022-06-23T20:00:00,400.0,280.0,120.0,16.49,3.0
2022-06-23T21:00:00,306.147,214.303,91.844,16.48,3.0
2022-06-23T22:00:00,207.055,144.939,62.117,16.47,3.0
2022-06-23T23:00:00,104.421,73.095,31.326,16.47,2.99
2022-06-24T00:00:00,0.0,0.0,0.0,16.46,2.99
2022-06-24T01:00:00,104.421,73.095,31.326,16.45,2.99
2022-06-24T02:00:00,207.055,144.939,62.117,16.44,2.99
2022-06-24T03:00:00,306.147,214.303,91.844,16.44,2.99
2022-06-24T04:00:00,400.0,280.0,120.0,16.43,2.99
2022-06-24T05:00:00,487.009,340.906,146.103,16.42,2.99
2022-06-24T06:00:00,565.685,395.98,169.706,16.42,2.99
2022-06-24T07:00:00,634.683,444.278,190.405,16.41,2.99
2022-06-24T08:00:00,692.82,484.974,207.846,16.4,2.99
2022-06-24T09:00:00,739.104,517.373,221.731,16.39,2.99
2022-06-24T10:00:00,772.741,540.918,231.822,16.39,2.98
2022-06-24T11:00:00,793.156,555.209,237.947,16.38,2.98
2022-06-24T12:00:00,800.0,560.0,240.0,16.37,2.98
2022-06-24T13:00:00,793.156,555.209,237.947,16.37,2.98
2022-06-24T14:00:00,772.741,540.918,231.822,16.36,2.98
2022-06-24T15:00:00,739.104,517.373,221.731,16.35,2.98
2022-06-24T16:00:00,692.82,484.974,207.846,16.34,2.98
2022-06-24T17:00:00,634.683,444.278,190.405,16.34,2.97
2022-06-24T18:00:00,565.685,395.98,169.706,16.33,2.97
2022-06-24T19:00:00,487.009,340.906,146.103,16.32,2.97
2022-06-24T20:00:00,400.0,280.0,120.0,16.32,2.97
2022-06-24T21:00:00,306.147,214.303,91.844,16.31,2.97
2022-06-24T22:00:00,207.055,144.939,62.117,16.3,2.96
2022-06-24T23:00:00,104.421,73.095,31.326,16.29,2.96
2022-06-25T00:00:00,0.0,0.0,0.0,16.29,2.96
2022-06-25T01:00:00,104.421,73.095,31.326,16.28,2.96
2022-06-25T02:00:00,207.055,144.939,62.117,16.27,2.96
2022-06-25T03:00:00,306.147,214.303,91.844,16.27,2.95
2022-06-25T04:00:00,400.0,280.0,120.0,16.26,2.95
2022-06-25T05:00:00,487.009,340.906,146.103,16.25,2.95
2022-06-25T06:00:00,565.685,395.98,169.706,16.24,2.95
2022-06-25T07:00:00,634.683,444.278,190.405,16.24,2.95
2022-06-25T08:00:00,692.82,484.974,207.846,16.23,2.94
2022-06-25T09:00:00,739.104,517.373,221.731,16.22,2.94
2022-06-25T10:00:00,772.741,540.918,231.822,16.22,2.94
2022-06-25T11:00:00,793.156,555.209,237.947,16.21,2.94
2022-06-25T12:00:00,800.0,560.0,240.0,16.2,2.93
2022-06-25T13:00:00,793.156,555.209,237.947,16.19,2.93
2022-06-25T14:00:00,772.741,540.918,231.822,16.19,2.93
2022-06-25T15:00:00,739.104,517.373,221.731,16.18,2.93
2022-06-25T16:00:00,692.82,484.974,207.846,16.17,2.92
2022-06-25T17:00:00,634.683,444.278,190.405,16.17,2.92
2022-06-25T18:00:00,565.685,395.98,169.706,16.16,2.92
2022-06-25T19:00:00,487.009,340.906,146.103,16.15,2.91
2022-06-25T20:00:00,400.0,280.0,120.0,16.15,2.91
2022-06-25T21:00:00,306.147,214.303,91.844,16.14,2.91
2022-06-25T22:00:00,207.055,144.939,62.117,16.13,2.91
2022-06-25T23:00:00,104.421,73.095,31.326,16.12,2.9
2022-06-26T00:00:00,0.0,0.0,0.0,16.12,2.9
2022-06-26T01:00:00,104.421,73.095,31.326,16.11,2.9
2022-06-26T02:00:00,207.055,144.939,62.117,16.1,2.89
2022-06-26T03:00:00,306.147,214.303,91.844,16.1,2.89
2022-06-26T04:00:00,400.0,280.0,120.0,16.09,2.89
2022-06-26T05:00:00,487.009,340.906,146.103,16.08,2.88
2022-06-26T06:00:00,565.685,395.98,169.706,16.07,2.88
2022-06-26T07:00:00,634.683,444.278,190.405,16.07,2.88
2022-06-26T08:00:00,692.82,484.974,207.846,16.06,2.87
2022-06-26T09:00:00,739.104,517.373,221.731,16.05,2.87
2022-06-26T10:00:00,772.741,540.918,231.822,16.05,2.87
2022-06-26T11:00:00,793.156,555.209,237.947,16.04,2.86
2022-06-26T12:00:00,800.0,560.0,240.0,16.03,2.86
2022-06-26T13:00:00,793.156,555.209,237.947,16.02,2.86
2022-06-26T14:00:00,772.741,540.918,231.822,16.02,2.85
2022-06-26T15:00:00,739.104,517.373,221.731,16.01,2.85
2022-06-26T16:00:00,692.82,484.974,207.846,16.0,2.84
2022-06-26T17:00:00,634.683,444.278,190.405,16.0,2.84
2022-06-26T18:00:00,565.685,395.98,169.706,15.99,2.84
2022-06-26T19:00:00,487.009,340.906,146.103,15.98,2.83
2022-06-26T20:00:00,400.0,280.0,120.0,15.97,2.83
2022-06-26T21:00:00,306.147,214.303,91.844,15.97,2.82
2022-06-26T22:00:00,207.055,144.939,62.117,15.96,2.82
2022-06-26T23:00:00,104.421,73.095,31.326,15.95,2.82
2022-06-27T00:00:00,0.0,0.0,0.0,15.95,2.81
2022-06-27T01:00:00,104.421,73.095,31.326,15.94,2.81
2022-06-27T02:00:00,207.055,144.939,62.117,15.93,2.8
2022-06-27T03:00:00,306.147,214.303,91.844,15.92,2.8
2022-06-27T04:00:00,400.0,280.0,120.0,15.92,2.79
2022-06-27T05:00:00,487.009,340.906,146.103,15.91,2.79
2022-06-27T06:00:00,565.685,395.98,169.706,15.9,2.79
2022-06-27T07:00:00,634.683,444.278,190.405,15.9,2.78
2022-06-27T08:00:00,692.82,484.974,207.846,15.89,2.78
2022-06-27T09:00:00,739.104,517.373,221.731,15.88,2.77
2022-06-27T10:00:00,772.741,540.918,231.822,15.87,2.77
2022-06-27T11:00:00,793.156,555.209,237.947,15.87,2.76
2022-06-27T12:00:00,800.0,560.0,240.0,15.86,2.76
2022-06-27T13:00:00,793.156,555.209,237.947,15.85,2.75
2022-06-27T14:00:00,772.741,540.918,231.822,15.85,2.75
2022-06-27T15:00:00,739.104,517.373,221.731,15.84,2.74
2022-06-27T16:00:00,692.82,484.974,207.846,15.83,2.74
2022-06-27T17:00:00,634.683,444.278,190.405,15.82,2.73
2022-06-27T18:00:00,565.685,395.98,169.706,15.82,2.73
2022-06-27T19:00:00,487.009,340.906,146.103,15.81,2.72
2022-06-27T20:00:00,400.0,280.0,120.0,15.8,2.72
2022-06-27T21:00:00,306.147,214.303,91.844,15.8,2.71
2022-06-27T22:00:00,207.055,144.939,62.117,15.79,2.71
2022-06-27T23:00:00,104.421,73.095,31.326,15.78,2.7
2022-06-28T00:00:00,0.0,0.0,0.0,15.77,2.7
2022-06-28T01:00:00,104.421,73.095,31.326,15.77,2.69
2022-06-28T02:00:00,207.055,144.939,62.117,15.76,2.69
2022-06-28T03:00:00,306.147,214.303,91.844,15.75,2.68
2022-06-28T04:00:00,400.0,280.0,120.0,15.75,2.68
2022-06-28T05:00:00,487.009,340.906,146.103,15.74,2.67
2022-06-28T06:00:00,565.685,395.98,169.706,15.73,2.67
2022-06-28T07:00:00,634.683,444.278,190.405,15.72,2.66
2022-06-28T08:00:00,692.82,484.974,207.846,15.72,2.66
2022-06-28T09:00:00,739.104,517.373,221.731,15.71,2.65
2022-06-28T10:00:00,772.741,540.918,231.822,15.7,2.65
2022-06-28T11:00:00,793.156,555.209,237.947,15.7,2.64
2022-06-28T12:00:00,800.0,560.0,240.0,15.69,2.64
2022-06-28T13:00:00,793.156,555.209,237.947,15.68,2.63
2022-06-28T14:00:00,772.741,540.918,231.822,15.67,2.62
2022-06-28T15:00:00,739.104,517.373,221.731,15.67,2.62
2022-06-28T16:00:00,692.82,484.974,207.846,15.66,2.61
2022-06-28T17:00:00,634.683,444.278,190.405,15.65,2.61
2022-06-28T18:00:00,565.685,395.98,169.706,15.65,2.6
2022-06-28T19:00:00,487.009,340.906,146.103,15.64,2.6
2022-06-28T20:00:00,400.0,280.0,120.0,15.63,2.59
2022-06-28T21:00:00,306.147,214.303,91.844,15.62,2.58
2022-06-28T22:00:00,207.055,144.939,62.117,15.62,2.58
2022-06-28T23:00:00,104.421,73.095,31.326,15.61,2.57
2022-06-29T00:00:00,0.0,0.0,0.0,15.6,2.57
2022-06-29T01:00:00,104.421,73.095,31.326,15.59,2.56
2022-06-29T02:00:00,207.055,144.939,62.117,15.59,2.55
2022-06-29T03:00:00,306.147,214.303,91.844,15.58,2.55
2022-06-29T04:00:00,400.0,280.0,120.0,15.57,2.54
2022-06-29T05:00:00,487.009,340.906,146.103,15.57,2.54
2022-06-29T06:00:00,565.685,395.98,169.706,15.56,2.53
2022-06-29T07:00:00,634.683,444.278,190.405,15.55,2.52
2022-06-29T08:00:00,692.82,484.974,207.846,15.54,2.52
2022-06-29T09:00:00,739.104,517.373,221.731,15.54,2.51
2022-06-29T10:00:00,772.741,540.918,231.822,15.53,2.51
2022-06-29T11:00:00,793.156,555.209,237.947,15.52,2.5
2022-06-29T12:00:00,800.0,560.0,240.0,15.52,2.49
2022-06-29T13:00:00,793.156,555.209,237.947,15.51,2.49
2022-06-29T14:00:00,772.741,540.918,231.822,15.5,2.48
2022-06-29T15:00:00,739.104,517.373,221.731,15.49,2.47
2022-06-29T16:00:00,692.82,484.974,207.846,15.49,2.47
2022-06-29T17:00:00,634.683,444.278,190.405,15.48,2.46
2022-06-29T18:00:00,565.685,395.98,169.706,15.47,2.46
2022-06-29T19:00:00,487.009,340.906,146.103,15.47,2.45
2022-06-29T20:00:00,400.0,280.0,120.0,15.46,2.44
2022-06-29T21:00:00,306.147,214.303,91.844,15.45,2.44
2022-06-29T22:00:00,207.055,144.939,62.117,15.44,2.43
2022-06-29T23:00:00,104.421,73.095,31.326,15.44,2.42
2022-06-30T00:00:00,0.0,0.0,0.0,15.43,2.42
2022-06-30T01:00:00,104.421,73.095,31.326,15.42,2.41
2022-06-30T02:00:00,207.055,144.939,62.117,15.42,2.4
2022-06-30T03:00:00,306.147,214.303,91.844,15.41,2.4
2022-06-30T04:00:00,400.0,280.0,120.0,15.4,2.39
2022-06-30T05:00:00,487.009,340.906,146.103,15.39,2.38
2022-06-30T06:00:00,565.685,395.98,169.706,15.39,2.38
2022-06-30T07:00:00,634.683,444.278,190.405,15.38,2.37
2022-06-30T08:00:00,692.82,484.974,207.846,15.37,2.36
2022-06-30T09:00:00,739.104,517.373,221.731,15.37,2.36
2022-06-30T10:00:00,772.741,540.918,231.822,15.36,2.35
2022-06-30T11:00:00,793.156,555.209,237.947,15.35,2.34
2022-06-30T12:00:00,800.0,560.0,240.0,15.34,2.34
2022-06-30T13:00:00,793.156,555.209,237.947,15.34,2.33
2022-06-30T14:00:00,772.741,540.918,231.822,15.33,2.32
2022-06-30T15:00:00,739.104,517.373,221.731,15.32,2.32
2022-06-30T16:00:00,692.82,484.974,207.846,15.32,2.31
2022-06-30T17:00:00,634.683,444.278,190.405,15.31,2.3
2022-06-30T18:00:00,565.685,395.98,169.706,15.3,2.3
2022-06-30T19:00:00,487.009,340.906,146.103,15.29,2.29
2022-06-30T20:00:00,400.0,280.0,120.0,15.29,2.28
2022-06-30T21:00:00,306.147,214.303,91.844,15.28,2.28
2022-06-30T22:00:00,207.055,144.939,62.117,15.27,2.27
2022-06-30T23:00:00,104.421,73.095,31.326,15.27,2.26
2022-07-01T00:00:00,0.0,0.0,0.0,15.26,2.26
2022-07-01T01:00:00,104.421,73.095,31.326,15.25,2.25
2022-07-01T02:00:00,207.055,144.939,62.117,15.24,2.24
2022-07-01T03:00:00,306.147,214.303,91.844,15.24,2.23
2022-07-01T04:00:00,400.0,280.0,120.0,15.23,2.23
2022-07-01T05:00:00,487.009,340.906,146.103,15.22,2.22
2022-07-01T06:00:00,565.685,395.98,169.706,15.22,2.21
2022-07-01T07:00:00,634.683,444.278,190.405,15.21,2.21
2022-07-01T08:00:00,692.82,484.974,207.846,15.2,2.2
2022-07-01T09:00:00,739.104,517.373,221.731,15.19,2.19
2022-07-01T10:00:00,772.741,540.918,231.822,15.19,2.19
2022-07-01T11:00:00,793.156,555.209,237.947,15.18,2.18
2022-07-01T12:00:00,800.0,560.0,240.0,15.17,2.17
2022-07-01T13:00:00,793.156,555.209,237.947,15.16,2.16
2022-07-01T14:00:00,772.741,540.918,231.822,15.16,2.16
2022-07-01T15:00:00,739.104,517.373,221.731,15.15,2.15
2022-07-01T16:00:00,692.82,484.974,207.846,15.14,2.14
2022-07-01T17:00:00,634.683,444.278,190.405,15.14,2.14
2022-07-01T18:00:00,565.685,395.98,169.706,15.13,2.13
2022-07-01T19:00:00,487.009,340.906,146.103,15.12,2.12
2022-07-01T20:00:00,400.0,280.0,120.0,15.11,2.11
2022-07-01T21:00:00,306.147,214.303,91.844,15.11,2.11
2022-07-01T22:00:00,207.055,144.939,62.117,15.1,2.1
2022-07-01T23:00:00,104.421,73.095,31.326,15.09,2.09
2022-07-02T00:00:00,0.0,0.0,0.0,15.09,2.09
2022-07-02T01:00:00,104.421,73.095,31.326,15.08,2.08
2022-07-02T02:00:00,207.055,144.939,62.117,15.07,2.07
2022-07-02T03:00:00,306.147,214.303,91.844,15.06,2.06
2022-07-02T04:00:00,400.0,280.0,120.0,15.06,2.06
2022-07-02T05:00:00,487.009,340.906,146.103,15.05,2.05
2022-07-02T06:00:00,565.685,395.98,169.706,15.04,2.04
2022-07-02T07:00:00,634.683,444.278,190.405,15.04,2.04
2022-07-02T08:00:00,692.82,484.974,207.846,15.03,2.03
2022-07-02T09:00:00,739.104,517.373,221.731,15.02,2.02
2022-07-02T10:00:00,772.741,540.918,231.822,15.01,2.01
2022-07-02T11:00:00,793.156,555.209,237.947,15.01,2.01
2022-07-02T12:00:00,800.0,560.0,240.0,15.0,2.0
2022-07-02T13:00:00,793.156,555.209,237.947,14.99,2.01
2022-07-02T14:00:00,772.741,540.918,231.822,14.99,2.01
2022-07-02T15:00:00,739.104,517.373,221.731,14.98,2.02
2022-07-02T16:00:00,692.82,484.974,207.846,14.97,2.03
2022-07-02T17:00:00,634.683,444.278,190.405,14.96,2.04
2022-07-02T18:00:00,565.685,395.98,169.706,14.96,2.04
2022-07-02T19:00:00,487.009,340.906,146.103,14.95,2.05
2022-07-02T20:00:00,400.0,280.0,120.0,14.94,2.06
2022-07-02T21:00:00,306.147,214.303,91.844,14.94,2.06
2022-07-02T22:00:00,207.055,144.939,62.117,14.93,2.07
2022-07-02T23:00:00,104.421,73.095,31.326,14.92,2.08
2022-07-03T00:00:00,0.0,0.0,0.0,14.91,2.09
2022-07-03T01:00:00,104.421,73.095,31.326,14.91,2.09
2022-07-03T02:00:00,207.055,144.939,62.117,14.9,2.1
2022-07-03T03:00:00,306.147,214.303,91.844,14.89,2.11
2022-07-03T04:00:00,400.0,280.0,120.0,14.89,2.11
2022-07-03T05:00:00,487.009,340.906,146.103,14.88,2.12
2022-07-03T06:00:00,565.685,395.98,169.706,14.87,2.13
2022-07-03T07:00:00,634.683,444.278,190.405,14.86,2.14
2022-07-03T08:00:00,692.82,484.974,207.846,14.86,2.14
2022-07-03T09:00:00,739.104,517.373,221.731,14.85,2.15
2022-07-03T10:00:00,772.741,540.918,231.822,14.84,2.16
2022-07-03T11:00:00,793.156,555.209,237.947,14.84,2.16
2022-07-03T12:00:00,800.0,560.0,240.0,14.83,2.17
2022-07-03T13:00:00,793.156,555.209,237.947,14.82,2.18
2022-07-03T14:00:00,772.741,540.918,231.822,14.81,2.19
2022-07-03T15:00:00,739.104,517.373,221.731,14.81,2.19
2022-07-03T16:00:00,692.82,484.974,207.846,14.8,2.2
2022-07-03T17:00:00,634.683,444.278,190.405,14.79,2.21
2022-07-03T18:00:00,565.685,395.98,169.706,14.78,2.21
2022-07-03T19:00:00,487.009,340.906,146.103,14.78,2.22
2022-07-03T20:00:00,400.0,280.0,120.0,14.77,2.23
2022-07-03T21:00:00,306.147,214.303,91.844,14.76,2.23
2022-07-03T22:00:00,207.055,144.939,62.117,14.76,2.24
2022-07-03T23:00:00,104.421,73.095,31.326,14.75,2.25
2022-07-04T00:00:00,0.0,0.0,0.0,14.74,2.26
2022-07-04T01:00:00,104.421,73.095,31.326,14.73,2.26
2022-07-04T02:00:00,207.055,144.939,62.117,14.73,2.27
2022-07-04T03:00:00,306.147,214.303,91.844,14.72,2.28
2022-07-04T04:00:00,400.0,280.0,120.0,14.71,2.28
2022-07-04T05:00:00,487.009,340.906,146.103,14.71,2.29
2022-07-04T06:00:00,565.685,395.98,169.706,14.7,2.3
2022-07-04T07:00:00,634.683,444.278,190.405,14.69,2.3
2022-07-04T08:00:00,692.82,484.974,207.846,14.68,2.31
2022-07-04T09:00:00,739.104,517.373,221.731,14.68,2.32
2022-07-04T10:00:00,772.741,540.918,231.822,14.67,2.32
2022-07-04T11:00:00,793.156,555.209,237.947,14.66,2.33
2022-07-04T12:00:00,800.0,560.0,240.0,14.66,2.34
2022-07-04T13:00:00,793.156,555.209,237.947,14.65,2.34
2022-07-04T14:00:00,772.741,540.918,231.822,14.64,2.35
2022-07-04T15:00:00,739.104,517.373,221.731,14.63,2.36
2022-07-04T16:00:00,692.82,484.974,207.846,14.63,2.36
2022-07-04T17:00:00,634.683,444.278,190.405,14.62,2.37
2022-07-04T18:00:00,565.685,395.98,169.706,14.61,2.38
2022-07-04T19:00:00,487.009,340.906,146.103,14.61,2.38
2022-07-04T20:00:00,400.0,280.0,120.0,14.6,2.39
2022-07-04T21:00:00,306.147,214.303,91.844,14.59,2.4
2022-07-04T22:00:00,207.055,144.939,62.117,14.58,2.4
2022-07-04T23:00:00,104.421,73.095,31.326,14.58,2.41
2022-07-05T00:00:00,0.0,0.0,0.0,14.57,2.42
2022-07-05T01:00:00,104.421,73.095,31.326,14.56,2.42
2022-07-05T02:00:00,207.055,144.939,62.117,14.56,2.43
2022-07-05T03:00:00,306.147,214.303,91.844,14.55,2.44
2022-07-05T04:00:00,400.0,280.0,120.0,14.54,2.44
2022-07-05T05:00:00,487.009,340.906,146.103,14.53,2.45
2022-07-05T06:00:00,565.685,395.98,169.706,14.53,2.46
2022-07-05T07:00:00,634.683,444.278,190.405,14.52,2.46
2022-07-05T08:00:00,692.82,484.974,207.846,14.51,2.47
2022-07-05T09:00:00,739.104,517.373,221.731,14.51,2.47
2022-07-05T10:00:00,772.741,540.918,231.822,14.5,2.48
2022-07-05T11:00:00,793.156,555.209,237.947,14.49,2.49
2022-07-05T12:00:00,800.0,560.0,240.0,14.48,2.49
2022-07-05T13:00:00,793.156,555.209,237.947,14.48,2.5
2022-07-05T14:00:00,772.741,540.918,231.822,14.47,2.51
2022-07-05T15:00:00,739.104,517.373,221.731,14.46,2.51
2022-07-05T16:00:00,692.82,484.974,207.846,14.46,2.52
2022-07-05T17:00:00,634.683,444.278,190.405,14.45,2.52
2022-07-05T18:00:00,565.685,395.98,169.706,14.44,2.53
2022-07-05T19:00:00,487.009,340.906,146.103,14.43,2.54
2022-07-05T20:00:00,400.0,280.0,120.0,14.43,2.54
2022-07-05T21:00:00,306.147,214.303,91.844,14.42,2.55
2022-07-05T22:00:00,207.055,144.939,62.117,14.41,2.55
2022-07-05T23:00:00,104.421,73.095,31.326,14.41,2.56
2022-07-06T00:00:00,0.0,0.0,0.0,14.4,2.57
2022-07-06T01:00:00,104.421,73.095,31.326,14.39,2.57
2022-07-06T02:00:00,207.055,144.939,62.117,14.38,2.58
2022-07-06T03:00:00,306.147,214.303,91.844,14.38,2.58
2022-07-06T04:00:00,400.0,280.0,120.0,14.37,2.59
2022-07-06T05:00:00,487.009,340.906,146.103,14.36,2.6
2022-07-06T06:00:00,565.685,395.98,169.706,14.35,2.6
2022-07-06T07:00:00,634.683,444.278,190.405,14.35,2.61
2022-07-06T08:00:00,692.82,484.974,207.846,14.34,2.61
2022-07-06T09:00:00,739.104,517.373,221.731,14.33,2.62
2022-07-06T10:00:00,772.741,540.918,231.822,14.33,2.62
2022-07-06T11:00:00,793.156,555.209,237.947,14.32,2.63
2022-07-06T12:00:00,800.0,560.0,240.0,14.31,2.64
2022-07-06T13:00:00,793.156,555.209,237.947,14.3,2.64
2022-07-06T14:00:00,772.741,540.918,231.822,14.3,2.65
2022-07-06T15:00:00,739.104,517.373,221.731,14.29,2.65
2022-07-06T16:00:00,692.82,484.974,207.846,14.28,2.66
2022-07-06T17:00:00,634.683,444.278,190.405,14.28,2.66
2022-07-06T18:00:00,565.685,395.98,169.706,14.27,2.67
2022-07-06T19:00:00,487.009,340.906,146.103,14.26,2.67
2022-07-06T20:00:00,400.0,280.0,120.0,14.25,2.68
2022-07-06T21:00:00,306.147,214.303,91.844,14.25,2.68
2022-07-06T22:00:00,207.055,144.939,62.117,14.24,2.69
2022-07-06T23:00:00,104.421,73.095,31.326,14.23,2.69
2022-07-07T00:00:00,0.0,0.0,0.0,14.23,2.7
2022-07-07T01:00:00,104.421,73.095,31.326,14.22,2.7
2022-07-07T02:00:00,207.055,144.939,62.117,14.21,2.71
2022-07-07T03:00:00,306.147,214.303,91.844,14.2,2.71
2022-07-07T04:00:00,400.0,280.0,120.0,14.2,2.72
2022-07-07T05:00:00,487.009,340.906,146.103,14.19,2.72
2022-07-07T06:00:00,565.685,395.98,169.706,14.18,2.73
2022-07-07T07:00:00,634.683,444.278,190.405,14.18,2.73
2022-07-07T08:00:00,692.82,484.974,207.846,14.17,2.74
2022-07-07T09:00:00,739.104,517.373,221.731,14.16,2.74
2022-07-07T10:00:00,772.741,540.918,231.822,14.15,2.75
2022-07-07T11:00:00,793.156,555.209,237.947,14.15,2.75
2022-07-07T12:00:00,800.0,560.0,240.0,14.14,2.76
2022-07-07T13:00:00,793.156,555.209,237.947,14.13,2.76
2022-07-07T14:00:00,772.741,540.918,231.822,14.13,2.77
2022-07-07T15:00:00,739.104,517.373,221.731,14.12,2.77
2022-07-07T16:00:00,692.82,484.974,207.846,14.11,2.78
2022-07-07T17:00:00,634.683,444.278,190.405,14.1,2.78
2022-07-07T18:00:00,565.685,395.98,169.706,14.1,2.79
2022-07-07T19:00:00,487.009,340.906,146.103,14.09,2.79
2022-07-07T20:00:00,400.0,280.0,120.0,14.08,2.79
2022-07-07T21:00:00,306.147,214.303,91.844,14.08,2.8
2022-07-07T22:00:00,207.055,144.939,62.117,14.07,2.8
2022-07-07T23:00:00,104.421,73.095,31.326,14.06,2.81
2022-07-08T00:00:00,0.0,0.0,0.0,14.05,2.81
2022-07-08T01:00:00,104.421,73.095,31.326,14.05,2.82
2022-07-08T02:00:00,207.055,144.939,62.117,14.04,2.82
2022-07-08T03:00:00,306.147,214.303,91.844,14.03,2.82
2022-07-08T04:00:00,400.0,280.0,120.0,14.03,2.83
2022-07-08T05:00:00,487.009,340.906,146.103,14.02,2.83
2022-07-08T06:00:00,565.685,395.98,169.706,14.01,2.84
2022-07-08T07:00:00,634.683,444.278,190.405,14.0,2.84
2022-07-08T08:00:00,692.82,484.974,207.846,14.0,2.84
2022-07-08T09:00:00,739.104,517.373,221.731,13.99,2.85
2022-07-08T10:00:00,772.741,540.918,231.822,13.98,2.85
2022-07-08T11:00:00,793.156,555.209,237.947,13.98,2.86
2022-07-08T12:00:00,800.0,560.0,240.0,13.97,2.86
2022-07-08T13:00:00,793.156,555.209,237.947,13.96,2.86
2022-07-08T14:00:00,772.741,540.918,231.822,13.95,2.87
2022-07-08T15:00:00,739.104,517.373,221.731,13.95,2.87
2022-07-08T16:00:00,692.82,484.974,207.846,13.94,2.87
2022-07-08T17:00:00,634.683,444.278,190.405,13.93,2.88
2022-07-08T18:00:00,565.685,395.98,169.706,13.93,2.88
2022-07-08T19:00:00,487.009,340.906,146.103,13.92,2.88
2022-07-08T20:00:00,400.0,280.0,120.0,13.91,2.89
2022-07-08T21:00:00,306.147,214.303,91.844,13.9,2.89
2022-07-08T22:00:00,207.055,144.939,62.117,13.9,2.89
2022-07-08T23:00:00,104.421,73.095,31.326,13.89,2.9
2022-07-09T00:00:00,0.0,0.0,0.0,13.88,2.9
2022-07-09T01:00:00,104.421,73.095,31.326,13.88,2.9
2022-07-09T02:00:00,207.055,144.939,62.117,13.87,2.91
2022-07-09T03:00:00,306.147,214.303,91.844,13.86,2.91
2022-07-09T04:00:00,400.0,280.0,120.0,13.85,2.91
2022-07-09T05:00:00,487.009,340.906,146.103,13.85,2.91
2022-07-09T06:00:00,565.685,395.98,169.706,13.84,2.92
2022-07-09T07:00:00,634.683,444.278,190.405,13.83,2.92
2022-07-09T08:00:00,692.82,484.974,207.846,13.83,2.92
2022-07-09T09:00:00,739.104,517.373,221.731,13.82,2.93
2022-07-09T10:00:00,772.741,540.918,231.822,13.81,2.93
2022-07-09T11:00:00,793.156,555.209,237.947,13.81,2.93
2022-07-09T12:00:00,800.0,560.0,240.0,13.8,2.93
2022-07-09T13:00:00,793.156,555.209,237.947,13.79,2.94
2022-07-09T14:00:00,772.741,540.918,231.822,13.78,2.94
2022-07-09T15:00:00,739.104,517.373,221.731,13.78,2.94
2022-07-09T16:00:00,692.82,484.974,207.846,13.77,2.94
2022-07-09T17:00:00,634.683,444.278,190.405,13.76,2.95
2022-07-09T18:00:00,565.685,395.98,169.706,13.76,2.95
2022-07-09T19:00:00,487.009,340.906,146.103,13.75,2.95
2022-07-09T20:00:00,400.0,280.0,120.0,13.74,2.95
2022-07-09T21:00:00,306.147,214.303,91.844,13.73,2.95
2022-07-09T22:00:00,207.055,144.939,62.117,13.73,2.96
2022-07-09T23:00:00,104.421,73.095,31.326,13.72,2.96
2022-07-10T00:00:00,0.0,0.0,0.0,13.71,2.96
2022-07-10T01:00:00,104.421,73.095,31.326,13.71,2.96
2022-07-10T02:00:00,207.055,144.939,62.117,13.7,2.96
2022-07-10T03:00:00,306.147,214.303,91.844,13.69,2.97
2022-07-10T04:00:00,400.0,280.0,120.0,13.68,2.97
2022-07-10T05:00:00,487.009,340.906,146.103,13.68,2.97
2022-07-10T06:00:00,565.685,395.98,169.706,13.67,2.97
2022-07-10T07:00:00,634.683,444.278,190.405,13.66,2.97
2022-07-10T08:00:00,692.82,484.974,207.846,13.66,2.98
2022-07-10T09:00:00,739.104,517.373,221.731,13.65,2.98
2022-07-10T10:00:00,772.741,540.918,231.822,13.64,2.98
2022-07-10T11:00:00,793.156,555.209,237.947,13.63,2.98
2022-07-10T12:00:00,800.0,560.0,240.0,13.63,2.98
2022-07-10T13:00:00,793.156,555.209,237.947,13.62,2.98
2022-07-10T14:00:00,772.741,540.918,231.822,13.61,2.98
2022-07-10T15:00:00,739.104,517.373,221.731,13.61,2.99
2022-07-10T16:00:00,692.82,484.974,207.846,13.6,2.99
2022-07-10T17:00:00,634.683,444.278,190.405,13.59,2.99
2022-07-10T18:00:00,565.685,395.98,169.706,13.58,2.99
2022-07-10T19:00:00,487.009,340.906,146.103,13.58,2.99
2022-07-10T20:00:00,400.0,280.0,120.0,13.57,2.99
2022-07-10T21:00:00,306.147,214.303,91.844,13.56,2.99
2022-07-10T22:00:00,207.055,144.939,62.117,13.56,2.99
2022-07-10T23:00:00,104.421,73.095,31.326,13.55,2.99
2022-07-11T00:00:00,0.0,0.0,0.0,13.54,2.99
2022-07-11T01:00:00,104.421,73.095,31.326,13.53,2.99
2022-07-11T02:00:00,207.055,144.939,62.117,13.53,3.0
2022-07-11T03:00:00,306.147,214.303,91.844,13.52,3.0
2022-07-11T04:00:00,400.0,280.0,120.0,13.51,3.0
2022-07-11T05:00:00,487.009,340.906,146.103,13.51,3.0
2022-07-11T06:00:00,565.685,395.98,169.706,13.5,3.0
2022-07-11T07:00:00,634.683,444.278,190.405,13.49,3.0
2022-07-11T08:00:00,692.82,484.974,207.846,13.49,3.0
2022-07-11T09:00:00,739.104,517.373,221.731,13.48,3.0
2022-07-11T10:00:00,772.741,540.918,231.822,13.47,3.0
2022-07-11T11:00:00,793.156,555.209,237.947,13.46,3.0
2022-07-11T12:00:00,800.0,560.0,240.0,13.46,3.0
2022-07-11T13:00:00,793.156,555.209,237.947,13.45,3.0
2022-07-11T14:00:00,772.741,540.918,231.822,13.44,3.0
2022-07-11T15:00:00,739.104,517.373,221.731,13.44,3.0
2022-07-11T16:00:00,692.82,484.974,207.846,13.43,3.0
2022-07-11T17:00:00,634.683,444.278,190.405,13.42,3.0
2022-07-11T18:00:00,565.685,395.98,169.706,13.41,3.0
2022-07-11T19:00:00,487.009,340.906,146.103,13.41,3.0
2022-07-11T20:00:00,400.0,280.0,120.0,13.4,3.0
2022-07-11T21:00:00,306.147,214.303,91.844,13.39,3.0
2022-07-11T22:00:00,207.055,144.939,62.117,13.39,3.0
2022-07-11T23:00:00,104.421,73.095,31.326,13.38,3.0
2022-07-12T00:00:00,0.0,0.0,0.0,13.37,3.0
2022-07-12T01:00:00,104.421,73.095,31.326,13.36,3.0
2022-07-12T02:00:00,207.055,144.939,62.117,13.36,3.0
2022-07-12T03:00:00,306.147,214.303,91.844,13.35,3.0
2022-07-12T04:00:00,400.0,280.0,120.0,13.34,3.0
2022-07-12T05:00:00,487.009,340.906,146.103,13.34,2.99
2022-07-12T06:00:00,565.685,395.98,169.706,13.33,2.99
2022-07-12T07:00:00,634.683,444.278,190.405,13.32,2.99
2022-07-12T08:00:00,692.82,484.974,207.846,13.32,2.99
2022-07-12T09:00:00,739.104,517.373,221.731,13.31,2.99
2022-07-12T10:00:00,772.741,540.918,231.822,13.3,2.99
2022-07-12T11:00:00,793.156,555.209,237.947,13.29,2.99
2022-07-12T12:00:00,800.0,560.0,240.0,13.29,2.99
2022-07-12T13:00:00,793.156,555.209,237.947,13.28,2.99
2022-07-12T14:00:00,772.741,540.918,231.822,13.27,2.99
2022-07-12T15:00:00,739.104,517.373,221.731,13.27,2.99
2022-07-12T16:00:00,692.82,484.974,207.846,13.26,2.98
2022-07-12T17:00:00,634.683,444.278,190.405,13.25,2.98
2022-07-12T18:00:00,565.685,395.98,169.706,13.24,2.98
2022-07-12T19:00:00,487.009,340.906,146.103,13.24,2.98
2022-07-12T20:00:00,400.0,280.0,120.0,13.23,2.98
2022-07-12T21:00:00,306.147,214.303,91.844,13.22,2.98
2022-07-12T22:00:00,207.055,144.939,62.117,13.22,2.98
2022-07-12T23:00:00,104.421,73.095,31.326,13.21,2.97
2022-07-13T00:00:00,0.0,0.0,0.0,13.2,2.97
2022-07-13T01:00:00,104.421,73.095,31.326,13.2,2.97
2022-07-13T02:00:00,207.055,144.939,62.117,13.19,2.97
2022-07-13T03:00:00,306.147,214.303,91.844,13.18,2.97
2022-07-13T04:00:00,400.0,280.0,120.0,13.17,2.96
2022-07-13T05:00:00,487.009,340.906,146.103,13.17,2.96
2022-07-13T06:00:00,565.685,395.98,169.706,13.16,2.96
2022-07-13T07:00:00,634.683,444.278,190.405,13.15,2.96
2022-07-13T08:00:00,692.82,484.974,207.846,13.15,2.96
2022-07-13T09:00:00,739.104,517.373,221.731,13.14,2.95
2022-07-13T10:00:00,772.741,540.918,231.822,13.13,2.95
2022-07-13T11:00:00,793.156,555.209,237.947,13.12,2.95
2022-07-13T12:00:00,800.0,560.0,240.0,13.12,2.95
2022-07-13T13:00:00,793.156,555.209,237.947,13.11,2.95
2022-07-13T14:00:00,772.741,540.918,231.822,13.1,2.94
2022-07-13T15:00:00,739.104,517.373,221.731,13.1,2.94
2022-07-13T16:00:00,692.82,484.974,207.846,13.09,2.94
2022-07-13T17:00:00,634.683,444.278,190.405,13.08,2.94
2022-07-13T18:00:00,565.685,395.98,169.706,13.08,2.93
2022-07-13T19:00:00,487.009,340.906,146.103,13.07,2.93
2022-07-13T20:00:00,400.0,280.0,120.0,13.06,2.93
2022-07-13T21:00:00,306.147,214.303,91.844,13.05,2.93
2022-07-13T22:00:00,207.055,144.939,62.117,13.05,2.92
2022-07-13T23:00:00,104.421,73.095,31.326,13.04,2.92
2022-07-14T00:00:00,0.0,0.0,0.0,13.03,2.92
2022-07-14T01:00:00,104.421,73.095,31.326,13.03,2.91
2022-07-14T02:00:00,207.055,144.939,62.117,13.02,2.91
2022-07-14T03:00:00,306.147,214.303,91.844,13.01,2.91
2022-07-14T04:00:00,400.0,280.0,120.0,13.01,2.91
2022-07-14T05:00:00,487.009,340.906,146.103,13.0,2.9
2022-07-14T06:00:00,565.685,395.98,169.706,12.99,2.9
2022-07-14T07:00:00,634.683,444.278,190.405,12.98,2.9
2022-07-14T08:00:00,692.82,484.974,207.846,12.98,2.89
2022-07-14T09:00:00,739.104,517.373,221.731,12.97,2.89
2022-07-14T10:00:00,772.741,540.918,231.822,12.96,2.89
2022-07-14T11:00:00,793.156,555.209,237.947,12.96,2.88
2022-07-14T12:00:00,800.0,560.0,240.0,12.95,2.88
2022-07-14T13:00:00,793.156,555.209,237.947,12.94,2.88
2022-07-14T14:00:00,772.741,540.918,231.822,12.93,2.87
2022-07-14T15:00:00,739.104,517.373,221.731,12.93,2.87
2022-07-14T16:00:00,692.82,484.974,207.846,12.92,2.87
2022-07-14T17:00:00,634.683,444.278,190.405,12.91,2.86
2022-07-14T18:00:00,565.685,395.98,169.706,12.91,2.86
2022-07-14T19:00:00,487.009,340.906,146.103,12.9,2.86
2022-07-14T20:00:00,400.0,280.0,120.0,12.89,2.85
2022-07-14T21:00:00,306.147,214.303,91.844,12.89,2.85
2022-07-14T22:00:00,207.055,144.939,62.117,12.88,2.84
2022-07-14T23:00:00,104.421,73.095,31.326,12.87,2.84
2022-07-15T00:00:00,0.0,0.0,0.0,12.86,2.84
2022-07-15T01:00:00,104.421,73.095,31.326,12.86,2.83
2022-07-15T02:00:00,207.055,144.939,62.117,12.85,2.83
2022-07-15T03:00:00,306.147,214.303,91.844,12.84,2.82
2022-07-15T04:00:00,400.0,280.0,120.0,12.84,2.82
2022-07-15T05:00:00,487.009,340.906,146.103,12.83,2.82
2022-07-15T06:00:00,565.685,395.98,169.706,12.82,2.81
2022-07-15T07:00:00,634.683,444.278,190.405,12.82,2.81
2022-07-15T08:00:00,692.82,484.974,207.846,12.81,2.8
2022-07-15T09:00:00,739.104,517.373,221.731,12.8,2.8
2022-07-15T10:00:00,772.741,540.918,231.822,12.79,2.79
2022-07-15T11:00:00,793.156,555.209,237.947,12.79,2.79
2022-07-15T12:00:00,800.0,560.0,240.0,12.78,2.79
2022-07-15T13:00:00,793.156,555.209,237.947,12.77,2.78
2022-07-15T14:00:00,772.741,540.918,231.822,12.77,2.78
2022-07-15T15:00:00,739.104,517.373,221.731,12.76,2.77
2022-07-15T16:00:00,692.82,484.974,207.846,12.75,2.77
2022-07-15T17:00:00,634.683,444.278,190.405,12.75,2.76
2022-07-15T18:00:00,565.685,395.98,169.706,12.74,2.76
2022-07-15T19:00:00,487.009,340.906,146.103,12.73,2.75
2022-07-15T20:00:00,400.0,280.0,120.0,12.72,2.75
2022-07-15T21:00:00,306.147,214.303,91.844,12.72,2.74
2022-07-15T22:00:00,207.055,144.939,62.117,12.71,2.74
2022-07-15T23:00:00,104.421,73.095,31.326,12.7,2.73
2022-07-16T00:00:00,0.0,0.0,0.0,12.7,2.73
2022-07-16T01:00:00,104.421,73.095,31.326,12.69,2.72
2022-07-16T02:00:00,207.055,144.939,62.117,12.68,2.72
2022-07-16T03:00:00,306.147,214.303,91.844,12.68,2.71
2022-07-16T04:00:00,400.0,280.0,120.0,12.67,2.71
2022-07-16T05:00:00,487.009,340.906,146.103,12.66,2.7
2022-07-16T06:00:00,565.685,395.98,169.706,12.66,2.7
2022-07-16T07:00:00,634.683,444.278,190.405,12.65,2.69
2022-07-16T08:00:00,692.82,484.974,207.846,12.64,2.69
2022-07-16T09:00:00,739.104,517.373,221.731,12.63,2.68
2022-07-16T10:00:00,772.741,540.918,231.822,12.63,2.68
2022-07-16T11:00:00,793.156,555.209,237.947,12.62,2.67
2022-07-16T12:00:00,800.0,560.0,240.0,12.61,2.67
2022-07-16T13:00:00,793.156,555.209,237.947,12.61,2.66
2022-07-16T14:00:00,772.741,540.918,231.822,12.6,2.66
2022-07-16T15:00:00,739.104,517.373,221.731,12.59,2.65
2022-07-16T16:00:00,692.82,484.974,207.846,12.59,2.65
2022-07-16T17:00:00,634.683,444.278,190.405,12.58,2.64
2022-07-16T18:00:00,565.685,395.98,169.706,12.57,2.64
2022-07-16T19:00:00,487.009,340.906,146.103,12.56,2.63
2022-07-16T20:00:00,400.0,280.0,120.0,12.56,2.62
2022-07-16T21:00:00,306.147,214.303,91.844,12.55,2.62
2022-07-16T22:00:00,207.055,144.939,62.117,12.54,2.61
2022-07-16T23:00:00,104.421,73.095,31.326,12.54,2.61
2022-07-17T00:00:00,0.0,0.0,0.0,12.53,2.6
2022-07-17T01:00:00,104.421,73.095,31.326,12.52,2.6
2022-07-17T02:00:00,207.055,144.939,62.117,12.52,2.59
2022-07-17T03:00:00,306.147,214.303,91.844,12.51,2.58
2022-07-17T04:00:00,400.0,280.0,120.0,12.5,2.58
2022-07-17T05:00:00,487.009,340.906,146.103,12.5,2.57
2022-07-17T06:00:00,565.685,395.98,169.706,12.49,2.57
2022-07-17T07:00:00,634.683,444.278,190.405,12.48,2.56
2022-07-17T08:00:00,692.82,484.974,207.846,12.47,2.55
2022-07-17T09:00:00,739.104,517.373,221.731,12.47,2.55
2022-07-17T10:00:00,772.741,540.918,231.822,12.46,2.54
2022-07-17T11:00:00,793.156,555.209,237.947,12.45,2.54
2022-07-17T12:00:00,800.0,560.0,240.0,12.45,2.53
2022-07-17T13:00:00,793.156,555.209,237.947,12.44,2.52
2022-07-17T14:00:00,772.741,540.918,231.822,12.43,2.52
2022-07-17T15:00:00,739.104,517.373,221.731,12.43,2.51
2022-07-17T16:00:00,692.82,484.974,207.846,12.42,2.51
2022-07-17T17:00:00,634.683,444.278,190.405,12.41,2.5
2022-07-17T18:00:00,565.685,395.98,169.706,12.4,2.49
2022-07-17T19:00:00,487.009,340.906,146.103,12.4,2.49
2022-07-17T20:00:00,400.0,280.0,120.0,12.39,2.48
2022-07-17T21:00:00,306.147,214.303,91.844,12.38,2.47
2022-07-17T22:00:00,207.055,144.939,62.117,12.38,2.47
2022-07-17T23:00:00,104.421,73.095,31.326,12.37,2.46
2022-07-18T00:00:00,0.0,0.0,0.0,12.36,2.46
2022-07-18T01:00:00,104.421,73.095,31.326,12.36,2.45
2022-07-18T02:00:00,207.055,144.939,62.117,12.35,2.44
2022-07-18T03:00:00,306.147,214.303,91.844,12.34,2.44
2022-07-18T04:00:00,400.0,280.0,120.0,12.34,2.43
2022-07-18T05:00:00,487.009,340.906,146.103,12.33,2.42
2022-07-18T06:00:00,565.685,395.98,169.706,12.32,2.42
2022-07-18T07:00:00,634.683,444.278,190.405,12.31,2.41
2022-07-18T08:00:00,692.82,484.974,207.846,12.31,2.4
2022-07-18T09:00:00,739.104,517.373,221.731,12.3,2.4
2022-07-18T10:00:00,772.741,540.918,231.822,12.29,2.39
2022-07-18T11:00:00,793.156,555.209,237.947,12.29,2.38
2022-07-18T12:00:00,800.0,560.0,240.0,12.28,2.38
2022-07-18T13:00:00,793.156,555.209,237.947,12.27,2.37
2022-07-18T14:00:00,772.741,540.918,231.822,12.27,2.36
2022-07-18T15:00:00,739.104,517.373,221.731,12.26,2.36
2022-07-18T16:00:00,692.82,484.974,207.846,12.25,2.35
2022-07-18T17:00:00,634.683,444.278,190.405,12.25,2.34
2022-07-18T18:00:00,565.685,395.98,169.706,12.24,2.34
2022-07-18T19:00:00,487.009,340.906,146.103,12.23,2.33
2022-07-18T20:00:00,400.0,280.0,120.0,12.23,2.32
2022-07-18T21:00:00,306.147,214.303,91.844,12.22,2.32
2022-07-18T22:00:00,207.055,144.939,62.117,12.21,2.31
2022-07-18T23:00:00,104.421,73.095,31.326,12.2,2.3
2022-07-19T00:00:00,0.0,0.0,0.0,12.2,2.3
2022-07-19T01:00:00,104.421,73.095,31.326,12.19,2.29
2022-07-19T02:00:00,207.055,144.939,62.117,12.18,2.28
2022-07-19T03:00:00,306.147,214.303,91.844,12.18,2.28
2022-07-19T04:00:00,400.0,280.0,120.0,12.17,2.27
2022-07-19T05:00:00,487.009,340.906,146.103,12.16,2.26
2022-07-19T06:00:00,565.685,395.98,169.706,12.16,2.26
2022-07-19T07:00:00,634.683,444.278,190.405,12.15,2.25
2022-07-19T08:00:00,692.82,484.974,207.846,12.14,2.24
2022-07-19T09:00:00,739.104,517.373,221.731,12.14,2.23
2022-07-19T10:00:00,772.741,540.918,231.822,12.13,2.23
2022-07-19T11:00:00,793.156,555.209,237.947,12.12,2.22
2022-07-19T12:00:00,800.0,560.0,240.0,12.12,2.21
2022-07-19T13:00:00,793.156,555.209,237.947,12.11,2.21
2022-07-19T14:00:00,772.741,540.918,231.822,12.1,2.2
2022-07-19T15:00:00,739.104,517.373,221.731,12.09,2.19
2022-07-19T16:00:00,692.82,484.974,207.846,12.09,2.19
2022-07-19T17:00:00,634.683,444.278,190.405,12.08,2.18
2022-07-19T18:00:00,565.685,395.98,169.706,12.07,2.17
2022-07-19T19:00:00,487.009,340.906,146.103,12.07,2.16
2022-07-19T20:00:00,400.0,280.0,120.0,12.06,2.16
2022-07-19T21:00:00,306.147,214.303,91.844,12.05,2.15
2022-07-19T22:00:00,207.055,144.939,62.117,12.05,2.14
2022-07-19T23:00:00,104.421,73.095,31.326,12.04,2.14
2022-07-20T00:00:00,0.0,0.0,0.0,12.03,2.13
2022-07-20T01:00:00,104.421,73.095,31.326,12.03,2.12
2022-07-20T02:00:00,207.055,144.939,62.117,12.02,2.11
2022-07-20T03:00:00,306.147,214.303,91.844,12.01,2.11
2022-07-20T04:00:00,400.0,280.0,120.0,12.01,2.1
2022-07-20T05:00:00,487.009,340.906,146.103,12.0,2.09
2022-07-20T06:00:00,565.685,395.98,169.706,11.99,2.09
2022-07-20T07:00:00,634.683,444.278,190.405,11.98,2.08
2022-07-20T08:00:00,692.82,484.974,207.846,11.98,2.07
2022-07-20T09:00:00,739.104,517.373,221.731,11.97,2.06
2022-07-20T10:00:00,772.741,540.918,231.822,11.96,2.06
2022-07-20T11:00:00,793.156,555.209,237.947,11.96,2.05
2022-07-20T12:00:00,800.0,560.0,240.0,11.95,2.04
2022-07-20T13:00:00,793.156,555.209,237.947,11.94,2.04
2022-07-20T14:00:00,772.741,540.918,231.822,11.94,2.03
2022-07-20T15:00:00,739.104,517.373,221.731,11.93,2.02
2022-07-20T16:00:00,692.82,484.974,207.846,11.92,2.01
2022-07-20T17:00:00,634.683,444.278,190.405,11.92,2.01
2022-07-20T18:00:00,565.685,395.98,169.706,11.91,2.0
2022-07-20T19:00:00,487.009,340.906,146.103,11.9,2.01
2022-07-20T20:00:00,400.0,280.0,120.0,11.9,2.01
2022-07-20T21:00:00,306.147,214.303,91.844,11.89,2.02
2022-07-20T22:00:00,207.055,144.939,62.117,11.88,2.03
2022-07-20T23:00:00,104.421,73.095,31.326,11.88,2.04
2022-07-21T00:00:00,0.0,0.0,0.0,11.87,2.04
2022-07-21T01:00:00,104.421,73.095,31.326,11.86,2.05
2022-07-21T02:00:00,207.055,144.939,62.117,11.86,2.06
2022-07-21T03:00:00,306.147,214.303,91.844,11.85,2.06
2022-07-21T04:00:00,400.0,280.0,120.0,11.84,2.07
2022-07-21T05:00:00,487.009,340.906,146.103,11.83,2.08
2022-07-21T06:00:00,565.685,395.98,169.706,11.83,2.09
2022-07-21T07:00:00,634.683,444.278,190.405,11.82,2.09
2022-07-21T08:00:00,692.82,484.974,207.846,11.81,2.1
2022-07-21T09:00:00,739.104,517.373,221.731,11.81,2.11
2022-07-21T10:00:00,772.741,540.918,231.822,11.8,2.11
2022-07-21T11:00:00,793.156,555.209,237.947,11.79,2.12
2022-07-21T12:00:00,800.0,560.0,240.0,11.79,2.13
2022-07-21T13:00:00,793.156,555.209,237.947,11.78,2.14
2022-07-21T14:00:00,772.741,540.918,231.822,11.77,2.14
2022-07-21T15:00:00,739.104,517.373,221.731,11.77,2.15
2022-07-21T16:00:00,692.82,484.974,207.846,11.76,2.16
2022-07-21T17:00:00,634.683,444.278,190.405,11.75,2.16
2022-07-21T18:00:00,565.685,395.98,169.706,11.75,2.17
2022-07-21T19:00:00,487.009,340.906,146.103,11.74,2.18
2022-07-21T20:00:00,400.0,280.0,120.0,11.73,2.19
2022-07-21T21:00:00,306.147,214.303,91.844,11.73,2.19
2022-07-21T22:00:00,207.055,144.939,62.117,11.72,2.2
2022-07-21T23:00:00,104.421,73.095,31.326,11.71,2.21
2022-07-22T00:00:00,0.0,0.0,0.0,11.71,2.21
2022-07-22T01:00:00,104.421,73.095,31.326,11.7,2.22
2022-07-22T02:00:00,207.055,144.939,62.117,11.69,2.23
2022-07-22T03:00:00,306.147,214.303,91.844,11.69,2.23
2022-07-22T04:00:00,400.0,280.0,120.0,11.68,2.24
2022-07-22T05:00:00,487.009,340.906,146.103,11.67,2.25
2022-07-22T06:00:00,565.685,395.98,169.706,11.67,2.26
2022-07-22T07:00:00,634.683,444.278,190.405,11.66,2.26
2022-07-22T08:00:00,692.82,484.974,207.846,11.65,2.27
2022-07-22T09:00:00,739.104,517.373,221.731,11.65,2.28
2022-07-22T10:00:00,772.741,540.918,231.822,11.64,2.28
2022-07-22T11:00:00,793.156,555.209,237.947,11.63,2.29
2022-07-22T12:00:00,800.0,560.0,240.0,11.62,2.3
2022-07-22T13:00:00,793.156,555.209,237.947,11.62,2.3
2022-07-22T14:00:00,772.741,540.918,231.822,11.61,2.31
2022-07-22T15:00:00,739.104,517.373,221.731,11.6,2.32
2022-07-22T16:00:00,692.82,484.974,207.846,11.6,2.32
2022-07-22T17:00:00,634.683,444.278,190.405,11.59,2.33
2022-07-22T18:00:00,565.685,395.98,169.706,11.58,2.34
2022-07-22T19:00:00,487.009,340.906,146.103,11.58,2.34
2022-07-22T20:00:00,400.0,280.0,120.0,11.57,2.35
2022-07-22T21:00:00,306.147,214.303,91.844,11.56,2.36
2022-07-22T22:00:00,207.055,144.939,62.117,11.56,2.36
2022-07-22T23:00:00,104.421,73.095,31.326,11.55,2.37
2022-07-23T00:00:00,0.0,0.0,0.0,11.54,2.38
2022-07-23T01:00:00,104.421,73.095,31.326,11.54,2.38
2022-07-23T02:00:00,207.055,144.939,62.117,11.53,2.39
2022-07-23T03:00:00,306.147,214.303,91.844,11.52,2.4
2022-07-23T04:00:00,400.0,280.0,120.0,11.52,2.4
2022-07-23T05:00:00,487.009,340.906,146.103,11.51,2.41
2022-07-23T06:00:00,565.685,395.98,169.706,11.5,2.42
2022-07-23T07:00:00,634.683,444.278,190.405,11.5,2.42
2022-07-23T08:00:00,692.82,484.974,207.846,11.49,2.43
2022-07-23T09:00:00,739.104,517.373,221.731,11.48,2.44
2022-07-23T10:00:00,772.741,540.918,231.822,11.48,2.44
2022-07-23T11:00:00,793.156,555.209,237.947,11.47,2.45
2022-07-23T12:00:00,800.0,560.0,240.0,11.46,2.46
2022-07-23T13:00:00,793.156,555.209,237.947,11.46,2.46
2022-07-23T14:00:00,772.741,540.918,231.822,11.45,2.47
2022-07-23T15:00:00,739.104,517.373,221.731,11.44,2.47
2022-07-23T16:00:00,692.82,484.974,207.846,11.44,2.48
2022-07-23T17:00:00,634.683,444.278,190.405,11.43,2.49
2022-07-23T18:00:00,565.685,395.98,169.706,11.42,2.49
2022-07-23T19:00:00,487.009,340.906,146.103,11.42,2.5
2022-07-23T20:00:00,400.0,280.0,120.0,11.41,2.51
2022-07-23T21:00:00,306.147,214.303,91.844,11.4,2.51
2022-07-23T22:00:00,207.055,144.939,62.117,11.4,2.52
2022-07-23T23:00:00,104.421,73.095,31.326,11.39,2.52
2022-07-24T00:00:00,0.0,0.0,0.0,11.38,2.53
2022-07-24T01:00:00,104.421,73.095,31.326,11.38,2.54
2022-07-24T02:00:00,207.055,144.939,62.117,11.37,2.54
2022-07-24T03:00:00,306.147,214.303,91.844,11.36,2.55
2022-07-24T04:00:00,400.0,280.0,120.0,11.36,2.55
2022-07-24T05:00:00,487.009,340.906,146.103,11.35,2.56
2022-07-24T06:00:00,565.685,395.98,169.706,11.34,2.57
2022-07-24T07:00:00,634.683,444.278,190.405,11.34,2.57
2022-07-24T08:00:00,692.82,484.974,207.846,11.33,2.58
2022-07-24T09:00:00,739.104,517.373,221.731,11.32,2.58
2022-07-24T10:00:00,772.741,540.918,231.822,11.32,2.59
2022-07-24T11:00:00,793.156,555.209,237.947,11.31,2.6
2022-07-24T12:00:00,800.0,560.0,240.0,11.3,2.6
2022-07-24T13:00:00,793.156,555.209,237.947,11.3,2.61
2022-07-24T14:00:00,772.741,540.918,231.822,11.29,2.61
2022-07-24T15:00:00,739.104,517.373,221.731,11.28,2.62
2022-07-24T16:00:00,692.82,484.974,207.846,11.28,2.62
2022-07-24T17:00:00,634.683,444.278,190.405,11.27,2.63
2022-07-24T18:00:00,565.685,395.98,169.706,11.26,2.64
2022-07-24T19:00:00,487.009,340.906,146.103,11.26,2.64
2022-07-24T20:00:00,400.0,280.0,120.0,11.25,2.65
2022-07-24T21:00:00,306.147,214.303,91.844,11.24,2.65
2022-07-24T22:00:00,207.055,144.939,62.117,11.24,2.66
2022-07-24T23:00:00,104.421,73.095,31.326,11.23,2.66
2022-07-25T00:00:00,0.0,0.0,0.0,11.22,2.67
2022-07-25T01:00:00,104.421,73.095,31.326,11.22,2.67
2022-07-25T02:00:00,207.055,144.939,62.117,11.21,2.68
2022-07-25T03:00:00,306.147,214.303,91.844,11.2,2.68
2022-07-25T04:00:00,400.0,280.0,120.0,11.2,2.69
2022-07-25T05:00:00,487.009,340.906,146.103,11.19,2.69
2022-07-25T06:00:00,565.685,395.98,169.706,11.18,2.7
2022-07-25T07:00:00,634.683,444.278,190.405,11.18,2.7
2022-07-25T08:00:00,692.82,484.974,207.846,11.17,2.71
2022-07-25T09:00:00,739.104,517.373,221.731,11.16,2.71
2022-07-25T10:00:00,772.741,540.918,231.822,11.16,2.72
2022-07-25T11:00:00,793.156,555.209,237.947,11.15,2.72
2022-07-25T12:00:00,800.0,560.0,240.0,11.14,2.73
2022-07-25T13:00:00,793.156,555.209,237.947,11.14,2.73
2022-07-25T14:00:00,772.741,540.918,231.822,11.13,2.74
2022-07-25T15:00:00,739.104,517.373,221.731,11.12,2.74
2022-07-25T16:00:00,692.82,484.974,207.846,11.12,2.75
2022-07-25T17:00:00,634.683,444.278,190.405,11.11,2.75
2022-07-25T18:00:00,565.685,395.98,169.706,11.1,2.76
2022-07-25T19:00:00,487.009,340.906,146.103,11.1,2.76
2022-07-25T20:00:00,400.0,280.0,120.0,11.09,2.77
2022-07-25T21:00:00,306.147,214.303,91.844,11.08,2.77
2022-07-25T22:00:00,207.055,144.939,62.117,11.08,2.78
2022-07-25T23:00:00,104.421,73.095,31.326,11.07,2.78
2022-07-26T00:00:00,0.0,0.0,0.0,11.06,2.79
2022-07-26T01:00:00,104.421,73.095,31.326,11.06,2.79
2022-07-26T02:00:00,207.055,144.939,62.117,11.05,2.79
2022-07-26T03:00:00,306.147,214.303,91.844,11.04,2.8
2022-07-26T04:00:00,400.0,280.0,120.0,11.04,2.8
2022-07-26T05:00:00,487.009,340.906,146.103,11.03,2.81
2022-07-26T06:00:00,565.685,395.98,169.706,11.02,2.81
2022-07-26T07:00:00,634.683,444.278,190.405,11.02,2.82
2022-07-26T08:00:00,692.82,484.974,207.846,11.01,2.82
2022-07-26T09:00:00,739.104,517.373,221.731,11.0,2.82
2022-07-26T10:00:00,772.741,540.918,231.822,11.0,2.83
2022-07-26T11:00:00,793.156,555.209,237.947,10.99,2.83
2022-07-26T12:00:00,800.0,560.0,240.0,10.99,2.84
2022-07-26T13:00:00,793.156,555.209,237.947,10.98,2.84
2022-07-26T14:00:00,772.741,540.918,231.822,10.97,2.84
2022-07-26T15:00:00,739.104,517.373,221.731,10.97,2.85
2022-07-26T16:00:00,692.82,484.974,207.846,10.96,2.85
2022-07-26T17:00:00,634.683,444.278,190.405,10.95,2.86
2022-07-26T18:00:00,565.685,395.98,169.706,10.95,2.86
2022-07-26T19:00:00,487.009,340.906,146.103,10.94,2.86
2022-07-26T20:00:00,400.0,280.0,120.0,10.93,2.87
2022-07-26T21:00:00,306.147,214.303,91.844,10.93,2.87
2022-07-26T22:00:00,207.055,144.939,62.117,10.92,2.87
2022-07-26T23:00:00,104.421,73.095,31.326,10.91,2.88
2022-07-27T00:00:00,0.0,0.0,0.0,10.91,2.88
2022-07-27T01:00:00,104.421,73.095,31.326,10.9,2.88
2022-07-27T02:00:00,207.055,144.939,62.117,10.89,2.89
2022-07-27T03:00:00,306.147,214.303,91.844,10.89,2.89
2022-07-27T04:00:00,400.0,280.0,120.0,10.88,2.89
2022-07-27T05:00:00,487.009,340.906,146.103,10.87,2.9
2022-07-27T06:00:00,565.685,395.98,169.706,10.87,2.9
2022-07-27T07:00:00,634.683,444.278,190.405,10.86,2.9
2022-07-27T08:00:00,692.82,484.974,207.846,10.85,2.91
2022-07-27T09:00:00,739.104,517.373,221.731,10.85,2.91
2022-07-27T10:00:00,772.741,540.918,231.822,10.84,2.91
2022-07-27T11:00:00,793.156,555.209,237.947,10.83,2.91
2022-07-27T12:00:00,800.0,560.0,240.0,10.83,2.92
2022-07-27T13:00:00,793.156,555.209,237.947,10.82,2.92
2022-07-27T14:00:00,772.741,540.918,231.822,10.82,2.92
2022-07-27T15:00:00,739.104,517.373,221.731,10.81,2.93
2022-07-27T16:00:00,692.82,484.974,207.846,10.8,2.93
2022-07-27T17:00:00,634.683,444.278,190.405,10.8,2.93
2022-07-27T18:00:00,565.685,395.98,169.706,10.79,2.93
2022-07-27T19:00:00,487.009,340.906,146.103,10.78,2.94
2022-07-27T20:00:00,400.0,280.0,120.0,10.78,2.94
2022-07-27T21:00:00,306.147,214.303,91.844,10.77,2.94
2022-07-27T22:00:00,207.055,144.939,62.117,10.76,2.94
2022-07-27T23:00:00,104.421,73.095,31.326,10.76,2.95
2022-07-28T00:00:00,0.0,0.0,0.0,10.75,2.95
2022-07-28T01:00:00,104.421,73.095,31.326,10.74,2.95
2022-07-28T02:00:00,207.055,144.939,62.117,10.74,2.95
2022-07-28T03:00:00,306.147,214.303,91.844,10.73,2.95
2022-07-28T04:00:00,400.0,280.0,120.0,10.72,2.96
2022-07-28T05:00:00,487.009,340.906,146.103,10.72,2.96
2022-07-28T06:00:00,565.685,395.98,169.706,10.71,2.96
2022-07-28T07:00:00,634.683,444.278,190.405,10.7,2.96
2022-07-28T08:00:00,692.82,484.974,207.846,10.7,2.96
2022-07-28T09:00:00,739.104,517.373,221.731,10.69,2.97
2022-07-28T10:00:00,772.741,540.918,231.822,10.69,2.97
2022-07-28T11:00:00,793.156,555.209,237.947,10.68,2.97
2022-07-28T12:00:00,800.0,560.0,240.0,10.67,2.97
2022-07-28T13:00:00,793.156,555.209,237.947,10.67,2.97
2022-07-28T14:00:00,772.741,540.918,231.822,10.66,2.98
2022-07-28T15:00:00,739.104,517.373,221.731,10.65,2.98
2022-07-28T16:00:00,692.82,484.974,207.846,10.65,2.98
2022-07-28T17:00:00,634.683,444.278,190.405,10.64,2.98
2022-07-28T18:00:00,565.685,395.98,169.706,10.63,2.98
2022-07-28T19:00:00,487.009,340.906,146.103,10.63,2.98
2022-07-28T20:00:00,400.0,280.0,120.0,10.62,2.98
2022-07-28T21:00:00,306.147,214.303,91.844,10.61,2.99
2022-07-28T22:00:00,207.055,144.939,62.117,10.61,2.99
2022-07-28T23:00:00,104.421,73.095,31.326,10.6,2.99
2022-07-29T00:00:00,0.0,0.0,0.0,10.59,2.99
2022-07-29T01:00:00,104.421,73.095,31.326,10.59,2.99
2022-07-29T02:00:00,207.055,144.939,62.117,10.58,2.99
2022-07-29T03:00:00,306.147,214.303,91.844,10.58,2.99
2022-07-29T04:00:00,400.0,280.0,120.0,10.57,2.99
2022-07-29T05:00:00,487.009,340.906,146.103,10.56,2.99
2022-07-29T06:00:00,565.685,395.98,169.706,10.56,2.99
2022-07-29T07:00:00,634.683,444.278,190.405,10.55,2.99
2022-07-29T08:00:00,692.82,484.974,207.846,10.54,3.0
2022-07-29T09:00:00,739.104,517.373,221.731,10.54,3.0
2022-07-29T10:00:00,772.741,540.918,231.822,10.53,3.0
2022-07-29T11:00:00,793.156,555.209,237.947,10.52,3.0
2022-07-29T12:00:00,800.0,560.0,240.0,10.52,3.0
2022-07-29T13:00:00,793.156,555.209,237.947,10.51,3.0
2022-07-29T14:00:00,772.741,540.918,231.822,10.5,3.0
2022-07-29T15:00:00,739.104,517.373,221.731,10.5,3.0
2022-07-29T16:00:00,692.82,484.974,207.846,10.49,3.0
2022-07-29T17:00:00,634.683,444.278,190.405,10.49,3.0
2022-07-29T18:00:00,565.685,395.98,169.706,10.48,3.0
2022-07-29T19:00:00,487.009,340.906,146.103,10.47,3.0
2022-07-29T20:00:00,400.0,280.0,120.0,10.47,3.0
2022-07-29T21:00:00,306.147,214.303,91.844,10.46,3.0
2022-07-29T22:00:00,207.055,144.939,62.117,10.45,3.0
2022-07-29T23:00:00,104.421,73.095,31.326,10.45,3.0
2022-07-30T00:00:00,0.0,0.0,0.0,10.44,3.0
2022-07-30T01:00:00,104.421,73.095,31.326,10.43,3.0
2022-07-30T02:00:00,207.055,144.939,62.117,10.43,3.0
2022-07-30T03:00:00,306.147,214.303,91.844,10.42,3.0
2022-07-30T04:00:00,400.0,280.0,120.0,10.42,3.0
2022-07-30T05:00:00,487.009,340.906,146.103,10.41,3.0
2022-07-30T06:00:00,565.685,395.98,169.706,10.4,3.0
2022-07-30T07:00:00,634.683,444.278,190.405,10.4,3.0
2022-07-30T08:00:00,692.82,484.974,207.846,10.39,3.0
2022-07-30T09:00:00,739.104,517.373,221.731,10.38,3.0
2022-07-30T10:00:00,772.741,540.918,231.822,10.38,3.0
2022-07-30T11:00:00,793.156,555.209,237.947,10.37,2.99
2022-07-30T12:00:00,800.0,560.0,240.0,10.36,2.99
2022-07-30T13:00:00,793.156,555.209,237.947,10.36,2.99
2022-07-30T14:00:00,772.741,540.918,231.822,10.35,2.99
2022-07-30T15:00:00,739.104,517.373,221.731,10.35,2.99
2022-07-30T16:00:00,692.82,484.974,207.846,10.34,2.99
2022-07-30T17:00:00,634.683,444.278,190.405,10.33,2.99
2022-07-30T18:00:00,565.685,395.98,169.706,10.33,2.99
2022-07-30T19:00:00,487.009,340.906,146.103,10.32,2.99
2022-07-30T20:00:00,400.0,280.0,120.0,10.31,2.99
2022-07-30T21:00:00,306.147,214.303,91.844,10.31,2.99
2022-07-30T22:00:00,207.055,144.939,62.117,10.3,2.98
2022-07-30T23:00:00,104.421,73.095,31.326,10.29,2.98
2022-07-31T00:00:00,0.0,0.0,0.0,10.29,2.98
2022-07-31T01:00:00,104.421,73.095,31.326,10.28,2.98
2022-07-31T02:00:00,207.055,144.939,62.117,10.28,2.98
2022-07-31T03:00:00,306.147,214.303,91.844,10.27,2.98
2022-07-31T04:00:00,400.0,280.0,120.0,10.26,2.98
2022-07-31T05:00:00,487.009,340.906,146.103,10.26,2.97
2022-07-31T06:00:00,565.685,395.98,169.706,10.25,2.97
2022-07-31T07:00:00,634.683,444.278,190.405,10.24,2.97
2022-07-31T08:00:00,692.82,484.974,207.846,10.24,2.97
2022-07-31T09:00:00,739.104,517.373,221.731,10.23,2.97
2022-07-31T10:00:00,772.741,540.918,231.822,10.23,2.96
2022-07-31T11:00:00,793.156,555.209,237.947,10.22,2.96
2022-07-31T12:00:00,800.0,560.0,240.0,10.21,2.96
2022-07-31T13:00:00,793.156,555.209,237.947,10.21,2.96
2022-07-31T14:00:00,772.741,540.918,231.822,10.2,2.96
2022-07-31T15:00:00,739.104,517.373,221.731,10.19,2.95
2022-07-31T16:00:00,692.82,484.974,207.846,10.19,2.95
2022-07-31T17:00:00,634.683,444.278,190.405,10.18,2.95
2022-07-31T18:00:00,565.685,395.98,169.706,10.17,2.95
2022-07-31T19:00:00,487.009,340.906,146.103,10.17,2.95
2022-07-31T20:00:00,400.0,280.0,120.0,10.16,2.94
2022-07-31T21:00:00,306.147,214.303,91.844,10.16,2.94
2022-07-31T22:00:00,207.055,144.939,62.117,10.15,2.94
2022-07-31T23:00:00,104.421,73.095,31.326,10.14,2.94
2022-08-01T00:00:00,0.0,0.0,0.0,10.14,2.93
2022-08-01T01:00:00,104.421,73.095,31.326,10.13,2.93
2022-08-01T02:00:00,207.055,144.939,62.117,10.12,2.93
2022-08-01T03:00:00,306.147,214.303,91.844,10.12,2.93
2022-08-01T04:00:00,400.0,280.0,120.0,10.11,2.92
2022-08-01T05:00:00,487.009,340.906,146.103,10.11,2.92
2022-08-01T06:00:00,565.685,395.98,169.706,10.1,2.92
2022-08-01T07:00:00,634.683,444.278,190.405,10.09,2.91
2022-08-01T08:00:00,692.82,484.974,207.846,10.09,2.91
2022-08-01T09:00:00,739.104,517.373,221.731,10.08,2.91
2022-08-01T10:00:00,772.741,540.918,231.822,10.07,2.91
2022-08-01T11:00:00,793.156,555.209,237.947,10.07,2.9
2022-08-01T12:00:00,800.0,560.0,240.0,10.06,2.9
2022-08-01T13:00:00,793.156,555.209,237.947,10.06,2.9
2022-08-01T14:00:00,772.741,540.918,231.822,10.05,2.89
2022-08-01T15:00:00,739.104,517.373,221.731,10.04,2.89
2022-08-01T16:00:00,692.82,484.974,207.846,10.04,2.89
2022-08-01T17:00:00,634.683,444.278,190.405,10.03,2.88
2022-08-01T18:00:00,565.685,395.98,169.706,10.02,2.88
2022-08-01T19:00:00,487.009,340.906,146.103,10.02,2.88
2022-08-01T20:00:00,400.0,280.0,120.0,10.01,2.87
2022-08-01T21:00:00,306.147,214.303,91.844,10.01,2.87
2022-08-01T22:00:00,207.055,144.939,62.117,10.0,2.87
2022-08-01T23:00:00,104.421,73.095,31.326,9.99,2.86
2022-08-02T00:00:00,0.0,0.0,0.0,9.99,2.86
2022-08-02T01:00:00,104.421,73.095,31.326,9.98,2.86
2022-08-02T02:00:00,207.055,144.939,62.117,9.98,2.85
2022-08-02T03:00:00,306.147,214.303,91.844,9.97,2.85
2022-08-02T04:00:00,400.0,280.0,120.0,9.96,2.84
2022-08-02T05:00:00,487.009,340.906,146.103,9.96,2.84
2022-08-02T06:00:00,565.685,395.98,169.706,9.95,2.84
2022-08-02T07:00:00,634.683,444.278,190.405,9.94,2.83
2022-08-02T08:00:00,692.82,484.974,207.846,9.94,2.83
2022-08-02T09:00:00,739.104,517.373,221.731,9.93,2.82
2022-08-02T10:00:00,772.741,540.918,231.822,9.93,2.82
2022-08-02T11:00:00,793.156,555.209,237.947,9.92,2.82
2022-08-02T12:00:00,800.0,560.0,240.0,9.91,2.81
2022-08-02T13:00:00,793.156,555.209,237.947,9.91,2.81
2022-08-02T14:00:00,772.741,540.918,231.822,9.9,2.8
2022-08-02T15:00:00,739.104,517.373,221.731,9.89,2.8
2022-08-02T16:00:00,692.82,484.974,207.846,9.89,2.79
2022-08-02T17:00:00,634.683,444.278,190.405,9.88,2.79
2022-08-02T18:00:00,565.685,395.98,169.706,9.88,2.79
2022-08-02T19:00:00,487.009,340.906,146.103,9.87,2.78
2022-08-02T20:00:00,400.0,280.0,120.0,9.86,2.78
2022-08-02T21:00:00,306.147,214.303,91.844,9.86,2.77
2022-08-02T22:00:00,207.055,144.939,62.117,9.85,2.77
2022-08-02T23:00:00,104.421,73.095,31.326,9.85,2.76
2022-08-03T00:00:00,0.0,0.0,0.0,9.84,2.76
2022-08-03T01:00:00,104.421,73.095,31.326,9.83,2.75
2022-08-03T02:00:00,207.055,144.939,62.117,9.83,2.75
2022-08-03T03:00:00,306.147,214.303,91.844,9.82,2.74
2022-08-03T04:00:00,400.0,280.0,120.0,9.81,2.74
2022-08-03T05:00:00,487.009,340.906,146.103,9.81,2.73
2022-08-03T06:00:00,565.685,395.98,169.706,9.8,2.73
2022-08-03T07:00:00,634.683,444.278,190.405,9.8,2.72
2022-08-03T08:00:00,692.82,484.974,207.846,9.79,2.72
2022-08-03T09:00:00,739.104,517.373,221.731,9.78,2.71
2022-08-03T10:00:00,772.741,540.918,231.822,9.78,2.71
2022-08-03T11:00:00,793.156,555.209,237.947,9.77,2.7
2022-08-03T12:00:00,800.0,560.0,240.0,9.77,2.7
2022-08-03T13:00:00,793.156,555.209,237.947,9.76,2.69
2022-08-03T14:00:00,772.741,540.918,231.822,9.75,2.69
2022-08-03T15:00:00,739.104,517.373,221.731,9.75,2.68
2022-08-03T16:00:00,692.82,484.974,207.846,9.74,2.68
2022-08-03T17:00:00,634.683,444.278,190.405,9.74,2.67
2022-08-03T18:00:00,565.685,395.98,169.706,9.73,2.67
2022-08-03T19:00:00,487.009,340.906,146.103,9.72,2.66
2022-08-03T20:00:00,400.0,280.0,120.0,9.72,2.66
2022-08-03T21:00:00,306.147,214.303,91.844,9.71,2.65
2022-08-03T22:00:00,207.055,144.939,62.117,9.7,2.65
2022-08-03T23:00:00,104.421,73.095,31.326,9.7,2.64
2022-08-04T00:00:00,0.0,0.0,0.0,9.69,2.64
2022-08-04T01:00:00,104.421,73.095,31.326,9.69,2.63
2022-08-04T02:00:00,207.055,144.939,62.117,9.68,2.62
2022-08-04T03:00:00,306.147,214.303,91.844,9.67,2.62
2022-08-04T04:00:00,400.0,280.0,120.0,9.67,2.61
2022-08-04T05:00:00,487.009,340.906,146.103,9.66,2.61
2022-08-04T06:00:00,565.685,395.98,169.706,9.66,2.6
2022-08-04T07:00:00,634.683,444.278,190.405,9.65,2.6
2022-08-04T08:00:00,692.82,484.974,207.846,9.64,2.59
2022-08-04T09:00:00,739.104,517.373,221.731,9.64,2.58
2022-08-04T10:00:00,772.741,540.918,231.822,9.63,2.58
2022-08-04T11:00:00,793.156,555.209,237.947,9.63,2.57
2022-08-04T12:00:00,800.0,560.0,240.0,9.62,2.57
2022-08-04T13:00:00,793.156,555.209,237.947,9.61,2.56
2022-08-04T14:00:00,772.741,540.918,231.822,9.61,2.55
2022-08-04T15:00:00,739.104,517.373,221.731,9.6,2.55
2022-08-04T16:00:00,692.82,484.974,207.846,9.6,2.54
2022-08-04T17:00:00,634.683,444.278,190.405,9.59,2.54
2022-08-04T18:00:00,565.685,395.98,169.706,9.58,2.53
2022-08-04T19:00:00,487.009,340.906,146.103,9.58,2.52
2022-08-04T20:00:00,400.0,280.0,120.0,9.57,2.52
2022-08-04T21:00:00,306.147,214.303,91.844,9.57,2.51
2022-08-04T22:00:00,207.055,144.939,62.117,9.56,2.51
2022-08-04T23:00:00,104.421,73.095,31.326,9.55,2.5
2022-08-05T00:00:00,0.0,0.0,0.0,9.55,2.49
2022-08-05T01:00:00,104.421,73.095,31.326,9.54,2.49
2022-08-05T02:00:00,207.055,144.939,62.117,9.54,2.48
2022-08-05T03:00:00,306.147,214.303,91.844,9.53,2.47
2022-08-05T04:00:00,400.0,280.0,120.0,9.52,2.47
2022-08-05T05:00:00,487.009,340.906,146.103,9.52,2.46
2022-08-05T06:00:00,565.685,395.98,169.706,9.51,2.46
2022-08-05T07:00:00,634.683,444.278,190.405,9.51,2.45
2022-08-05T08:00:00,692.82,484.974,207.846,9.5,2.44
2022-08-05T09:00:00,739.104,517.373,221.731,9.49,2.44
2022-08-05T10:00:00,772.741,540.918,231.822,9.49,2.43
2022-08-05T11:00:00,793.156,555.209,237.947,9.48,2.42
2022-08-05T12:00:00,800.0,560.0,240.0,9.48,2.42
2022-08-05T13:00:00,793.156,555.209,237.947,9.47,2.41
2022-08-05T14:00:00,772.741,540.918,231.822,9.46,2.4
2022-08-05T15:00:00,739.104,517.373,221.731,9.46,2.4
2022-08-05T16:00:00,692.82,484.974,207.846,9.45,2.39
2022-08-05T17:00:00,634.683,444.278,190.405,9.45,2.38
2022-08-05T18:00:00,565.685,395.98,169.706,9.44,2.38
2022-08-05T19:00:00,487.009,340.906,146.103,9.43,2.37
2022-08-05T20:00:00,400.0,280.0,120.0,9.43,2.36
2022-08-05T21:00:00,306.147,214.303,91.844,9.42,2.36
2022-08-05T22:00:00,207.055,144.939,62.117,9.42,2.35
2022-08-05T23:00:00,104.421,73.095,31.326,9.41,2.34
2022-08-06T00:00:00,0.0,0.0,0.0,9.4,2.34
2022-08-06T01:00:00,104.421,73.095,31.326,9.4,2.33
2022-08-06T02:00:00,207.055,144.939,62.117,9.39,2.32
2022-08-06T03:00:00,306.147,214.303,91.844,9.39,2.32
2022-08-06T04:00:00,400.0,280.0,120.0,9.38,2.31
2022-08-06T05:00:00,487.009,340.906,146.103,9.37,2.3
2022-08-06T06:00:00,565.685,395.98,169.706,9.37,2.3
2022-08-06T07:00:00,634.683,444.278,190.405,9.36,2.29
2022-08-06T08:00:00,692.82,484.974,207.846,9.36,2.28
2022-08-06T09:00:00,739.104,517.373,221.731,9.35,2.28
2022-08-06T10:00:00,772.741,540.918,231.822,9.34,2.27
2022-08-06T11:00:00,793.156,555.209,237.947,9.34,2.26
2022-08-06T12:00:00,800.0,560.0,240.0,9.33,2.26
2022-08-06T13:00:00,793.156,555.209,237.947,9.33,2.25
2022-08-06T14:00:00,772.741,540.918,231.822,9.32,2.24
2022-08-06T15:00:00,739.104,517.373,221.731,9.32,2.23
2022-08-06T16:00:00,692.82,484.974,207.846,9.31,2.23
2022-08-06T17:00:00,634.683,444.278,190.405,9.3,2.22
2022-08-06T18:00:00,565.685,395.98,169.706,9.3,2.21
2022-08-06T19:00:00,487.009,340.906,146.103,9.29,2.21
2022-08-06T20:00:00,400.0,280.0,120.0,9.29,2.2
2022-08-06T21:00:00,306.147,214.303,91.844,9.28,2.19
2022-08-06T22:00:00,207.055,144.939,62.117,9.27,2.19
2022-08-06T23:00:00,104.421,73.095,31.326,9.27,2.18
2022-08-07T00:00:00,0.0,0.0,0.0,9.26,2.17
2022-08-07T01:00:00,104.421,73.095,31.326,9.26,2.16
2022-08-07T02:00:00,207.055,144.939,62.117,9.25,2.16
2022-08-07T03:00:00,306.147,214.303,91.844,9.24,2.15
2022-08-07T04:00:00,400.0,280.0,120.0,9.24,2.14
2022-08-07T05:00:00,487.009,340.906,146.103,9.23,2.14
2022-08-07T06:00:00,565.685,395.98,169.706,9.23,2.13
2022-08-07T07:00:00,634.683,444.278,190.405,9.22,2.12
2022-08-07T08:00:00,692.82,484.974,207.846,9.22,2.11
2022-08-07T09:00:00,739.104,517.373,221.731,9.21,2.11
2022-08-07T10:00:00,772.741,540.918,231.822,9.2,2.1
2022-08-07T11:00:00,793.156,555.209,237.947,9.2,2.09
2022-08-07T12:00:00,800.0,560.0,240.0,9.19,2.09
2022-08-07T13:00:00,793.156,555.209,237.947,9.19,2.08
2022-08-07T14:00:00,772.741,540.918,231.822,9.18,2.07
2022-08-07T15:00:00,739.104,517.373,221.731,9.17,2.06
2022-08-07T16:00:00,692.82,484.974,207.846,9.17,2.06
2022-08-07T17:00:00,634.683,444.278,190.405,9.16,2.05
2022-08-07T18:00:00,565.685,395.98,169.706,9.16,2.04
2022-08-07T19:00:00,487.009,340.906,146.103,9.15,2.04
2022-08-07T20:00:00,400.0,280.0,120.0,9.15,2.03
2022-08-07T21:00:00,306.147,214.303,91.844,9.14,2.02
2022-08-07T22:00:00,207.055,144.939,62.117,9.13,2.01
2022-08-07T23:00:00,104.421,73.095,31.326,9.13,2.01
2022-08-08T00:00:00,0.0,0.0,0.0,9.12,2.0
2022-08-08T01:00:00,104.421,73.095,31.326,9.12,2.01
2022-08-08T02:00:00,207.055,144.939,62.117,9.11,2.01
2022-08-08T03:00:00,306.147,214.303,91.844,9.1,2.02
2022-08-08T04:00:00,400.0,280.0,120.0,9.1,2.03
2022-08-08T05:00:00,487.009,340.906,146.103,9.09,2.04
2022-08-08T06:00:00,565.685,395.98,169.706,9.09,2.04
2022-08-08T07:00:00,634.683,444.278,190.405,9.08,2.05
2022-08-08T08:00:00,692.82,484.974,207.846,9.08,2.06
2022-08-08T09:00:00,739.104,517.373,221.731,9.07,2.06
2022-08-08T10:00:00,772.741,540.918,231.822,9.06,2.07
2022-08-08T11:00:00,793.156,555.209,237.947,9.06,2.08
2022-08-08T12:00:00,800.0,560.0,240.0,9.05,2.09
2022-08-08T13:00:00,793.156,555.209,237.947,9.05,2.09
2022-08-08T14:00:00,772.741,540.918,231.822,9.04,2.1
2022-08-08T15:00:00,739.104,517.373,221.731,9.04,2.11
2022-08-08T16:00:00,692.82,484.974,207.846,9.03,2.11
2022-08-08T17:00:00,634.683,444.278,190.405,9.02,2.12
2022-08-08T18:00:00,565.685,395.98,169.706,9.02,2.13
2022-08-08T19:00:00,487.009,340.906,146.103,9.01,2.14
2022-08-08T20:00:00,400.0,280.0,120.0,9.01,2.14
2022-08-08T21:00:00,306.147,214.303,91.844,9.0,2.15
2022-08-08T22:00:00,207.055,144.939,62.117,9.0,2.16
2022-08-08T23:00:00,104.421,73.095,31.326,8.99,2.16
2022-08-09T00:00:00,0.0,0.0,0.0,8.98,2.17
2022-08-09T01:00:00,104.421,73.095,31.326,8.98,2.18
2022-08-09T02:00:00,207.055,144.939,62.117,8.97,2.19
2022-08-09T03:00:00,306.147,214.303,91.844,8.97,2.19
2022-08-09T04:00:00,400.0,280.0,120.0,8.96,2.2
2022-08-09T05:00:00,487.009,340.906,146.103,8.96,2.21
2022-08-09T06:00:00,565.685,395.98,169.706,8.95,2.21
2022-08-09T07:00:00,634.683,444.278,190.405,8.94,2.22
2022-08-09T08:00:00,692.82,484.974,207.846,8.94,2.23
2022-08-09T09:00:00,739.104,517.373,221.731,8.93,2.23
2022-08-09T10:00:00,772.741,540.918,231.822,8.93,2.24
2022-08-09T11:00:00,793.156,555.209,237.947,8.92,2.25
2022-08-09T12:00:00,800.0,560.0,240.0,8.92,2.26
2022-08-09T13:00:00,793.156,555.209,237.947,8.91,2.26
2022-08-09T14:00:00,772.741,540.918,231.822,8.9,2.27
2022-08-09T15:00:00,739.104,517.373,221.731,8.9,2.28
2022-08-09T16:00:00,692.82,484.974,207.846,8.89,2.28
2022-08-09T17:00:00,634.683,444.278,190.405,8.89,2.29
2022-08-09T18:00:00,565.685,395.98,169.706,8.88,2.3
2022-08-09T19:00:00,487.009,340.906,146.103,8.88,2.3
2022-08-09T20:00:00,400.0,280.0,120.0,8.87,2.31
2022-08-09T21:00:00,306.147,214.303,91.844,8.86,2.32
2022-08-09T22:00:00,207.055,144.939,62.117,8.86,2.32
2022-08-09T23:00:00,104.421,73.095,31.326,8.85,2.33
2022-08-10T00:00:00,0.0,0.0,0.0,8.85,2.34
2022-08-10T01:00:00,104.421,73.095,31.326,8.84,2.34
2022-08-10T02:00:00,207.055,144.939,62.117,8.84,2.35
2022-08-10T03:00:00,306.147,214.303,91.844,8.83,2.36
2022-08-10T04:00:00,400.0,280.0,120.0,8.82,2.36
2022-08-10T05:00:00,487.009,340.906,146.103,8.82,2.37
2022-08-10T06:00:00,565.685,395.98,169.706,8.81,2.38
2022-08-10T07:00:00,634.683,444.278,190.405,8.81,2.38
2022-08-10T08:00:00,692.82,484.974,207.846,8.8,2.39
2022-08-10T09:00:00,739.104,517.373,221.731,8.8,2.4
2022-08-10T10:00:00,772.741,540.918,231.822,8.79,2.4
2022-08-10T11:00:00,793.156,555.209,237.947,8.79,2.41
2022-08-10T12:00:00,800.0,560.0,240.0,8.78,2.42
2022-08-10T13:00:00,793.156,555.209,237.947,8.77,2.42
2022-08-10T14:00:00,772.741,540.918,231.822,8.77,2.43
2022-08-10T15:00:00,739.104,517.373,221.731,8.76,2.44
2022-08-10T16:00:00,692.82,484.974,207.846,8.76,2.44
2022-08-10T17:00:00,634.683,444.278,190.405,8.75,2.45
2022-08-10T18:00:00,565.685,395.98,169.706,8.75,2.46
2022-08-10T19:00:00,487.009,340.906,146.103,8.74,2.46
2022-08-10T20:00:00,400.0,280.0,120.0,8.73,2.47
2022-08-10T21:00:00,306.147,214.303,91.844,8.73,2.47
2022-08-10T22:00:00,207.055,144.939,62.117,8.72,2.48
2022-08-10T23:00:00,104.421,73.095,31.326,8.72,2.49
2022-08-11T00:00:00,0.0,0.0,0.0,8.71,2.49
2022-08-11T01:00:00,104.421,73.095,31.326,8.71,2.5
2022-08-11T02:00:00,207.055,144.939,62.117,8.7,2.51
2022-08-11T03:00:00,306.147,214.303,91.844,8.7,2.51
2022-08-11T04:00:00,400.0,280.0,120.0,8.69,2.52
2022-08-11T05:00:00,487.009,340.906,146.103,8.68,2.52
2022-08-11T06:00:00,565.685,395.98,169.706,8.68,2.53
2022-08-11T07:00:00,634.683,444.278,190.405,8.67,2.54
2022-08-11T08:00:00,692.82,484.974,207.846,8.67,2.54
2022-08-11T09:00:00,739.104,517.373,221.731,8.66,2.55
2022-08-11T10:00:00,772.741,540.918,231.822,8.66,2.55
2022-08-11T11:00:00,793.156,555.209,237.947,8.65,2.56
2022-08-11T12:00:00,800.0,560.0,240.0,8.65,2.57
2022-08-11T13:00:00,793.156,555.209,237.947,8.64,2.57
2022-08-11T14:00:00,772.741,540.918,231.822,8.63,2.58
2022-08-11T15:00:00,739.104,517.373,221.731,8.63,2.58
2022-08-11T16:00:00,692.82,484.974,207.846,8.62,2.59
2022-08-11T17:00:00,634.683,444.278,190.405,8.62,2.6
2022-08-11T18:00:00,565.685,395.98,169.706,8.61,2.6
2022-08-11T19:00:00,487.009,340.906,146.103,8.61,2.61
2022-08-11T20:00:00,400.0,280.0,120.0,8.6,2.61
2022-08-11T21:00:00,306.147,214.303,91.844,8.6,2.62
2022-08-11T22:00:00,207.055,144.939,62.117,8.59,2.62
2022-08-11T23:00:00,104.421,73.095,31.326,8.58,2.63
2022-08-12T00:00:00,0.0,0.0,0.0,8.58,2.64
2022-08-12T01:00:00,104.421,73.095,31.326,8.57,2.64
2022-08-12T02:00:00,207.055,144.939,62.117,8.57,2.65
2022-08-12T03:00:00,306.147,214.303,91.844,8.56,2.65
2022-08-12T04:00:00,400.0,280.0,120.0,8.56,2.66
2022-08-12T05:00:00,487.009,340.906,146.103,8.55,2.66
2022-08-12T06:00:00,565.685,395.98,169.706,8.55,2.67
2022-08-12T07:00:00,634.683,444.278,190.405,8.54,2.67
2022-08-12T08:00:00,692.82,484.974,207.846,8.54,2.68
2022-08-12T09:00:00,739.104,517.373,221.731,8.53,2.68
2022-08-12T10:00:00,772.741,540.918,231.822,8.52,2.69
2022-08-12T11:00:00,793.156,555.209,237.947,8.52,2.69
2022-08-12T12:00:00,800.0,560.0,240.0,8.51,2.7
2022-08-12T13:00:00,793.156,555.209,237.947,8.51,2.7
2022-08-12T14:00:00,772.741,540.918,231.822,8.5,2.71
2022-08-12T15:00:00,739.104,517.373,221.731,8.5,2.71
2022-08-12T16:00:00,692.82,484.974,207.846,8.49,2.72
2022-08-12T17:00:00,634.683,444.278,190.405,8.49,2.72
2022-08-12T18:00:00,565.685,395.98,169.706,8.48,2.73
2022-08-12T19:00:00,487.009,340.906,146.103,8.48,2.73
2022-08-12T20:00:00,400.0,280.0,120.0,8.47,2.74
2022-08-12T21:00:00,306.147,214.303,91.844,8.46,2.74
2022-08-12T22:00:00,207.055,144.939,62.117,8.46,2.75
2022-08-12T23:00:00,104.421,73.095,31.326,8.45,2.75
2022-08-13T00:00:00,0.0,0.0,0.0,8.45,2.76
2022-08-13T01:00:00,104.421,73.095,31.326,8.44,2.76
2022-08-13T02:00:00,207.055,144.939,62.117,8.44,2.77
2022-08-13T03:00:00,306.147,214.303,91.844,8.43,2.77
2022-08-13T04:00:00,400.0,280.0,120.0,8.43,2.78
2022-08-13T05:00:00,487.009,340.906,146.103,8.42,2.78
2022-08-13T06:00:00,565.685,395.98,169.706,8.42,2.79
2022-08-13T07:00:00,634.683,444.278,190.405,8.41,2.79
2022-08-13T08:00:00,692.82,484.974,207.846,8.41,2.79
2022-08-13T09:00:00,739.104,517.373,221.731,8.4,2.8
2022-08-13T10:00:00,772.741,540.918,231.822,8.39,2.8
2022-08-13T11:00:00,793.156,555.209,237.947,8.39,2.81
2022-08-13T12:00:00,800.0,560.0,240.0,8.38,2.81
2022-08-13T13:00:00,793.156,555.209,237.947,8.38,2.82
2022-08-13T14:00:00,772.741,540.918,231.822,8.37,2.82
2022-08-13T15:00:00,739.104,517.373,221.731,8.37,2.82
2022-08-13T16:00:00,692.82,484.974,207.846,8.36,2.83
2022-08-13T17:00:00,634.683,444.278,190.405,8.36,2.83
2022-08-13T18:00:00,565.685,395.98,169.706,8.35,2.84
2022-08-13T19:00:00,487.009,340.906,146.103,8.35,2.84
2022-08-13T20:00:00,400.0,280.0,120.0,8.34,2.84
2022-08-13T21:00:00,306.147,214.303,91.844,8.34,2.85
2022-08-13T22:00:00,207.055,144.939,62.117,8.33,2.85
2022-08-13T23:00:00,104.421,73.095,31.326,8.32,2.86
2022-08-14T00:00:00,0.0,0.0,0.0,8.32,2.86
2022-08-14T01:00:00,104.421,73.095,31.326,8.31,2.86
2022-08-14T02:00:00,207.055,144.939,62.117,8.31,2.87
2022-08-14T03:00:00,306.147,214.303,91.844,8.3,2.87
2022-08-14T04:00:00,400.0,280.0,120.0,8.3,2.87
2022-08-14T05:00:00,487.009,340.906,146.103,8.29,2.88
2022-08-14T06:00:00,565.685,395.98,169.706,8.29,2.88
2022-08-14T07:00:00,634.683,444.278,190.405,8.28,2.88
2022-08-14T08:00:00,692.82,484.974,207.846,8.28,2.89
2022-08-14T09:00:00,739.104,517.373,221.731,8.27,2.89
2022-08-14T10:00:00,772.741,540.918,231.822,8.27,2.89
2022-08-14T11:00:00,793.156,555.209,237.947,8.26,2.9
2022-08-14T12:00:00,800.0,560.0,240.0,8.26,2.9
2022-08-14T13:00:00,793.156,555.209,237.947,8.25,2.9
2022-08-14T14:00:00,772.741,540.918,231.822,8.24,2.91
2022-08-14T15:00:00,739.104,517.373,221.731,8.24,2.91
2022-08-14T16:00:00,692.82,484.974,207.846,8.23,2.91
2022-08-14T17:00:00,634.683,444.278,190.405,8.23,2.91
2022-08-14T18:00:00,565.685,395.98,169.706,8.22,2.92
2022-08-14T19:00:00,487.009,340.906,146.103,8.22,2.92
2022-08-14T20:00:00,400.0,280.0,120.0,8.21,2.92
2022-08-14T21:00:00,306.147,214.303,91.844,8.21,2.93
2022-08-14T22:00:00,207.055,144.939,62.117,8.2,2.93
2022-08-14T23:00:00,104.421,73.095,31.326,8.2,2.93
2022-08-15T00:00:00,0.0,0.0,0.0,8.19,2.93
2022-08-15T01:00:00,104.421,73.095,31.326,8.19,2.94
2022-08-15T02:00:00,207.055,144.939,62.117,8.18,2.94
2022-08-15T03:00:00,306.147,214.303,91.844,8.18,2.94
2022-08-15T04:00:00,400.0,280.0,120.0,8.17,2.94
2022-08-15T05:00:00,487.009,340.906,146.103,8.17,2.95
2022-08-15T06:00:00,565.685,395.98,169.706,8.16,2.95
2022-08-15T07:00:00,634.683,444.278,190.405,8.16,2.95
2022-08-15T08:00:00,692.82,484.974,207.846,8.15,2.95
2022-08-15T09:00:00,739.104,517.373,221.731,8.15,2.95
2022-08-15T10:00:00,772.741,540.918,231.822,8.14,2.96
2022-08-15T11:00:00,793.156,555.209,237.947,8.13,2.96
2022-08-15T12:00:00,800.0,560.0,240.0,8.13,2.96
2022-08-15T13:00:00,793.156,555.209,237.947,8.12,2.96
2022-08-15T14:00:00,772.741,540.918,231.822,8.12,2.96
2022-08-15T15:00:00,739.104,517.373,221.731,8.11,2.97
2022-08-15T16:00:00,692.82,484.974,207.846,8.11,2.97
2022-08-15T17:00:00,634.683,444.278,190.405,8.1,2.97
2022-08-15T18:00:00,565.685,395.98,169.706,8.1,2.97
2022-08-15T19:00:00,487.009,340.906,146.103,8.09,2.97
2022-08-15T20:00:00,400.0,280.0,120.0,8.09,2.98
2022-08-15T21:00:00,306.147,214.303,91.844,8.08,2.98
2022-08-15T22:00:00,207.055,144.939,62.117,8.08,2.98
2022-08-15T23:00:00,104.421,73.095,31.326,8.07,2.98
2022-08-16T00:00:00,0.0,0.0,0.0,8.07,2.98
2022-08-16T01:00:00,104.421,73.095,31.326,8.06,2.98
2022-08-16T02:00:00,207.055,144.939,62.117,8.06,2.98
2022-08-16T03:00:00,306.147,214.303,91.844,8.05,2.99
2022-08-16T04:00:00,400.0,280.0,120.0,8.05,2.99
2022-08-16T05:00:00,487.009,340.906,146.103,8.04,2.99
2022-08-16T06:00:00,565.685,395.98,169.706,8.04,2.99
2022-08-16T07:00:00,634.683,444.278,190.405,8.03,2.99
2022-08-16T08:00:00,692.82,484.974,207.846,8.03,2.99
2022-08-16T09:00:00,739.104,517.373,221.731,8.02,2.99
2022-08-16T10:00:00,772.741,540.918,231.822,8.02,2.99
2022-08-16T11:00:00,793.156,555.209,237.947,8.01,2.99
2022-08-16T12:00:00,800.0,560.0,240.0,8.01,2.99
2022-08-16T13:00:00,793.156,555.209,237.947,8.0,2.99
2022-08-16T14:00:00,772.741,540.918,231.822,8.0,3.0
2022-08-16T15:00:00,739.104,517.373,221.731,7.99,3.0
2022-08-16T16:00:00,692.82,484.974,207.846,7.98,3.0
2022-08-16T17:00:00,634.683,444.278,190.405,7.98,3.0
2022-08-16T18:00:00,565.685,395.98,169.706,7.97,3.0
2022-08-16T19:00:00,487.009,340.906,146.103,7.97,3.0
2022-08-16T20:00:00,400.0,280.0,120.0,7.96,3.0
2022-08-16T21:00:00,306.147,214.303,91.844,7.96,3.0
2022-08-16T22:00:00,207.055,144.939,62.117,7.95,3.0
2022-08-16T23:00:00,104.421,73.095,31.326,7.95,3.0
2022-08-17T00:00:00,0.0,0.0,0.0,7.94,3.0
2022-08-17T01:00:00,104.421,73.095,31.326,7.94,3.0
2022-08-17T02:00:00,207.055,144.939,62.117,7.93,3.0
2022-08-17T03:00:00,306.147,214.303,91.844,7.93,3.0
2022-08-17T04:00:00,400.0,280.0,120.0,7.92,3.0
2022-08-17T05:00:00,487.009,340.906,146.103,7.92,3.0
2022-08-17T06:00:00,565.685,395.98,169.706,7.91,3.0
2022-08-17T07:00:00,634.683,444.278,190.405,7.91,3.0
2022-08-17T08:00:00,692.82,484.974,207.846,7.9,3.0
2022-08-17T09:00:00,739.104,517.373,221.731,7.9,3.0
2022-08-17T10:00:00,772.741,540.918,231.822,7.89,3.0
2022-08-17T11:00:00,793.156,555.209,237.947,7.89,3.0
2022-08-17T12:00:00,800.0,560.0,240.0,7.88,3.0
2022-08-17T13:00:00,793.156,555.209,237.947,7.88,3.0
2022-08-17T14:00:00,772.741,540.918,231.822,7.87,3.0
2022-08-17T15:00:00,739.104,517.373,221.731,7.87,3.0
2022-08-17T16:00:00,692.82,484.974,207.846,7.86,3.0
2022-08-17T17:00:00,634.683,444.278,190.405,7.86,2.99
2022-08-17T18:00:00,565.685,395.98,169.706,7.85,2.99
2022-08-17T19:00:00,487.009,340.906,146.103,7.85,2.99
2022-08-17T20:00:00,400.0,280.0,120.0,7.84,2.99
2022-08-17T21:00:00,306.147,214.303,91.844,7.84,2.99
2022-08-17T22:00:00,207.055,144.939,62.117,7.83,2.99
2022-08-17T23:00:00,104.421,73.095,31.326,7.83,2.99
2022-08-18T00:00:00,0.0,0.0,0.0,7.82,2.99
2022-08-18T01:00:00,104.421,73.095,31.326,7.82,2.99
2022-08-18T02:00:00,207.055,144.939,62.117,7.81,2.99
2022-08-18T03:00:00,306.147,214.303,91.844,7.81,2.99
2022-08-18T04:00:00,400.0,280.0,120.0,7.8,2.98
2022-08-18T05:00:00,487.009,340.906,146.103,7.8,2.98
2022-08-18T06:00:00,565.685,395.98,169.706,7.79,2.98
2022-08-18T07:00:00,634.683,444.278,190.405,7.79,2.98
2022-08-18T08:00:00,692.82,484.974,207.846,7.78,2.98
2022-08-18T09:00:00,739.104,517.373,221.731,7.78,2.98
2022-08-18T10:00:00,772.741,540.918,231.822,7.77,2.98
2022-08-18T11:00:00,793.156,555.209,237.947,7.77,2.97
2022-08-18T12:00:00,800.0,560.0,240.0,7.76,2.97
2022-08-18T13:00:00,793.156,555.209,237.947,7.76,2.97
2022-08-18T14:00:00,772.741,540.918,231.822,7.75,2.97
2022-08-18T15:00:00,739.104,517.373,221.731,7.75,2.97
2022-08-18T16:00:00,692.82,484.974,207.846,7.74,2.96
2022-08-18T17:00:00,634.683,444.278,190.405,7.74,2.96
2022-08-18T18:00:00,565.685,395.98,169.706,7.73,2.96
2022-08-18T19:00:00,487.009,340.906,146.103,7.73,2.96
2022-08-18T20:00:00,400.0,280.0,120.0,7.72,2.96
2022-08-18T21:00:00,306.147,214.303,91.844,7.72,2.95
2022-08-18T22:00:00,207.055,144.939,62.117,7.71,2.95
2022-08-18T23:00:00,104.421,73.095,31.326,7.71,2.95
2022-08-19T00:00:00,0.0,0.0,0.0,7.7,2.95
2022-08-19T01:00:00,104.421,73.095,31.326,7.7,2.95
2022-08-19T02:00:00,207.055,144.939,62.117,7.69,2.94
2022-08-19T03:00:00,306.147,214.303,91.844,7.69,2.94
2022-08-19T04:00:00,400.0,280.0,120.0,7.68,2.94
2022-08-19T05:00:00,487.009,340.906,146.103,7.68,2.94
2022-08-19T06:00:00,565.685,395.98,169.706,7.68,2.93
2022-08-19T07:00:00,634.683,444.278,190.405,7.67,2.93
2022-08-19T08:00:00,692.82,484.974,207.846,7.67,2.93
2022-08-19T09:00:00,739.104,517.373,221.731,7.66,2.93
2022-08-19T10:00:00,772.741,540.918,231.822,7.66,2.92
2022-08-19T11:00:00,793.156,555.209,237.947,7.65,2.92
2022-08-19T12:00:00,800.0,560.0,240.0,7.65,2.92
2022-08-19T13:00:00,793.156,555.209,237.947,7.64,2.91
2022-08-19T14:00:00,772.741,540.918,231.822,7.64,2.91
2022-08-19T15:00:00,739.104,517.373,221.731,7.63,2.91
2022-08-19T16:00:00,692.82,484.974,207.846,7.63,2.91
2022-08-19T17:00:00,634.683,444.278,190.405,7.62,2.9
2022-08-19T18:00:00,565.685,395.98,169.706,7.62,2.9
2022-08-19T19:00:00,487.009,340.906,146.103,7.61,2.9
2022-08-19T20:00:00,400.0,280.0,120.0,7.61,2.89
2022-08-19T21:00:00,306.147,214.303,91.844,7.6,2.89
2022-08-19T22:00:00,207.055,144.939,62.117,7.6,2.89
2022-08-19T23:00:00,104.421,73.095,31.326,7.59,2.88
2022-08-20T00:00:00,0.0,0.0,0.0,7.59,2.88
2022-08-20T01:00:00,104.421,73.095,31.326,7.58,2.88
2022-08-20T02:00:00,207.055,144.939,62.117,7.58,2.87
2022-08-20T03:00:00,306.147,214.303,91.844,7.57,2.87
2022-08-20T04:00:00,400.0,280.0,120.0,7.57,2.87
2022-08-20T05:00:00,487.009,340.906,146.103,7.56,2.86
2022-08-20T06:00:00,565.685,395.98,169.706,7.56,2.86
2022-08-20T07:00:00,634.683,444.278,190.405,7.55,2.86
2022-08-20T08:00:00,692.82,484.974,207.846,7.55,2.85
2022-08-20T09:00:00,739.104,517.373,221.731,7.54,2.85
2022-08-20T10:00:00,772.741,540.918,231.822,7.54,2.84
2022-08-20T11:00:00,793.156,555.209,237.947,7.54,2.84
2022-08-20T12:00:00,800.0,560.0,240.0,7.53,2.84
2022-08-20T13:00:00,793.156,555.209,237.947,7.53,2.83
2022-08-20T14:00:00,772.741,540.918,231.822,7.52,2.83
2022-08-20T15:00:00,739.104,517.373,221.731,7.52,2.82
2022-08-20T16:00:00,692.82,484.974,207.846,7.51,2.82
2022-08-20T17:00:00,634.683,444.278,190.405,7.51,2.82
2022-08-20T18:00:00,565.685,395.98,169.706,7.5,2.81
2022-08-20T19:00:00,487.009,340.906,146.103,7.5,2.81
2022-08-20T20:00:00,400.0,280.0,120.0,7.49,2.8
2022-08-20T21:00:00,306.147,214.303,91.844,7.49,2.8
2022-08-20T22:00:00,207.055,144.939,62.117,7.48,2.79
2022-08-20T23:00:00,104.421,73.095,31.326,7.48,2.79
2022-08-21T00:00:00,0.0,0.0,0.0,7.47,2.79
2022-08-21T01:00:00,104.421,73.095,31.326,7.47,2.78
2022-08-21T02:00:00,207.055,144.939,62.117,7.46,2.78
2022-08-21T03:00:00,306.147,214.303,91.844,7.46,2.77
2022-08-21T04:00:00,400.0,280.0,120.0,7.45,2.77
2022-08-21T05:00:00,487.009,340.906,146.103,7.45,2.76
2022-08-21T06:00:00,565.685,395.98,169.706,7.45,2.76
2022-08-21T07:00:00,634.683,444.278,190.405,7.44,2.75
2022-08-21T08:00:00,692.82,484.974,207.846,7.44,2.75
2022-08-21T09:00:00,739.104,517.373,221.731,7.43,2.74
2022-08-21T10:00:00,772.741,540.918,231.822,7.43,2.74
2022-08-21T11:00:00,793.156,555.209,237.947,7.42,2.73
2022-08-21T12:00:00,800.0,560.0,240.0,7.42,2.73
2022-08-21T13:00:00,793.156,555.209,237.947,7.41,2.72
2022-08-21T14:00:00,772.741,540.918,231.822,7.41,2.72
2022-08-21T15:00:00,739.104,517.373,221.731,7.4,2.71
2022-08-21T16:00:00,692.82,484.974,207.846,7.4,2.71
2022-08-21T17:00:00,634.683,444.278,190.405,7.39,2.7
2022-08-21T18:00:00,565.685,395.98,169.706,7.39,2.7
2022-08-21T19:00:00,487.009,340.906,146.103,7.38,2.69
2022-08-21T20:00:00,400.0,280.0,120.0,7.38,2.69
2022-08-21T21:00:00,306.147,214.303,91.844,7.38,2.68
2022-08-21T22:00:00,207.055,144.939,62.117,7.37,2.68
2022-08-21T23:00:00,104.421,73.095,31.326,7.37,2.67
2022-08-22T00:00:00,0.0,0.0,0.0,7.36,2.67
2022-08-22T01:00:00,104.421,73.095,31.326,7.36,2.66
2022-08-22T02:00:00,207.055,144.939,62.117,7.35,2.66
2022-08-22T03:00:00,306.147,214.303,91.844,7.35,2.65
2022-08-22T04:00:00,400.0,280.0,120.0,7.34,2.65
2022-08-22T05:00:00,487.009,340.906,146.103,7.34,2.64
2022-08-22T06:00:00,565.685,395.98,169.706,7.33,2.64
2022-08-22T07:00:00,634.683,444.278,190.405,7.33,2.63
2022-08-22T08:00:00,692.82,484.974,207.846,7.32,2.62
2022-08-22T09:00:00,739.104,517.373,221.731,7.32,2.62
2022-08-22T10:00:00,772.741,540.918,231.822,7.32,2.61
2022-08-22T11:00:00,793.156,555.209,237.947,7.31,2.61
2022-08-22T12:00:00,800.0,560.0,240.0,7.31,2.6
2022-08-22T13:00:00,793.156,555.209,237.947,7.3,2.6
2022-08-22T14:00:00,772.741,540.918,231.822,7.3,2.59
2022-08-22T15:00:00,739.104,517.373,221.731,7.29,2.58
2022-08-22T16:00:00,692.82,484.974,207.846,7.29,2.58
2022-08-22T17:00:00,634.683,444.278,190.405,7.28,2.57
2022-08-22T18:00:00,565.685,395.98,169.706,7.28,2.57
2022-08-22T19:00:00,487.009,340.906,146.103,7.27,2.56
2022-08-22T20:00:00,400.0,280.0,120.0,7.27,2.55
2022-08-22T21:00:00,306.147,214.303,91.844,7.26,2.55
2022-08-22T22:00:00,207.055,144.939,62.117,7.26,2.54
2022-08-22T23:00:00,104.421,73.095,31.326,7.26,2.54
2022-08-23T00:00:00,0.0,0.0,0.0,7.25,2.53
2022-08-23T01:00:00,104.421,73.095,31.326,7.25,2.52
2022-08-23T02:00:00,207.055,144.939,62.117,7.24,2.52
2022-08-23T03:00:00,306.147,214.303,91.844,7.24,2.51
2022-08-23T04:00:00,400.0,280.0,120.0,7.23,2.51
2022-08-23T05:00:00,487.009,340.906,146.103,7.23,2.5
2022-08-23T06:00:00,565.685,395.98,169.706,7.22,2.49
2022-08-23T07:00:00,634.683,444.278,190.405,7.22,2.49
2022-08-23T08:00:00,692.82,484.974,207.846,7.22,2.48
2022-08-23T09:00:00,739.104,517.373,221.731,7.21,2.47
2022-08-23T10:00:00,772.741,540.918,231.822,7.21,2.47
2022-08-23T11:00:00,793.156,555.209,237.947,7.2,2.46
2022-08-23T12:00:00,800.0,560.0,240.0,7.2,2.46
2022-08-23T13:00:00,793.156,555.209,237.947,7.19,2.45
2022-08-23T14:00:00,772.741,540.918,231.822,7.19,2.44
2022-08-23T15:00:00,739.104,517.373,221.731,7.18,2.44
2022-08-23T16:00:00,692.82,484.974,207.846,7.18,2.43
2022-08-23T17:00:00,634.683,444.278,190.405,7.17,2.42
2022-08-23T18:00:00,565.685,395.98,169.706,7.17,2.42
2022-08-23T19:00:00,487.009,340.906,146.103,7.17,2.41
2022-08-23T20:00:00,400.0,280.0,120.0,7.16,2.4
2022-08-23T21:00:00,306.147,214.303,91.844,7.16,2.4
2022-08-23T22:00:00,207.055,144.939,62.117,7.15,2.39
2022-08-23T23:00:00,104.421,73.095,31.326,7.15,2.38
2022-08-24T00:00:00,0.0,0.0,0.0,7.14,2.38
2022-08-24T01:00:00,104.421,73.095,31.326,7.14,2.37
2022-08-24T02:00:00,207.055,144.939,62.117,7.13,2.36
2022-08-24T03:00:00,306.147,214.303,91.844,7.13,2.36
2022-08-24T04:00:00,400.0,280.0,120.0,7.13,2.35
2022-08-24T05:00:00,487.009,340.906,146.103,7.12,2.34
2022-08-24T06:00:00,565.685,395.98,169.706,7.12,2.34
2022-08-24T07:00:00,634.683,444.278,190.405,7.11,2.33
2022-08-24T08:00:00,692.82,484.974,207.846,7.11,2.32
2022-08-24T09:00:00,739.104,517.373,221.731,7.1,2.32
2022-08-24T10:00:00,772.741,540.918,231.822,7.1,2.31
2022-08-24T11:00:00,793.156,555.209,237.947,7.09,2.3
2022-08-24T12:00:00,800.0,560.0,240.0,7.09,2.3
2022-08-24T13:00:00,793.156,555.209,237.947,7.09,2.29
2022-08-24T14:00:00,772.741,540.918,231.822,7.08,2.28
2022-08-24T15:00:00,739.104,517.373,221.731,7.08,2.28
2022-08-24T16:00:00,692.82,484.974,207.846,7.07,2.27
2022-08-24T17:00:00,634.683,444.278,190.405,7.07,2.26
2022-08-24T18:00:00,565.685,395.98,169.706,7.06,2.26
2022-08-24T19:00:00,487.009,340.906,146.103,7.06,2.25
2022-08-24T20:00:00,400.0,280.0,120.0,7.06,2.24
2022-08-24T21:00:00,306.147,214.303,91.844,7.05,2.23
2022-08-24T22:00:00,207.055,144.939,62.117,7.05,2.23
2022-08-24T23:00:00,104.421,73.095,31.326,7.04,2.22
2022-08-25T00:00:00,0.0,0.0,0.0,7.04,2.21
2022-08-25T01:00:00,104.421,73.095,31.326,7.03,2.21
2022-08-25T02:00:00,207.055,144.939,62.117,7.03,2.2
2022-08-25T03:00:00,306.147,214.303,91.844,7.03,2.19
2022-08-25T04:00:00,400.0,280.0,120.0,7.02,2.19
2022-08-25T05:00:00,487.009,340.906,146.103,7.02,2.18
2022-08-25T06:00:00,565.685,395.98,169.706,7.01,2.17
2022-08-25T07:00:00,634.683,444.278,190.405,7.01,2.16
2022-08-25T08:00:00,692.82,484.974,207.846,7.0,2.16
2022-08-25T09:00:00,739.104,517.373,221.731,7.0,2.15
2022-08-25T10:00:00,772.741,540.918,231.822,6.99,2.14
2022-08-25T11:00:00,793.156,555.209,237.947,6.99,2.14
2022-08-25T12:00:00,800.0,560.0,240.0,6.99,2.13
2022-08-25T13:00:00,793.156,555.209,237.947,6.98,2.12
2022-08-25T14:00:00,772.741,540.918,231.822,6.98,2.11
2022-08-25T15:00:00,739.104,517.373,221.731,6.97,2.11
2022-08-25T16:00:00,692.82,484.974,207.846,6.97,2.1
2022-08-25T17:00:00,634.683,444.278,190.405,6.96,2.09
2022-08-25T18:00:00,565.685,395.98,169.706,6.96,2.09
2022-08-25T19:00:00,487.009,340.906,146.103,6.96,2.08
2022-08-25T20:00:00,400.0,280.0,120.0,6.95,2.07
2022-08-25T21:00:00,306.147,214.303,91.844,6.95,2.06
2022-08-25T22:00:00,207.055,144.939,62.117,6.94,2.06
2022-08-25T23:00:00,104.421,73.095,31.326,6.94,2.05
2022-08-26T00:00:00,0.0,0.0,0.0,6.94,2.04
2022-08-26T01:00:00,104.421,73.095,31.326,6.93,2.04
2022-08-26T02:00:00,207.055,144.939,62.117,6.93,2.03
2022-08-26T03:00:00,306.147,214.303,91.844,6.92,2.02
2022-08-26T04:00:00,400.0,280.0,120.0,6.92,2.01
2022-08-26T05:00:00,487.009,340.906,146.103,6.91,2.01
2022-08-26T06:00:00,565.685,395.98,169.706,6.91,2.0
2022-08-26T07:00:00,634.683,444.278,190.405,6.91,2.01
2022-08-26T08:00:00,692.82,484.974,207.846,6.9,2.01
2022-08-26T09:00:00,739.104,517.373,221.731,6.9,2.02
2022-08-26T10:00:00,772.741,540.918,231.822,6.89,2.03
2022-08-26T11:00:00,793.156,555.209,237.947,6.89,2.04
2022-08-26T12:00:00,800.0,560.0,240.0,6.88,2.04
2022-08-26T13:00:00,793.156,555.209,237.947,6.88,2.05
2022-08-26T14:00:00,772.741,540.918,231.822,6.88,2.06
2022-08-26T15:00:00,739.104,517.373,221.731,6.87,2.06
2022-08-26T16:00:00,692.82,484.974,207.846,6.87,2.07
2022-08-26T17:00:00,634.683,444.278,190.405,6.86,2.08
2022-08-26T18:00:00,565.685,395.98,169.706,6.86,2.09
2022-08-26T19:00:00,487.009,340.906,146.103,6.86,2.09
2022-08-26T20:00:00,400.0,280.0,120.0,6.85,2.1
2022-08-26T21:00:00,306.147,214.303,91.844,6.85,2.11
2022-08-26T22:00:00,207.055,144.939,62.117,6.84,2.11
2022-08-26T23:00:00,104.421,73.095,31.326,6.84,2.12
2022-08-27T00:00:00,0.0,0.0,0.0,6.83,2.13
2022-08-27T01:00:00,104.421,73.095,31.326,6.83,2.14
2022-08-27T02:00:00,207.055,144.939,62.117,6.83,2.14
2022-08-27T03:00:00,306.147,214.303,91.844,6.82,2.15
2022-08-27T04:00:00,400.0,280.0,120.0,6.82,2.16
2022-08-27T05:00:00,487.009,340.906,146.103,6.81,2.16
2022-08-27T06:00:00,565.685,395.98,169.706,6.81,2.17
2022-08-27T07:00:00,634.683,444.278,190.405,6.81,2.18
2022-08-27T08:00:00,692.82,484.974,207.846,6.8,2.19
2022-08-27T09:00:00,739.104,517.373,221.731,6.8,2.19
2022-08-27T10:00:00,772.741,540.918,231.822,6.79,2.2
2022-08-27T11:00:00,793.156,555.209,237.947,6.79,2.21
2022-08-27T12:00:00,800.0,560.0,240.0,6.79,2.21
2022-08-27T13:00:00,793.156,555.209,237.947,6.78,2.22
2022-08-27T14:00:00,772.741,540.918,231.822,6.78,2.23
2022-08-27T15:00:00,739.104,517.373,221.731,6.77,2.23
2022-08-27T16:00:00,692.82,484.974,207.846,6.77,2.24
2022-08-27T17:00:00,634.683,444.278,190.405,6.76,2.25
2022-08-27T18:00:00,565.685,395.98,169.706,6.76,2.26
2022-08-27T19:00:00,487.009,340.906,146.103,6.76,2.26
2022-08-27T20:00:00,400.0,280.0,120.0,6.75,2.27
2022-08-27T21:00:00,306.147,214.303,91.844,6.75,2.28
2022-08-27T22:00:00,207.055,144.939,62.117,6.74,2.28
2022-08-27T23:00:00,104.421,73.095,31.326,6.74,2.29
2022-08-28T00:00:00,0.0,0.0,0.0,6.74,2.3
2022-08-28T01:00:00,104.421,73.095,31.326,6.73,2.3
2022-08-28T02:00:00,207.055,144.939,62.117,6.73,2.31
2022-08-28T03:00:00,306.147,214.303,91.844,6.72,2.32
2022-08-28T04:00:00,400.0,280.0,120.0,6.72,2.32
2022-08-28T05:00:00,487.009,340.906,146.103,6.72,2.33
2022-08-28T06:00:00,565.685,395.98,169.706,6.71,2.34
2022-08-28T07:00:00,634.683,444.278,190.405,6.71,2.34
2022-08-28T08:00:00,692.82,484.974,207.846,6.7,2.35
2022-08-28T09:00:00,739.104,517.373,221.731,6.7,2.36
2022-08-28T10:00:00,772.741,540.918,231.822,6.7,2.36
2022-08-28T11:00:00,793.156,555.209,237.947,6.69,2.37
2022-08-28T12:00:00,800.0,560.0,240.0,6.69,2.38
2022-08-28T13:00:00,793.156,555.209,237.947,6.68,2.38
2022-08-28T14:00:00,772.741,540.918,231.822,6.68,2.39
2022-08-28T15:00:00,739.104,517.373,221.731,6.68,2.4
2022-08-28T16:00:00,692.82,484.974,207.846,6.67,2.4
2022-08-28T17:00:00,634.683,444.278,190.405,6.67,2.41
2022-08-28T18:00:00,565.685,395.98,169.706,6.66,2.42
2022-08-28T19:00:00,487.009,340.906,146.103,6.66,2.42
2022-08-28T20:00:00,400.0,280.0,120.0,6.66,2.43
2022-08-28T21:00:00,306.147,214.303,91.844,6.65,2.44
2022-08-28T22:00:00,207.055,144.939,62.117,6.65,2.44
2022-08-28T23:00:00,104.421,73.095,31.326,6.64,2.45
2022-08-29T00:00:00,0.0,0.0,0.0,6.64,2.46
2022-08-29T01:00:00,104.421,73.095,31.326,6.64,2.46
2022-08-29T02:00:00,207.055,144.939,62.117,6.63,2.47
2022-08-29T03:00:00,306.147,214.303,91.844,6.63,2.47
2022-08-29T04:00:00,400.0,280.0,120.0,6.63,2.48
2022-08-29T05:00:00,487.009,340.906,146.103,6.62,2.49
2022-08-29T06:00:00,565.685,395.98,169.706,6.62,2.49
2022-08-29T07:00:00,634.683,444.278,190.405,6.61,2.5
2022-08-29T08:00:00,692.82,484.974,207.846,6.61,2.51
2022-08-29T09:00:00,739.104,517.373,221.731,6.61,2.51
2022-08-29T10:00:00,772.741,540.918,231.822,6.6,2.52
2022-08-29T11:00:00,793.156,555.209,237.947,6.6,2.52
2022-08-29T12:00:00,800.0,560.0,240.0,6.59,2.53
2022-08-29T13:00:00,793.156,555.209,237.947,6.59,2.54
2022-08-29T14:00:00,772.741,540.918,231.822,6.59,2.54
2022-08-29T15:00:00,739.104,517.373,221.731,6.58,2.55
2022-08-29T16:00:00,692.82,484.974,207.846,6.58,2.55
2022-08-29T17:00:00,634.683,444.278,190.405,6.57,2.56
2022-08-29T18:00:00,565.685,395.98,169.706,6.57,2.57
2022-08-29T19:00:00,487.009,340.906,146.103,6.57,2.57
2022-08-29T20:00:00,400.0,280.0,120.0,6.56,2.58
2022-08-29T21:00:00,306.147,214.303,91.844,6.56,2.58
2022-08-29T22:00:00,207.055,144.939,62.117,6.56,2.59
2022-08-29T23:00:00,104.421,73.095,31.326,6.55,2.6
2022-08-30T00:00:00,0.0,0.0,0.0,6.55,2.6
2022-08-30T01:00:00,104.421,73.095,31.326,6.54,2.61
2022-08-30T02:00:00,207.055,144.939,62.117,6.54,2.61
2022-08-30T03:00:00,306.147,214.303,91.844,6.54,2.62
2022-08-30T04:00:00,400.0,280.0,120.0,6.53,2.62
2022-08-30T05:00:00,487.009,340.906,146.103,6.53,2.63
2022-08-30T06:00:00,565.685,395.98,169.706,6.52,2.64
2022-08-30T07:00:00,634.683,444.278,190.405,6.52,2.64
2022-08-30T08:00:00,692.82,484.974,207.846,6.52,2.65
2022-08-30T09:00:00,739.104,517.373,221.731,6.51,2.65
2022-08-30T10:00:00,772.741,540.918,231.822,6.51,2.66
2022-08-30T11:00:00,793.156,555.209,237.947,6.51,2.66
2022-08-30T12:00:00,800.0,560.0,240.0,6.5,2.67
2022-08-30T13:00:00,793.156,555.209,237.947,6.5,2.67
2022-08-30T14:00:00,772.741,540.918,231.822,6.49,2.68
2022-08-30T15:00:00,739.104,517.373,221.731,6.49,2.68
2022-08-30T16:00:00,692.82,484.974,207.846,6.49,2.69
2022-08-30T17:00:00,634.683,444.278,190.405,6.48,2.69
2022-08-30T18:00:00,565.685,395.98,169.706,6.48,2.7
2022-08-30T19:00:00,487.009,340.906,146.103,6.48,2.7
2022-08-30T20:00:00,400.0,280.0,120.0,6.47,2.71
2022-08-30T21:00:00,306.147,214.303,91.844,6.47,2.71
2022-08-30T22:00:00,207.055,144.939,62.117,6.46,2.72
2022-08-30T23:00:00,104.421,73.095,31.326,6.46,2.72
2022-08-31T00:00:00,0.0,0.0,0.0,6.46,2.73
2022-08-31T01:00:00,104.421,73.095,31.326,6.45,2.73
2022-08-31T02:00:00,207.055,144.939,62.117,6.45,2.74
2022-08-31T03:00:00,306.147,214.303,91.844,6.45,2.74
2022-08-31T04:00:00,400.0,280.0,120.0,6.44,2.75
2022-08-31T05:00:00,487.009,340.906,146.103,6.44,2.75
2022-08-31T06:00:00,565.685,395.98,169.706,6.43,2.76
2022-08-31T07:00:00,634.683,444.278,190.405,6.43,2.76
2022-08-31T08:00:00,692.82,484.974,207.846,6.43,2.77
2022-08-31T09:00:00,739.104,517.373,221.731,6.42,2.77
2022-08-31T10:00:00,772.741,540.918,231.822,6.42,2.78
2022-08-31T11:00:00,793.156,555.209,237.947,6.42,2.78
2022-08-31T12:00:00,800.0,560.0,240.0,6.41,2.79
2022-08-31T13:00:00,793.156,555.209,237.947,6.41,2.79
2022-08-31T14:00:00,772.741,540.918,231.822,6.41,2.79
2022-08-31T15:00:00,739.104,517.373,221.731,6.4,2.8
2022-08-31T16:00:00,692.82,484.974,207.846,6.4,2.8
2022-08-31T17:00:00,634.683,444.278,190.405,6.39,2.81
2022-08-31T18:00:00,565.685,395.98,169.706,6.39,2.81
2022-08-31T19:00:00,487.009,340.906,146.103,6.39,2.82
2022-08-31T20:00:00,400.0,280.0,120.0,6.38,2.82
2022-08-31T21:00:00,306.147,214.303,91.844,6.38,2.82
2022-08-31T22:00:00,207.055,144.939,62.117,6.38,2.83
2022-08-31T23:00:00,104.421,73.095,31.326,6.37,2.83
2022-09-01T00:00:00,0.0,0.0,0.0,6.37,2.84
2022-09-01T01:00:00,104.421,73.095,31.326,6.36,2.84
2022-09-01T02:00:00,207.055,144.939,62.117,6.36,2.84
2022-09-01T03:00:00,306.147,214.303,91.844,6.36,2.85
2022-09-01T04:00:00,400.0,280.0,120.0,6.35,2.85
2022-09-01T05:00:00,487.009,340.906,146.103,6.35,2.86
2022-09-01T06:00:00,565.685,395.98,169.706,6.35,2.86
2022-09-01T07:00:00,634.683,444.278,190.405,6.34,2.86
2022-09-01T08:00:00,692.82,484.974,207.846,6.34,2.87
2022-09-01T09:00:00,739.104,517.373,221.731,6.34,2.87
2022-09-01T10:00:00,772.741,540.918,231.822,6.33,2.87
2022-09-01T11:00:00,793.156,555.209,237.947,6.33,2.88
2022-09-01T12:00:00,800.0,560.0,240.0,6.33,2.88
2022-09-01T13:00:00,793.156,555.209,237.947,6.32,2.88
2022-09-01T14:00:00,772.741,540.918,231.822,6.32,2.89
2022-09-01T15:00:00,739.104,517.373,221.731,6.31,2.89
2022-09-01T16:00:00,692.82,484.974,207.846,6.31,2.89
2022-09-01T17:00:00,634.683,444.278,190.405,6.31,2.9
2022-09-01T18:00:00,565.685,395.98,169.706,6.3,2.9
2022-09-01T19:00:00,487.009,340.906,146.103,6.3,2.9
2022-09-01T20:00:00,400.0,280.0,120.0,6.3,2.91
2022-09-01T21:00:00,306.147,214.303,91.844,6.29,2.91
2022-09-01T22:00:00,207.055,144.939,62.117,6.29,2.91
2022-09-01T23:00:00,104.421,73.095,31.326,6.29,2.91
2022-09-02T00:00:00,0.0,0.0,0.0,6.28,2.92
2022-09-02T01:00:00,104.421,73.095,31.326,6.28,2.92
2022-09-02T02:00:00,207.055,144.939,62.117,6.28,2.92
2022-09-02T03:00:00,306.147,214.303,91.844,6.27,2.93
2022-09-02T04:00:00,400.0,280.0,120.0,6.27,2.93
2022-09-02T05:00:00,487.009,340.906,146.103,6.27,2.93
2022-09-02T06:00:00,565.685,395.98,169.706,6.26,2.93
2022-09-02T07:00:00,634.683,444.278,190.405,6.26,2.94
2022-09-02T08:00:00,692.82,484.974,207.846,6.25,2.94
2022-09-02T09:00:00,739.104,517.373,221.731,6.25,2.94
2022-09-02T10:00:00,772.741,540.918,231.822,6.25,2.94
2022-09-02T11:00:00,793.156,555.209,237.947,6.24,2.95
2022-09-02T12:00:00,800.0,560.0,240.0,6.24,2.95
2022-09-02T13:00:00,793.156,555.209,237.947,6.24,2.95
2022-09-02T14:00:00,772.741,540.918,231.822,6.23,2.95
2022-09-02T15:00:00,739.104,517.373,221.731,6.23,2.95
2022-09-02T16:00:00,692.82,484.974,207.846,6.23,2.96
2022-09-02T17:00:00,634.683,444.278,190.405,6.22,2.96
2022-09-02T18:00:00,565.685,395.98,169.706,6.22,2.96
2022-09-02T19:00:00,487.009,340.906,146.103,6.22,2.96
2022-09-02T20:00:00,400.0,280.0,120.0,6.21,2.96
2022-09-02T21:00:00,306.147,214.303,91.844,6.21,2.97
2022-09-02T22:00:00,207.055,144.939,62.117,6.21,2.97
2022-09-02T23:00:00,104.421,73.095,31.326,6.2,2.97
2022-09-03T00:00:00,0.0,0.0,0.0,6.2,2.97
2022-09-03T01:00:00,104.421,73.095,31.326,6.2,2.97
2022-09-03T02:00:00,207.055,144.939,62.117,6.19,2.98
2022-09-03T03:00:00,306.147,214.303,91.844,6.19,2.98
2022-09-03T04:00:00,400.0,280.0,120.0,6.19,2.98
2022-09-03T05:00:00,487.009,340.906,146.103,6.18,2.98
2022-09-03T06:00:00,565.685,395.98,169.706,6.18,2.98
2022-09-03T07:00:00,634.683,444.278,190.405,6.18,2.98
2022-09-03T08:00:00,692.82,484.974,207.846,6.17,2.98
2022-09-03T09:00:00,739.104,517.373,221.731,6.17,2.99
2022-09-03T10:00:00,772.741,540.918,231.822,6.17,2.99
2022-09-03T11:00:00,793.156,555.209,237.947,6.16,2.99
2022-09-03T12:00:00,800.0,560.0,240.0,6.16,2.99
2022-09-03T13:00:00,793.156,555.209,237.947,6.16,2.99
2022-09-03T14:00:00,772.741,540.918,231.822,6.15,2.99
2022-09-03T15:00:00,739.104,517.373,221.731,6.15,2.99
2022-09-03T16:00:00,692.82,484.974,207.846,6.15,2.99
2022-09-03T17:00:00,634.683,444.278,190.405,6.14,2.99
2022-09-03T18:00:00,565.685,395.98,169.706,6.14,2.99
2022-09-03T19:00:00,487.009,340.906,146.103,6.14,2.99
2022-09-03T20:00:00,400.0,280.0,120.0,6.13,3.0
2022-09-03T21:00:00,306.147,214.303,91.844,6.13,3.0
2022-09-03T22:00:00,207.055,144.939,62.117,6.13,3.0
2022-09-03T23:00:00,104.421,73.095,31.326,6.12,3.0
2022-09-04T00:00:00,0.0,0.0,0.0,6.12,3.0
2022-09-04T01:00:00,104.421,73.095,31.326,6.12,3.0
2022-09-04T02:00:00,207.055,144.939,62.117,6.11,3.0
2022-09-04T03:00:00,306.147,214.303,91.844,6.11,3.0
2022-09-04T04:00:00,400.0,280.0,120.0,6.11,3.0
2022-09-04T05:00:00,487.009,340.906,146.103,6.1,3.0
2022-09-04T06:00:00,565.685,395.98,169.706,6.1,3.0
2022-09-04T07:00:00,634.683,444.278,190.405,6.1,3.0
2022-09-04T08:00:00,692.82,484.974,207.846,6.09,3.0
2022-09-04T09:00:00,739.104,517.373,221.731,6.09,3.0
2022-09-04T10:00:00,772.741,540.918,231.822,6.09,3.0
2022-09-04T11:00:00,793.156,555.209,237.947,6.08,3.0
2022-09-04T12:00:00,800.0,560.0,240.0,6.08,3.0
2022-09-04T13:00:00,793.156,555.209,237.947,6.08,3.0
2022-09-04T14:00:00,772.741,540.918,231.822,6.07,3.0
2022-09-04T15:00:00,739.104,517.373,221.731,6.07,3.0
2022-09-04T16:00:00,692.82,484.974,207.846,6.07,3.0
2022-09-04T17:00:00,634.683,444.278,190.405,6.06,3.0
2022-09-04T18:00:00,565.685,395.98,169.706,6.06,3.0
2022-09-04T19:00:00,487.009,340.906,146.103,6.06,3.0
2022-09-04T20:00:00,400.0,280.0,120.0,6.05,3.0
2022-09-04T21:00:00,306.147,214.303,91.844,6.05,3.0
2022-09-04T22:00:00,207.055,144.939,62.117,6.05,3.0
2022-09-04T23:00:00,104.421,73.095,31.326,6.04,2.99
2022-09-05T00:00:00,0.0,0.0,0.0,6.04,2.99
2022-09-05T01:00:00,104.421,73.095,31.326,6.04,2.99
2022-09-05T02:00:00,207.055,144.939,62.117,6.04,2.99
2022-09-05T03:00:00,306.147,214.303,91.844,6.03,2.99
2022-09-05T04:00:00,400.0,280.0,120.0,6.03,2.99
2022-09-05T05:00:00,487.009,340.906,146.103,6.03,2.99
2022-09-05T06:00:00,565.685,395.98,169.706,6.02,2.99
2022-09-05T07:00:00,634.683,444.278,190.405,6.02,2.99
2022-09-05T08:00:00,692.82,484.974,207.846,6.02,2.99
2022-09-05T09:00:00,739.104,517.373,221.731,6.01,2.99
2022-09-05T10:00:00,772.741,540.918,231.822,6.01,2.98
2022-09-05T11:00:00,793.156,555.209,237.947,6.01,2.98
2022-09-05T12:00:00,800.0,560.0,240.0,6.0,2.98
2022-09-05T13:00:00,793.156,555.209,237.947,6.0,2.98
2022-09-05T14:00:00,772.741,540.918,231.822,6.0,2.98
2022-09-05T15:00:00,739.104,517.373,221.731,5.99,2.98
2022-09-05T16:00:00,692.82,484.974,207.846,5.99,2.98
2022-09-05T17:00:00,634.683,444.278,190.405,5.99,2.97
2022-09-05T18:00:00,565.685,395.98,169.706,5.98,2.97
2022-09-05T19:00:00,487.009,340.906,146.103,5.98,2.97
2022-09-05T20:00:00,400.0,280.0,120.0,5.98,2.97
2022-09-05T21:00:00,306.147,214.303,91.844,5.98,2.97
2022-09-05T22:00:00,207.055,144.939,62.117,5.97,2.96
2022-09-05T23:00:00,104.421,73.095,31.326,5.97,2.96
2022-09-06T00:00:00,0.0,0.0,0.0,5.97,2.96
2022-09-06T01:00:00,104.421,73.095,31.326,5.96,2.96
2022-09-06T02:00:00,207.055,144.939,62.117,5.96,2.96
2022-09-06T03:00:00,306.147,214.303,91.844,5.96,2.95
2022-09-06T04:00:00,400.0,280.0,120.0,5.95,2.95
2022-09-06T05:00:00,487.009,340.906,146.103,5.95,2.95
2022-09-06T06:00:00,565.685,395.98,169.706,5.95,2.95
2022-09-06T07:00:00,634.683,444.278,190.405,5.95,2.95
2022-09-06T08:00:00,692.82,484.974,207.846,5.94,2.94
2022-09-06T09:00:00,739.104,517.373,221.731,5.94,2.94
2022-09-06T10:00:00,772.741,540.918,231.822,5.94,2.94
2022-09-06T11:00:00,793.156,555.209,237.947,5.93,2.94
2022-09-06T12:00:00,800.0,560.0,240.0,5.93,2.93
2022-09-06T13:00:00,793.156,555.209,237.947,5.93,2.93
2022-09-06T14:00:00,772.741,540.918,231.822,5.92,2.93
2022-09-06T15:00:00,739.104,517.373,221.731,5.92,2.93
2022-09-06T16:00:00,692.82,484.974,207.846,5.92,2.92
2022-09-06T17:00:00,634.683,444.278,190.405,5.91,2.92
2022-09-06T18:00:00,565.685,395.98,169.706,5.91,2.92
2022-09-06T19:00:00,487.009,340.906,146.103,5.91,2.91
2022-09-06T20:00:00,400.0,280.0,120.0,5.91,2.91
2022-09-06T21:00:00,306.147,214.303,91.844,5.9,2.91
2022-09-06T22:00:00,207.055,144.939,62.117,5.9,2.91
2022-09-06T23:00:00,104.421,73.095,31.326,5.9,2.9
2022-09-07T00:00:00,0.0,0.0,0.0,5.89,2.9
2022-09-07T01:00:00,104.421,73.095,31.326,5.89,2.9
2022-09-07T02:00:00,207.055,144.939,62.117,5.89,2.89
2022-09-07T03:00:00,306.147,214.303,91.844,5.89,2.89
2022-09-07T04:00:00,400.0,280.0,120.0,5.88,2.89
2022-09-07T05:00:00,487.009,340.906,146.103,5.88,2.88
2022-09-07T06:00:00,565.685,395.98,169.706,5.88,2.88
2022-09-07T07:00:00,634.683,444.278,190.405,5.87,2.88
2022-09-07T08:00:00,692.82,484.974,207.846,5.87,2.87
2022-09-07T09:00:00,739.104,517.373,221.731,5.87,2.87
2022-09-07T10:00:00,772.741,540.918,231.822,5.86,2.87
2022-09-07T11:00:00,793.156,555.209,237.947,5.86,2.86
2022-09-07T12:00:00,800.0,560.0,240.0,5.86,2.86
2022-09-07T13:00:00,793.156,555.209,237.947,5.86,2.86
2022-09-07T14:00:00,772.741,540.918,231.822,5.85,2.85
2022-09-07T15:00:00,739.104,517.373,221.731,5.85,2.85
2022-09-07T16:00:00,692.82,484.974,207.846,5.85,2.84
2022-09-07T17:00:00,634.683,444.278,190.405,5.84,2.84
2022-09-07T18:00:00,565.685,395.98,169.706,5.84,2.84
2022-09-07T19:00:00,487.009,340.906,146.103,5.84,2.83
2022-09-07T20:00:00,400.0,280.0,120.0,5.84,2.83
2022-09-07T21:00:00,306.147,214.303,91.844,5.83,2.82
2022-09-07T22:00:00,207.055,144.939,62.117,5.83,2.82
2022-09-07T23:00:00,104.421,73.095,31.326,5.83,2.82
2022-09-08T00:00:00,0.0,0.0,0.0,5.82,2.81
2022-09-08T01:00:00,104.421,73.095,31.326,5.82,2.81
2022-09-08T02:00:00,207.055,144.939,62.117,5.82,2.8
2022-09-08T03:00:00,306.147,214.303,91.844,5.82,2.8
2022-09-08T04:00:00,400.0,280.0,120.0,5.81,2.79
2022-09-08T05:00:00,487.009,340.906,146.103,5.81,2.79
2022-09-08T06:00:00,565.685,395.98,169.706,5.81,2.79
2022-09-08T07:00:00,634.683,444.278,190.405,5.8,2.78
2022-09-08T08:00:00,692.82,484.974,207.846,5.8,2.78
2022-09-08T09:00:00,739.104,517.373,221.731,5.8,2.77
2022-09-08T10:00:00,772.741,540.918,231.822,5.8,2.77
2022-09-08T11:00:00,793.156,555.209,237.947,5.79,2.76
2022-09-08T12:00:00,800.0,560.0,240.0,5.79,2.76
2022-09-08T13:00:00,793.156,555.209,237.947,5.79,2.75
2022-09-08T14:00:00,772.741,540.918,231.822,5.78,2.75
2022-09-08T15:00:00,739.104,517.373,221.731,5.78,2.74
2022-09-08T16:00:00,692.82,484.974,207.846,5.78,2.74
2022-09-08T17:00:00,634.683,444.278,190.405,5.78,2.73
2022-09-08T18:00:00,565.685,395.98,169.706,5.77,2.73
2022-09-08T19:00:00,487.009,340.906,146.103,5.77,2.72
2022-09-08T20:00:00,400.0,280.0,120.0,5.77,2.72
2022-09-08T21:00:00,306.147,214.303,91.844,5.77,2.71
2022-09-08T22:00:00,207.055,144.939,62.117,5.76,2.71
2022-09-08T23:00:00,104.421,73.095,31.326,5.76,2.7
2022-09-09T00:00:00,0.0,0.0,0.0,5.76,2.7
2022-09-09T01:00:00,104.421,73.095,31.326,5.75,2.69
2022-09-09T02:00:00,207.055,144.939,62.117,5.75,2.69
2022-09-09T03:00:00,306.147,214.303,91.844,5.75,2.68
2022-09-09T04:00:00,400.0,280.0,120.0,5.75,2.68
2022-09-09T05:00:00,487.009,340.906,146.103,5.74,2.67
2022-09-09T06:00:00,565.685,395.98,169.706,5.74,2.67
2022-09-09T07:00:00,634.683,444.278,190.405,5.74,2.66
2022-09-09T08:00:00,692.82,484.974,207.846,5.74,2.66
2022-09-09T09:00:00,739.104,517.373,221.731,5.73,2.65
2022-09-09T10:00:00,772.741,540.918,231.822,5.73,2.65
2022-09-09T11:00:00,793.156,555.209,237.947,5.73,2.64
2022-09-09T12:00:00,800.0,560.0,240.0,5.72,2.64
2022-09-09T13:00:00,793.156,555.209,237.947,5.72,2.63
2022-09-09T14:00:00,772.741,540.918,231.822,5.72,2.62
2022-09-09T15:00:00,739.104,517.373,221.731,5.72,2.62
2022-09-09T16:00:00,692.82,484.974,207.846,5.71,2.61
2022-09-09T17:00:00,634.683,444.278,190.405,5.71,2.61
2022-09-09T18:00:00,565.685,395.98,169.706,5.71,2.6
2022-09-09T19:00:00,487.009,340.906,146.103,5.71,2.6
2022-09-09T20:00:00,400.0,280.0,120.0,5.7,2.59
2022-09-09T21:00:00,306.147,214.303,91.844,5.7,2.58
2022-09-09T22:00:00,207.055,144.939,62.117,5.7,2.58
2022-09-09T23:00:00,104.421,73.095,31.326,5.7,2.57
2022-09-10T00:00:00,0.0,0.0,0.0,5.69,2.57
2022-09-10T01:00:00,104.421,73.095,31.326,5.69,2.56
2022-09-10T02:00:00,207.055,144.939,62.117,5.69,2.55
2022-09-10T03:00:00,306.147,214.303,91.844,5.68,2.55
2022-09-10T04:00:00,400.0,280.0,120.0,5.68,2.54
2022-09-10T05:00:00,487.009,340.906,146.103,5.68,2.54
2022-09-10T06:00:00,565.685,395.98,169.706,5.68,2.53
2022-09-10T07:00:00,634.683,444.278,190.405,5.67,2.52
2022-09-10T08:00:00,692.82,484.974,207.846,5.67,2.52
2022-09-10T09:00:00,739.104,517.373,221.731,5.67,2.51
2022-09-10T10:00:00,772.741,540.918,231.822,5.67,2.51
2022-09-10T11:00:00,793.156,555.209,237.947,5.66,2.5
2022-09-10T12:00:00,800.0,560.0,240.0,5.66,2.49
2022-09-10T13:00:00,793.156,555.209,237.947,5.66,2.49
2022-09-10T14:00:00,772.741,540.918,231.822,5.66,2.48
2022-09-10T15:00:00,739.104,517.373,221.731,5.65,2.47
2022-09-10T16:00:00,692.82,484.974,207.846,5.65,2.47
2022-09-10T17:00:00,634.683,444.278,190.405,5.65,2.46
2022-09-10T18:00:00,565.685,395.98,169.706,5.65,2.46
2022-09-10T19:00:00,487.009,340.906,146.103,5.64,2.45
2022-09-10T20:00:00,400.0,280.0,120.0,5.64,2.44
2022-09-10T21:00:00,306.147,214.303,91.844,5.64,2.44
2022-09-10T22:00:00,207.055,144.939,62.117,5.64,2.43
2022-09-10T23:00:00,104.421,73.095,31.326,5.63,2.42
2022-09-11T00:00:00,0.0,0.0,0.0,5.63,2.42
2022-09-11T01:00:00,104.421,73.095,31.326,5.63,2.41
2022-09-11T02:00:00,207.055,144.939,62.117,5.63,2.4
2022-09-11T03:00:00,306.147,214.303,91.844,5.62,2.4
2022-09-11T04:00:00,400.0,280.0,120.0,5.62,2.39
2022-09-11T05:00:00,487.009,340.906,146.103,5.62,2.38
2022-09-11T06:00:00,565.685,395.98,169.706,5.62,2.38
2022-09-11T07:00:00,634.683,444.278,190.405,5.61,2.37
2022-09-11T08:00:00,692.82,484.974,207.846,5.61,2.36
2022-09-11T09:00:00,739.104,517.373,221.731,5.61,2.36
2022-09-11T10:00:00,772.741,540.918,231.822,5.61,2.35
2022-09-11T11:00:00,793.156,555.209,237.947,5.6,2.34
2022-09-11T12:00:00,800.0,560.0,240.0,5.6,2.34
2022-09-11T13:00:00,793.156,555.209,237.947,5.6,2.33
2022-09-11T14:00:00,772.741,540.918,231.822,5.6,2.32
2022-09-11T15:00:00,739.104,517.373,221.731,5.59,2.32
2022-09-11T16:00:00,692.82,484.974,207.846,5.59,2.31
2022-09-11T17:00:00,634.683,444.278,190.405,5.59,2.3
2022-09-11T18:00:00,565.685,395.98,169.706,5.59,2.3
2022-09-11T19:00:00,487.009,340.906,146.103,5.58,2.29
2022-09-11T20:00:00,400.0,280.0,120.0,5.58,2.28
2022-09-11T21:00:00,306.147,214.303,91.844,5.58,2.28
2022-09-11T22:00:00,207.055,144.939,62.117,5.58,2.27
2022-09-11T23:00:00,104.421,73.095,31.326,5.57,2.26
2022-09-12T00:00:00,0.0,0.0,0.0,5.57,2.26
2022-09-12T01:00:00,104.421,73.095,31.326,5.57,2.25
2022-09-12T02:00:00,207.055,144.939,62.117,5.57,2.24
2022-09-12T03:00:00,306.147,214.303,91.844,5.57,2.23
2022-09-12T04:00:00,400.0,280.0,120.0,5.56,2.23
2022-09-12T05:00:00,487.009,340.906,146.103,5.56,2.22
2022-09-12T06:00:00,565.685,395.98,169.706,5.56,2.21
2022-09-12T07:00:00,634.683,444.278,190.405,5.56,2.21
2022-09-12T08:00:00,692.82,484.974,207.846,5.55,2.2
2022-09-12T09:00:00,739.104,517.373,221.731,5.55,2.19
2022-09-12T10:00:00,772.741,540.918,231.822,5.55,2.19
2022-09-12T11:00:00,793.156,555.209,237.947,5.55,2.18
2022-09-12T12:00:00,800.0,560.0,240.0,5.54,2.17
2022-09-12T13:00:00,793.156,555.209,237.947,5.54,2.16
2022-09-12T14:00:00,772.741,540.918,231.822,5.54,2.16
2022-09-12T15:00:00,739.104,517.373,221.731,5.54,2.15
2022-09-12T16:00:00,692.82,484.974,207.846,5.53,2.14
2022-09-12T17:00:00,634.683,444.278,190.405,5.53,2.14
2022-09-12T18:00:00,565.685,395.98,169.706,5.53,2.13
2022-09-12T19:00:00,487.009,340.906,146.103,5.53,2.12
2022-09-12T20:00:00,400.0,280.0,120.0,5.53,2.11
2022-09-12T21:00:00,306.147,214.303,91.844,5.52,2.11
2022-09-12T22:00:00,207.055,144.939,62.117,5.52,2.1
2022-09-12T23:00:00,104.421,73.095,31.326,5.52,2.09
2022-09-13T00:00:00,0.0,0.0,0.0,5.52,2.09
2022-09-13T01:00:00,104.421,73.095,31.326,5.51,2.08
2022-09-13T02:00:00,207.055,144.939,62.117,5.51,2.07
2022-09-13T03:00:00,306.147,214.303,91.844,5.51,2.06
2022-09-13T04:00:00,400.0,280.0,120.0,5.51,2.06
2022-09-13T05:00:00,487.009,340.906,146.103,5.51,2.05
2022-09-13T06:00:00,565.685,395.98,169.706,5.5,2.04
2022-09-13T07:00:00,634.683,444.278,190.405,5.5,2.04
2022-09-13T08:00:00,692.82,484.974,207.846,5.5,2.03
2022-09-13T09:00:00,739.104,517.373,221.731,5.5,2.02
2022-09-13T10:00:00,772.741,540.918,231.822,5.49,2.01
2022-09-13T11:00:00,793.156,555.209,237.947,5.49,2.01
2022-09-13T12:00:00,800.0,560.0,240.0,5.49,2.0
2022-09-13T13:00:00,793.156,555.209,237.947,5.49,2.01
2022-09-13T14:00:00,772.741,540.918,231.822,5.49,2.01
2022-09-13T15:00:00,739.104,517.373,221.731,5.48,2.02
2022-09-13T16:00:00,692.82,484.974,207.846,5.48,2.03
2022-09-13T17:00:00,634.683,444.278,190.405,5.48,2.04
2022-09-13T18:00:00,565.685,395.98,169.706,5.48,2.04
2022-09-13T19:00:00,487.009,340.906,146.103,5.47,2.05
2022-09-13T20:00:00,400.0,280.0,120.0,5.47,2.06
2022-09-13T21:00:00,306.147,214.303,91.844,5.47,2.06
2022-09-13T22:00:00,207.055,144.939,62.117,5.47,2.07
2022-09-13T23:00:00,104.421,73.095,31.326,5.47,2.08
2022-09-14T00:00:00,0.0,0.0,0.0,5.46,2.09
2022-09-14T01:00:00,104.421,73.095,31.326,5.46,2.09
2022-09-14T02:00:00,207.055,144.939,62.117,5.46,2.1
2022-09-14T03:00:00,306.147,214.303,91.844,5.46,2.11
2022-09-14T04:00:00,400.0,280.0,120.0,5.45,2.11
2022-09-14T05:00:00,487.009,340.906,146.103,5.45,2.12
2022-09-14T06:00:00,565.685,395.98,169.706,5.45,2.13
2022-09-14T07:00:00,634.683,444.278,190.405,5.45,2.14
2022-09-14T08:00:00,692.82,484.974,207.846,5.45,2.14
2022-09-14T09:00:00,739.104,517.373,221.731,5.44,2.15
2022-09-14T10:00:00,772.741,540.918,231.822,5.44,2.16
2022-09-14T11:00:00,793.156,555.209,237.947,5.44,2.16
2022-09-14T12:00:00,800.0,560.0,240.0,5.44,2.17
2022-09-14T13:00:00,793.156,555.209,237.947,5.44,2.18
2022-09-14T14:00:00,772.741,540.918,231.822,5.43,2.19
2022-09-14T15:00:00,739.104,517.373,221.731,5.43,2.19
2022-09-14T16:00:00,692.82,484.974,207.846,5.43,2.2
2022-09-14T17:00:00,634.683,444.278,190.405,5.43,2.21
2022-09-14T18:00:00,565.685,395.98,169.706,5.43,2.21
2022-09-14T19:00:00,487.009,340.906,146.103,5.42,2.22
2022-09-14T20:00:00,400.0,280.0,120.0,5.42,2.23
2022-09-14T21:00:00,306.147,214.303,91.844,5.42,2.23
2022-09-14T22:00:00,207.055,144.939,62.117,5.42,2.24
2022-09-14T23:00:00,104.421,73.095,31.326,5.41,2.25
2022-09-15T00:00:00,0.0,0.0,0.0,5.41,2.26
2022-09-15T01:00:00,104.421,73.095,31.326,5.41,2.26
2022-09-15T02:00:00,207.055,144.939,62.117,5.41,2.27
2022-09-15T03:00:00,306.147,214.303,91.844,5.41,2.28
2022-09-15T04:00:00,400.0,280.0,120.0,5.4,2.28
2022-09-15T05:00:00,487.009,340.906,146.103,5.4,2.29
2022-09-15T06:00:00,565.685,395.98,169.706,5.4,2.3
2022-09-15T07:00:00,634.683,444.278,190.405,5.4,2.3
2022-09-15T08:00:00,692.82,484.974,207.846,5.4,2.31
2022-09-15T09:00:00,739.104,517.373,221.731,5.39,2.32
2022-09-15T10:00:00,772.741,540.918,231.822,5.39,2.32
2022-09-15T11:00:00,793.156,555.209,237.947,5.39,2.33
2022-09-15T12:00:00,800.0,560.0,240.0,5.39,2.34
2022-09-15T13:00:00,793.156,555.209,237.947,5.39,2.34
2022-09-15T14:00:00,772.741,540.918,231.822,5.38,2.35
2022-09-15T15:00:00,739.104,517.373,221.731,5.38,2.36
2022-09-15T16:00:00,692.82,484.974,207.846,5.38,2.36
2022-09-15T17:00:00,634.683,444.278,190.405,5.38,2.37
2022-09-15T18:00:00,565.685,395.98,169.706,5.38,2.38
2022-09-15T19:00:00,487.009,340.906,146.103,5.37,2.38
2022-09-15T20:00:00,400.0,280.0,120.0,5.37,2.39
2022-09-15T21:00:00,306.147,214.303,91.844,5.37,2.4
2022-09-15T22:00:00,207.055,144.939,62.117,5.37,2.4
2022-09-15T23:00:00,104.421,73.095,31.326,5.37,2.41
2022-09-16T00:00:00,0.0,0.0,0.0,5.37,2.42
2022-09-16T01:00:00,104.421,73.095,31.326,5.36,2.42
2022-09-16T02:00:00,207.055,144.939,62.117,5.36,2.43
2022-09-16T03:00:00,306.147,214.303,91.844,5.36,2.44
2022-09-16T04:00:00,400.0,280.0,120.0,5.36,2.44
2022-09-16T05:00:00,487.009,340.906,146.103,5.36,2.45
2022-09-16T06:00:00,565.685,395.98,169.706,5.35,2.46
2022-09-16T07:00:00,634.683,444.278,190.405,5.35,2.46
2022-09-16T08:00:00,692.82,484.974,207.846,5.35,2.47
2022-09-16T09:00:00,739.104,517.373,221.731,5.35,2.47
2022-09-16T10:00:00,772.741,540.918,231.822,5.35,2.48
2022-09-16T11:00:00,793.156,555.209,237.947,5.34,2.49
2022-09-16T12:00:00,800.0,560.0,240.0,5.34,2.49
2022-09-16T13:00:00,793.156,555.209,237.947,5.34,2.5
2022-09-16T14:00:00,772.741,540.918,231.822,5.34,2.51
2022-09-16T15:00:00,739.104,517.373,221.731,5.34,2.51
2022-09-16T16:00:00,692.82,484.974,207.846,5.34,2.52
2022-09-16T17:00:00,634.683,444.278,190.405,5.33,2.52
2022-09-16T18:00:00,565.685,395.98,169.706,5.33,2.53
2022-09-16T19:00:00,487.009,340.906,146.103,5.33,2.54
2022-09-16T20:00:00,400.0,280.0,120.0,5.33,2.54
2022-09-16T21:00:00,306.147,214.303,91.844,5.33,2.55
2022-09-16T22:00:00,207.055,144.939,62.117,5.32,2.55
2022-09-16T23:00:00,104.421,73.095,31.326,5.32,2.56
2022-09-17T00:00:00,0.0,0.0,0.0,5.32,2.57
2022-09-17T01:00:00,104.421,73.095,31.326,5.32,2.57
2022-09-17T02:00:00,207.055,144.939,62.117,5.32,2.58
2022-09-17T03:00:00,306.147,214.303,91.844,5.32,2.58
2022-09-17T04:00:00,400.0,280.0,120.0,5.31,2.59
2022-09-17T05:00:00,487.009,340.906,146.103,5.31,2.6
2022-09-17T06:00:00,565.685,395.98,169.706,5.31,2.6
2022-09-17T07:00:00,634.683,444.278,190.405,5.31,2.61
2022-09-17T08:00:00,692.82,484.974,207.846,5.31,2.61
2022-09-17T09:00:00,739.104,517.373,221.731,5.3,2.62
2022-09-17T10:00:00,772.741,540.918,231.822,5.3,2.62
2022-09-17T11:00:00,793.156,555.209,237.947,5.3,2.63
2022-09-17T12:00:00,800.0,560.0,240.0,5.3,2.64
2022-09-17T13:00:00,793.156,555.209,237.947,5.3,2.64
2022-09-17T14:00:00,772.741,540.918,231.822,5.3,2.65
2022-09-17T15:00:00,739.104,517.373,221.731,5.29,2.65
2022-09-17T16:00:00,692.82,484.974,207.846,5.29,2.66
2022-09-17T17:00:00,634.683,444.278,190.405,5.29,2.66
2022-09-17T18:00:00,565.685,395.98,169.706,5.29,2.67
2022-09-17T19:00:00,487.009,340.906,146.103,5.29,2.67
2022-09-17T20:00:00,400.0,280.0,120.0,5.29,2.68
2022-09-17T21:00:00,306.147,214.303,91.844,5.28,2.68
2022-09-17T22:00:00,207.055,144.939,62.117,5.28,2.69
2022-09-17T23:00:00,104.421,73.095,31.326,5.28,2.69
2022-09-18T00:00:00,0.0,0.0,0.0,5.28,2.7
2022-09-18T01:00:00,104.421,73.095,31.326,5.28,2.7
2022-09-18T02:00:00,207.055,144.939,62.117,5.28,2.71
2022-09-18T03:00:00,306.147,214.303,91.844,5.27,2.71
2022-09-18T04:00:00,400.0,280.0,120.0,5.27,2.72
2022-09-18T05:00:00,487.009,340.906,146.103,5.27,2.72
2022-09-18T06:00:00,565.685,395.98,169.706,5.27,2.73
2022-09-18T07:00:00,634.683,444.278,190.405,5.27,2.73
2022-09-18T08:00:00,692.82,484.974,207.846,5.27,2.74
2022-09-18T09:00:00,739.104,517.373,221.731,5.26,2.74
2022-09-18T10:00:00,772.741,540.918,231.822,5.26,2.75
2022-09-18T11:00:00,793.156,555.209,237.947,5.26,2.75
2022-09-18T12:00:00,800.0,560.0,240.0,5.26,2.76
2022-09-18T13:00:00,793.156,555.209,237.947,5.26,2.76
2022-09-18T14:00:00,772.741,540.918,231.822,5.26,2.77
2022-09-18T15:00:00,739.104,517.373,221.731,5.25,2.77
2022-09-18T16:00:00,692.82,484.974,207.846,5.25,2.78
2022-09-18T17:00:00,634.683,444.278,190.405,5.25,2.78
2022-09-18T18:00:00,565.685,395.98,169.706,5.25,2.79
2022-09-18T19:00:00,487.009,340.906,146.103,5.25,2.79
2022-09-18T20:00:00,400.0,280.0,120.0,5.25,2.79
2022-09-18T21:00:00,306.147,214.303,91.844,5.24,2.8
2022-09-18T22:00:00,207.055,144.939,62.117,5.24,2.8
2022-09-18T23:00:00,104.421,73.095,31.326,5.24,2.81
2022-09-19T00:00:00,0.0,0.0,0.0,5.24,2.81
2022-09-19T01:00:00,104.421,73.095,31.326,5.24,2.82
2022-09-19T02:00:00,207.055,144.939,62.117,5.24,2.82
2022-09-19T03:00:00,306.147,214.303,91.844,5.24,2.82
2022-09-19T04:00:00,400.0,280.0,120.0,5.23,2.83
2022-09-19T05:00:00,487.009,340.906,146.103,5.23,2.83
2022-09-19T06:00:00,565.685,395.98,169.706,5.23,2.84
2022-09-19T07:00:00,634.683,444.278,190.405,5.23,2.84
2022-09-19T08:00:00,692.82,484.974,207.846,5.23,2.84
2022-09-19T09:00:00,739.104,517.373,221.731,5.23,2.85
2022-09-19T10:00:00,772.741,540.918,231.822,5.22,2.85
2022-09-19T11:00:00,793.156,555.209,237.947,5.22,2.86
2022-09-19T12:00:00,800.0,560.0,240.0,5.22,2.86
2022-09-19T13:00:00,793.156,555.209,237.947,5.22,2.86
2022-09-19T14:00:00,772.741,540.918,231.822,5.22,2.87
2022-09-19T15:00:00,739.104,517.373,221.731,5.22,2.87
2022-09-19T16:00:00,692.82,484.974,207.846,5.22,2.87
2022-09-19T17:00:00,634.683,444.278,190.405,5.21,2.88
2022-09-19T18:00:00,565.685,395.98,169.706,5.21,2.88
2022-09-19T19:00:00,487.009,340.906,146.103,5.21,2.88
2022-09-19T20:00:00,400.0,280.0,120.0,5.21,2.89
2022-09-19T21:00:00,306.147,214.303,91.844,5.21,2.89
2022-09-19T22:00:00,207.055,144.939,62.117,5.21,2.89
2022-09-19T23:00:00,104.421,73.095,31.326,5.21,2.9
2022-09-20T00:00:00,0.0,0.0,0.0,5.2,2.9
2022-09-20T01:00:00,104.421,73.095,31.326,5.2,2.9
2022-09-20T02:00:00,207.055,144.939,62.117,5.2,2.91
2022-09-20T03:00:00,306.147,214.303,91.844,5.2,2.91
2022-09-20T04:00:00,400.0,280.0,120.0,5.2,2.91
2022-09-20T05:00:00,487.009,340.906,146.103,5.2,2.91
2022-09-20T06:00:00,565.685,395.98,169.706,5.2,2.92
2022-09-20T07:00:00,634.683,444.278,190.405,5.19,2.92
2022-09-20T08:00:00,692.82,484.974,207.846,5.19,2.92
2022-09-20T09:00:00,739.104,517.373,221.731,5.19,2.93
2022-09-20T10:00:00,772.741,540.918,231.822,5.19,2.93
2022-09-20T11:00:00,793.156,555.209,237.947,5.19,2.93
2022-09-20T12:00:00,800.0,560.0,240.0,5.19,2.93
2022-09-20T13:00:00,793.156,555.209,237.947,5.19,2.94
2022-09-20T14:00:00,772.741,540.918,231.822,5.18,2.94
2022-09-20T15:00:00,739.104,517.373,221.731,5.18,2.94
2022-09-20T16:00:00,692.82,484.974,207.846,5.18,2.94
2022-09-20T17:00:00,634.683,444.278,190.405,5.18,2.95
2022-09-20T18:00:00,565.685,395.98,169.706,5.18,2.95
2022-09-20T19:00:00,487.009,340.906,146.103,5.18,2.95
2022-09-20T20:00:00,400.0,280.0,120.0,5.18,2.95
2022-09-20T21:00:00,306.147,214.303,91.844,5.17,2.95
2022-09-20T22:00:00,207.055,144.939,62.117,5.17,2.96
2022-09-20T23:00:00,104.421,73.095,31.326,5.17,2.96
2022-09-21T00:00:00,0.0,0.0,0.0,5.17,2.96
2022-09-21T01:00:00,104.421,73.095,31.326,5.17,2.96
2022-09-21T02:00:00,207.055,144.939,62.117,5.17,2.96
2022-09-21T03:00:00,306.147,214.303,91.844,5.17,2.97
2022-09-21T04:00:00,400.0,280.0,120.0,5.17,2.97
2022-09-21T05:00:00,487.009,340.906,146.103,5.16,2.97
2022-09-21T06:00:00,565.685,395.98,169.706,5.16,2.97
2022-09-21T07:00:00,634.683,444.278,190.405,5.16,2.97
2022-09-21T08:00:00,692.82,484.974,207.846,5.16,2.98
2022-09-21T09:00:00,739.104,517.373,221.731,5.16,2.98
2022-09-21T10:00:00,772.741,540.918,231.822,5.16,2.98
2022-09-21T11:00:00,793.156,555.209,237.947,5.16,2.98
2022-09-21T12:00:00,800.0,560.0,240.0,5.16,2.98
2022-09-21T13:00:00,793.156,555.209,237.947,5.15,2.98
2022-09-21T14:00:00,772.741,540.918,231.822,5.15,2.98
2022-09-21T15:00:00,739.104,517.373,221.731,5.15,2.99
2022-09-21T16:00:00,692.82,484.974,207.846,5.15,2.99
2022-09-21T17:00:00,634.683,444.278,190.405,5.15,2.99
2022-09-21T18:00:00,565.685,395.98,169.706,5.15,2.99
2022-09-21T19:00:00,487.009,340.906,146.103,5.15,2.99
2022-09-21T20:00:00,400.0,280.0,120.0,5.15,2.99
2022-09-21T21:00:00,306.147,214.303,91.844,5.14,2.99
2022-09-21T22:00:00,207.055,144.939,62.117,5.14,2.99
2022-09-21T23:00:00,104.421,73.095,31.326,5.14,2.99
2022-09-22T00:00:00,0.0,0.0,0.0,5.14,2.99
2022-09-22T01:00:00,104.421,73.095,31.326,5.14,2.99
2022-09-22T02:00:00,207.055,144.939,62.117,5.14,3.0
2022-09-22T03:00:00,306.147,214.303,91.844,5.14,3.0
2022-09-22T04:00:00,400.0,280.0,120.0,5.14,3.0
2022-09-22T05:00:00,487.009,340.906,146.103,5.13,3.0
2022-09-22T06:00:00,565.685,395.98,169.706,5.13,3.0
2022-09-22T07:00:00,634.683,444.278,190.405,5.13,3.0
2022-09-22T08:00:00,692.82,484.974,207.846,5.13,3.0
2022-09-22T09:00:00,739.104,517.373,221.731,5.13,3.0
2022-09-22T10:00:00,772.741,540.918,231.822,5.13,3.0
2022-09-22T11:00:00,793.156,555.209,237.947,5.13,3.0
2022-09-22T12:00:00,800.0,560.0,240.0,5.13,3.0
2022-09-22T13:00:00,793.156,555.209,237.947,5.13,3.0
2022-09-22T14:00:00,772.741,540.918,231.822,5.12,3.0
2022-09-22T15:00:00,739.104,517.373,221.731,5.12,3.0
2022-09-22T16:00:00,692.82,484.974,207.846,5.12,3.0
2022-09-22T17:00:00,634.683,444.278,190.405,5.12,3.0
2022-09-22T18:00:00,565.685,395.98,169.706,5.12,3.0
2022-09-22T19:00:00,487.009,340.906,146.103,5.12,3.0
2022-09-22T20:00:00,400.0,280.0,120.0,5.12,3.0
2022-09-22T21:00:00,306.147,214.303,91.844,5.12,3.0
2022-09-22T22:00:00,207.055,144.939,62.117,5.12,3.0
2022-09-22T23:00:00,104.421,73.095,31.326,5.11,3.0
2022-09-23T00:00:00,0.0,0.0,0.0,5.11,3.0
2022-09-23T01:00:00,104.421,73.095,31.326,5.11,3.0
2022-09-23T02:00:00,207.055,144.939,62.117,5.11,3.0
2022-09-23T03:00:00,306.147,214.303,91.844,5.11,3.0
2022-09-23T04:00:00,400.0,280.0,120.0,5.11,3.0
2022-09-23T05:00:00,487.009,340.906,146.103,5.11,2.99
2022-09-23T06:00:00,565.685,395.98,169.706,5.11,2.99
2022-09-23T07:00:00,634.683,444.278,190.405,5.11,2.99
2022-09-23T08:00:00,692.82,484.974,207.846,5.1,2.99
2022-09-23T09:00:00,739.104,517.373,221.731,5.1,2.99
2022-09-23T10:00:00,772.741,540.918,231.822,5.1,2.99
2022-09-23T11:00:00,793.156,555.209,237.947,5.1,2.99
2022-09-23T12:00:00,800.0,560.0,240.0,5.1,2.99
2022-09-23T13:00:00,793.156,555.209,237.947,5.1,2.99
2022-09-23T14:00:00,772.741,540.918,231.822,5.1,2.99
2022-09-23T15:00:00,739.104,517.373,221.731,5.1,2.99
2022-09-23T16:00:00,692.82,484.974,207.846,5.1,2.98
2022-09-23T17:00:00,634.683,444.278,190.405,5.1,2.98
2022-09-23T18:00:00,565.685,395.98,169.706,5.09,2.98
2022-09-23T19:00:00,487.009,340.906,146.103,5.09,2.98
2022-09-23T20:00:00,400.0,280.0,120.0,5.09,2.98
2022-09-23T21:00:00,306.147,214.303,91.844,5.09,2.98
2022-09-23T22:00:00,207.055,144.939,62.117,5.09,2.98
2022-09-23T23:00:00,104.421,73.095,31.326,5.09,2.97
2022-09-24T00:00:00,0.0,0.0,0.0,5.09,2.97
2022-09-24T01:00:00,104.421,73.095,31.326,5.09,2.97
2022-09-24T02:00:00,207.055,144.939,62.117,5.09,2.97
2022-09-24T03:00:00,306.147,214.303,91.844,5.09,2.97
2022-09-24T04:00:00,400.0,280.0,120.0,5.09,2.96
2022-09-24T05:00:00,487.009,340.906,146.103,5.08,2.96
2022-09-24T06:00:00,565.685,395.98,169.706,5.08,2.96
2022-09-24T07:00:00,634.683,444.278,190.405,5.08,2.96
2022-09-24T08:00:00,692.82,484.974,207.846,5.08,2.96
2022-09-24T09:00:00,739.104,517.373,221.731,5.08,2.95
2022-09-24T10:00:00,772.741,540.918,231.822,5.08,2.95
2022-09-24T11:00:00,793.156,555.209,237.947,5.08,2.95
2022-09-24T12:00:00,800.0,560.0,240.0,5.08,2.95
2022-09-24T13:00:00,793.156,555.209,237.947,5.08,2.95
2022-09-24T14:00:00,772.741,540.918,231.822,5.08,2.94
2022-09-24T15:00:00,739.104,517.373,221.731,5.08,2.94
2022-09-24T16:00:00,692.82,484.974,207.846,5.07,2.94
2022-09-24T17:00:00,634.683,444.278,190.405,5.07,2.94
2022-09-24T18:00:00,565.685,395.98,169.706,5.07,2.93
2022-09-24T19:00:00,487.009,340.906,146.103,5.07,2.93
2022-09-24T20:00:00,400.0,280.0,120.0,5.07,2.93
2022-09-24T21:00:00,306.147,214.303,91.844,5.07,2.93
2022-09-24T22:00:00,207.055,144.939,62.117,5.07,2.92
2022-09-24T23:00:00,104.421,73.095,31.326,5.07,2.92
2022-09-25T00:00:00,0.0,0.0,0.0,5.07,2.92
2022-09-25T01:00:00,104.421,73.095,31.326,5.07,2.91
2022-09-25T02:00:00,207.055,144.939,62.117,5.07,2.91
2022-09-25T03:00:00,306.147,214.303,91.844,5.06,2.91
2022-09-25T04:00:00,400.0,280.0,120.0,5.06,2.91
2022-09-25T05:00:00,487.009,340.906,146.103,5.06,2.9
2022-09-25T06:00:00,565.685,395.98,169.706,5.06,2.9
2022-09-25T07:00:00,634.683,444.278,190.405,5.06,2.9
2022-09-25T08:00:00,692.82,484.974,207.846,5.06,2.89
2022-09-25T09:00:00,739.104,517.373,221.731,5.06,2.89
2022-09-25T10:00:00,772.741,540.918,231.822,5.06,2.89
2022-09-25T11:00:00,793.156,555.209,237.947,5.06,2.88
2022-09-25T12:00:00,800.0,560.0,240.0,5.06,2.88
2022-09-25T13:00:00,793.156,555.209,237.947,5.06,2.88
2022-09-25T14:00:00,772.741,540.918,231.822,5.06,2.87
2022-09-25T15:00:00,739.104,517.373,221.731,5.06,2.87
2022-09-25T16:00:00,692.82,484.974,207.846,5.05,2.87
2022-09-25T17:00:00,634.683,444.278,190.405,5.05,2.86
2022-09-25T18:00:00,565.685,395.98,169.706,5.05,2.86
2022-09-25T19:00:00,487.009,340.906,146.103,5.05,2.86
2022-09-25T20:00:00,400.0,280.0,120.0,5.05,2.85
2022-09-25T21:00:00,306.147,214.303,91.844,5.05,2.85
2022-09-25T22:00:00,207.055,144.939,62.117,5.05,2.84
2022-09-25T23:00:00,104.421,73.095,31.326,5.05,2.84
2022-09-26T00:00:00,0.0,0.0,0.0,5.05,2.84
2022-09-26T01:00:00,104.421,73.095,31.326,5.05,2.83
2022-09-26T02:00:00,207.055,144.939,62.117,5.05,2.83
2022-09-26T03:00:00,306.147,214.303,91.844,5.05,2.82
2022-09-26T04:00:00,400.0,280.0,120.0,5.05,2.82
2022-09-26T05:00:00,487.009,340.906,146.103,5.05,2.82
2022-09-26T06:00:00,565.685,395.98,169.706,5.04,2.81
2022-09-26T07:00:00,634.683,444.278,190.405,5.04,2.81
2022-09-26T08:00:00,692.82,484.974,207.846,5.04,2.8
2022-09-26T09:00:00,739.104,517.373,221.731,5.04,2.8
2022-09-26T10:00:00,772.741,540.918,231.822,5.04,2.79
2022-09-26T11:00:00,793.156,555.209,237.947,5.04,2.79
2022-09-26T12:00:00,800.0,560.0,240.0,5.04,2.79
2022-09-26T13:00:00,793.156,555.209,237.947,5.04,2.78
2022-09-26T14:00:00,772.741,540.918,231.822,5.04,2.78
2022-09-26T15:00:00,739.104,517.373,221.731,5.04,2.77
2022-09-26T16:00:00,692.82,484.974,207.846,5.04,2.77
2022-09-26T17:00:00,634.683,444.278,190.405,5.04,2.76
2022-09-26T18:00:00,565.685,395.98,169.706,5.04,2.76
2022-09-26T19:00:00,487.009,340.906,146.103,5.04,2.75
2022-09-26T20:00:00,400.0,280.0,120.0,5.04,2.75
2022-09-26T21:00:00,306.147,214.303,91.844,5.04,2.74
2022-09-26T22:00:00,207.055,144.939,62.117,5.03,2.74
2022-09-26T23:00:00,104.421,73.095,31.326,5.03,2.73
2022-09-27T00:00:00,0.0,0.0,0.0,5.03,2.73
2022-09-27T01:00:00,104.421,73.095,31.326,5.03,2.72
2022-09-27T02:00:00,207.055,144.939,62.117,5.03,2.72
2022-09-27T03:00:00,306.147,214.303,91.844,5.03,2.71
2022-09-27T04:00:00,400.0,280.0,120.0,5.03,2.71
2022-09-27T05:00:00,487.009,340.906,146.103,5.03,2.7
2022-09-27T06:00:00,565.685,395.98,169.706,5.03,2.7
2022-09-27T07:00:00,634.683,444.278,190.405,5.03,2.69
2022-09-27T08:00:00,692.82,484.974,207.846,5.03,2.69
2022-09-27T09:00:00,739.104,517.373,221.731,5.03,2.68
2022-09-27T10:00:00,772.741,540.918,231.822,5.03,2.68
2022-09-27T11:00:00,793.156,555.209,237.947,5.03,2.67
2022-09-27T12:00:00,800.0,560.0,240.0,5.03,2.67
2022-09-27T13:00:00,793.156,555.209,237.947,5.03,2.66
2022-09-27T14:00:00,772.741,540.918,231.822,5.03,2.66
2022-09-27T15:00:00,739.104,517.373,221.731,5.03,2.65
2022-09-27T16:00:00,692.82,484.974,207.846,5.02,2.65
2022-09-27T17:00:00,634.683,444.278,190.405,5.02,2.64
2022-09-27T18:00:00,565.685,395.98,169.706,5.02,2.64
2022-09-27T19:00:00,487.009,340.906,146.103,5.02,2.63
2022-09-27T20:00:00,400.0,280.0,120.0,5.02,2.62
2022-09-27T21:00:00,306.147,214.303,91.844,5.02,2.62
2022-09-27T22:00:00,207.055,144.939,62.117,5.02,2.61
2022-09-27T23:00:00,104.421,73.095,31.326,5.02,2.61
2022-09-28T00:00:00,0.0,0.0,0.0,5.02,2.6
2022-09-28T01:00:00,104.421,73.095,31.326,5.02,2.6
2022-09-28T02:00:00,207.055,144.939,62.117,5.02,2.59
2022-09-28T03:00:00,306.147,214.303,91.844,5.02,2.58
2022-09-28T04:00:00,400.0,280.0,120.0,5.02,2.58
2022-09-28T05:00:00,487.009,340.906,146.103,5.02,2.57
2022-09-28T06:00:00,565.685,395.98,169.706,5.02,2.57
2022-09-28T07:00:00,634.683,444.278,190.405,5.02,2.56
2022-09-28T08:00:00,692.82,484.974,207.846,5.02,2.55
2022-09-28T09:00:00,739.104,517.373,221.731,5.02,2.55
2022-09-28T10:00:00,772.741,540.918,231.822,5.02,2.54
2022-09-28T11:00:00,793.156,555.209,237.947,5.02,2.54
2022-09-28T12:00:00,800.0,560.0,240.0,5.02,2.53
2022-09-28T13:00:00,793.156,555.209,237.947,5.02,2.52
2022-09-28T14:00:00,772.741,540.918,231.822,5.01,2.52
2022-09-28T15:00:00,739.104,517.373,221.731,5.01,2.51
2022-09-28T16:00:00,692.82,484.974,207.846,5.01,2.51
2022-09-28T17:00:00,634.683,444.278,190.405,5.01,2.5
2022-09-28T18:00:00,565.685,395.98,169.706,5.01,2.49
2022-09-28T19:00:00,487.009,340.906,146.103,5.01,2.49
2022-09-28T20:00:00,400.0,280.0,120.0,5.01,2.48
2022-09-28T21:00:00,306.147,214.303,91.844,5.01,2.47
2022-09-28T22:00:00,207.055,144.939,62.117,5.01,2.47
2022-09-28T23:00:00,104.421,73.095,31.326,5.01,2.46
2022-09-29T00:00:00,0.0,0.0,0.0,5.01,2.46
2022-09-29T01:00:00,104.421,73.095,31.326,5.01,2.45
2022-09-29T02:00:00,207.055,144.939,62.117,5.01,2.44
2022-09-29T03:00:00,306.147,214.303,91.844,5.01,2.44
2022-09-29T04:00:00,400.0,280.0,120.0,5.01,2.43
2022-09-29T05:00:00,487.009,340.906,146.103,5.01,2.42
2022-09-29T06:00:00,565.685,395.98,169.706,5.01,2.42
2022-09-29T07:00:00,634.683,444.278,190.405,5.01,2.41
2022-09-29T08:00:00,692.82,484.974,207.846,5.01,2.4
2022-09-29T09:00:00,739.104,517.373,221.731,5.01,2.4
2022-09-29T10:00:00,772.741,540.918,231.822,5.01,2.39
2022-09-29T11:00:00,793.156,555.209,237.947,5.01,2.38
2022-09-29T12:00:00,800.0,560.0,240.0,5.01,2.38
2022-09-29T13:00:00,793.156,555.209,237.947,5.01,2.37
2022-09-29T14:00:00,772.741,540.918,231.822,5.01,2.36
2022-09-29T15:00:00,739.104,517.373,221.731,5.01,2.36
2022-09-29T16:00:00,692.82,484.974,207.846,5.01,2.35
2022-09-29T17:00:00,634.683,444.278,190.405,5.01,2.34
2022-09-29T18:00:00,565.685,395.98,169.706,5.01,2.34
2022-09-29T19:00:00,487.009,340.906,146.103,5.01,2.33
2022-09-29T20:00:00,400.0,280.0,120.0,5.01,2.32
2022-09-29T21:00:00,306.147,214.303,91.844,5.01,2.32
2022-09-29T22:00:00,207.055,144.939,62.117,5.0,2.31
2022-09-29T23:00:00,104.421,73.095,31.326,5.0,2.3
2022-09-30T00:00:00,0.0,0.0,0.0,5.0,2.3
2022-09-30T01:00:00,104.421,73.095,31.326,5.0,2.29
2022-09-30T02:00:00,207.055,144.939,62.117,5.0,2.28
2022-09-30T03:00:00,306.147,214.303,91.844,5.0,2.28
2022-09-30T04:00:00,400.0,280.0,120.0,5.0,2.27
2022-09-30T05:00:00,487.009,340.906,146.103,5.0,2.26
2022-09-30T06:00:00,565.685,395.98,169.706,5.0,2.26
2022-09-30T07:00:00,634.683,444.278,190.405,5.0,2.25
2022-09-30T08:00:00,692.82,484.974,207.846,5.0,2.24
2022-09-30T09:00:00,739.104,517.373,221.731,5.0,2.23
2022-09-30T10:00:00,772.741,540.918,231.822,5.0,2.23
2022-09-30T11:00:00,793.156,555.209,237.947,5.0,2.22
2022-09-30T12:00:00,800.0,560.0,240.0,5.0,2.21
2022-09-30T13:00:00,793.156,555.209,237.947,5.0,2.21
2022-09-30T14:00:00,772.741,540.918,231.822,5.0,2.2
2022-09-30T15:00:00,739.104,517.373,221.731,5.0,2.19
2022-09-30T16:00:00,692.82,484.974,207.846,5.0,2.19
2022-09-30T17:00:00,634.683,444.278,190.405,5.0,2.18
2022-09-30T18:00:00,565.685,395.98,169.706,5.0,2.17
2022-09-30T19:00:00,487.009,340.906,146.103,5.0,2.16
2022-09-30T20:00:00,400.0,280.0,120.0,5.0,2.16
2022-09-30T21:00:00,306.147,214.303,91.844,5.0,2.15
2022-09-30T22:00:00,207.055,144.939,62.117,5.0,2.14
2022-09-30T23:00:00,104.421,73.095,31.326,5.0,2.14
2022-10-01T00:00:00,0.0,0.0,0.0,5.0,2.13
2022-10-01T01:00:00,104.421,73.095,31.326,5.0,2.12
2022-10-01T02:00:00,207.055,144.939,62.117,5.0,2.11
2022-10-01T03:00:00,306.147,214.303,91.844,5.0,2.11
2022-10-01T04:00:00,400.0,280.0,120.0,5.0,2.1
2022-10-01T05:00:00,487.009,340.906,146.103,5.0,2.09
2022-10-01T06:00:00,565.685,395.98,169.706,5.0,2.09
2022-10-01T07:00:00,634.683,444.278,190.405,5.0,2.08
2022-10-01T08:00:00,692.82,484.974,207.846,5.0,2.07
2022-10-01T09:00:00,739.104,517.373,221.731,5.0,2.06
2022-10-01T10:00:00,772.741,540.918,231.822,5.0,2.06
2022-10-01T11:00:00,793.156,555.209,237.947,5.0,2.05
2022-10-01T12:00:00,800.0,560.0,240.0,5.0,2.04
2022-10-01T13:00:00,793.156,555.209,237.947,5.0,2.04
2022-10-01T14:00:00,772.741,540.918,231.822,5.0,2.03
2022-10-01T15:00:00,739.104,517.373,221.731,5.0,2.02
2022-10-01T16:00:00,692.82,484.974,207.846,5.0,2.01
2022-10-01T17:00:00,634.683,444.278,190.405,5.0,2.01
2022-10-01T18:00:00,565.685,395.98,169.706,5.0,2.0
2022-10-01T19:00:00,487.009,340.906,146.103,5.0,2.01
2022-10-01T20:00:00,400.0,280.0,120.0,5.0,2.01
2022-10-01T21:00:00,306.147,214.303,91.844,5.0,2.02
2022-10-01T22:00:00,207.055,144.939,62.117,5.0,2.03
2022-10-01T23:00:00,104.421,73.095,31.326,5.0,2.04
2022-10-02T00:00:00,0.0,0.0,0.0,5.0,2.04
2022-10-02T01:00:00,104.421,73.095,31.326,5.0,2.05
2022-10-02T02:00:00,207.055,144.939,62.117,5.0,2.06
2022-10-02T03:00:00,306.147,214.303,91.844,5.0,2.06
2022-10-02T04:00:00,400.0,280.0,120.0,5.0,2.07
2022-10-02T05:00:00,487.009,340.906,146.103,5.0,2.08
2022-10-02T06:00:00,565.685,395.98,169.706,5.0,2.09
2022-10-02T07:00:00,634.683,444.278,190.405,5.0,2.09
2022-10-02T08:00:00,692.82,484.974,207.846,5.0,2.1
2022-10-02T09:00:00,739.104,517.373,221.731,5.0,2.11
2022-10-02T10:00:00,772.741,540.918,231.822,5.0,2.11
2022-10-02T11:00:00,793.156,555.209,237.947,5.0,2.12
2022-10-02T12:00:00,800.0,560.0,240.0,5.0,2.13
2022-10-02T13:00:00,793.156,555.209,237.947,5.0,2.14
2022-10-02T14:00:00,772.741,540.918,231.822,5.0,2.14
2022-10-02T15:00:00,739.104,517.373,221.731,5.0,2.15
2022-10-02T16:00:00,692.82,484.974,207.846,5.0,2.16
2022-10-02T17:00:00,634.683,444.278,190.405,5.0,2.16
2022-10-02T18:00:00,565.685,395.98,169.706,5.0,2.17
2022-10-02T19:00:00,487.009,340.906,146.103,5.0,2.18
2022-10-02T20:00:00,400.0,280.0,120.0,5.0,2.19
2022-10-02T21:00:00,306.147,214.303,91.844,5.0,2.19
2022-10-02T22:00:00,207.055,144.939,62.117,5.0,2.2
2022-10-02T23:00:00,104.421,73.095,31.326,5.0,2.21
2022-10-03T00:00:00,0.0,0.0,0.0,5.0,2.21
2022-10-03T01:00:00,104.421,73.095,31.326,5.0,2.22
2022-10-03T02:00:00,207.055,144.939,62.117,5.0,2.23
2022-10-03T03:00:00,306.147,214.303,91.844,5.0,2.23
2022-10-03T04:00:00,400.0,280.0,120.0,5.0,2.24
2022-10-03T05:00:00,487.009,340.906,146.103,5.0,2.25
2022-10-03T06:00:00,565.685,395.98,169.706,5.0,2.26
2022-10-03T07:00:00,634.683,444.278,190.405,5.0,2.26
2022-10-03T08:00:00,692.82,484.974,207.846,5.0,2.27
2022-10-03T09:00:00,739.104,517.373,221.731,5.0,2.28
2022-10-03T10:00:00,772.741,540.918,231.822,5.0,2.28
2022-10-03T11:00:00,793.156,555.209,237.947,5.0,2.29
2022-10-03T12:00:00,800.0,560.0,240.0,5.0,2.3
2022-10-03T13:00:00,793.156,555.209,237.947,5.0,2.3
2022-10-03T14:00:00,772.741,540.918,231.822,5.0,2.31
2022-10-03T15:00:00,739.104,517.373,221.731,5.01,2.32
2022-10-03T16:00:00,692.82,484.974,207.846,5.01,2.32
2022-10-03T17:00:00,634.683,444.278,190.405,5.01,2.33
2022-10-03T18:00:00,565.685,395.98,169.706,5.01,2.34
2022-10-03T19:00:00,487.009,340.906,146.103,5.01,2.34
2022-10-03T20:00:00,400.0,280.0,120.0,5.01,2.35
2022-10-03T21:00:00,306.147,214.303,91.844,5.01,2.36
2022-10-03T22:00:00,207.055,144.939,62.117,5.01,2.36
2022-10-03T23:00:00,104.421,73.095,31.326,5.01,2.37
2022-10-04T00:00:00,0.0,0.0,0.0,5.01,2.38
2022-10-04T01:00:00,104.421,73.095,31.326,5.01,2.38
2022-10-04T02:00:00,207.055,144.939,62.117,5.01,2.39
2022-10-04T03:00:00,306.147,214.303,91.844,5.01,2.4
2022-10-04T04:00:00,400.0,280.0,120.0,5.01,2.4
2022-10-04T05:00:00,487.009,340.906,146.103,5.01,2.41
2022-10-04T06:00:00,565.685,395.98,169.706,5.01,2.42
2022-10-04T07:00:00,634.683,444.278,190.405,5.01,2.42
2022-10-04T08:00:00,692.82,484.974,207.846,5.01,2.43
2022-10-04T09:00:00,739.104,517.373,221.731,5.01,2.44
2022-10-04T10:00:00,772.741,540.918,231.822,5.01,2.44
2022-10-04T11:00:00,793.156,555.209,237.947,5.01,2.45
2022-10-04T12:00:00,800.0,560.0,240.0,5.01,2.46
2022-10-04T13:00:00,793.156,555.209,237.947,5.01,2.46
2022-10-04T14:00:00,772.741,540.918,231.822,5.01,2.47
2022-10-04T15:00:00,739.104,517.373,221.731,5.01,2.47
2022-10-04T16:00:00,692.82,484.974,207.846,5.01,2.48
2022-10-04T17:00:00,634.683,444.278,190.405,5.01,2.49
2022-10-04T18:00:00,565.685,395.98,169.706,5.01,2.49
2022-10-04T19:00:00,487.009,340.906,146.103,5.01,2.5
2022-10-04T20:00:00,400.0,280.0,120.0,5.01,2.51
2022-10-04T21:00:00,306.147,214.303,91.844,5.01,2.51
2022-10-04T22:00:00,207.055,144.939,62.117,5.01,2.52
2022-10-04T23:00:00,104.421,73.095,31.326,5.02,2.52
2022-10-05T00:00:00,0.0,0.0,0.0,5.02,2.53
2022-10-05T01:00:00,104.421,73.095,31.326,5.02,2.54
2022-10-05T02:00:00,207.055,144.939,62.117,5.02,2.54
2022-10-05T03:00:00,306.147,214.303,91.844,5.02,2.55
2022-10-05T04:00:00,400.0,280.0,120.0,5.02,2.55
2022-10-05T05:00:00,487.009,340.906,146.103,5.02,2.56
2022-10-05T06:00:00,565.685,395.98,169.706,5.02,2.57
2022-10-05T07:00:00,634.683,444.278,190.405,5.02,2.57
2022-10-05T08:00:00,692.82,484.974,207.846,5.02,2.58
2022-10-05T09:00:00,739.104,517.373,221.731,5.02,2.58
2022-10-05T10:00:00,772.741,540.918,231.822,5.02,2.59
2022-10-05T11:00:00,793.156,555.209,237.947,5.02,2.6
2022-10-05T12:00:00,800.0,560.0,240.0,5.02,2.6
2022-10-05T13:00:00,793.156,555.209,237.947,5.02,2.61
2022-10-05T14:00:00,772.741,540.918,231.822,5.02,2.61
2022-10-05T15:00:00,739.104,517.373,221.731,5.02,2.62
2022-10-05T16:00:00,692.82,484.974,207.846,5.02,2.62
2022-10-05T17:00:00,634.683,444.278,190.405,5.02,2.63
2022-10-05T18:00:00,565.685,395.98,169.706,5.02,2.64
2022-10-05T19:00:00,487.009,340.906,146.103,5.02,2.64
2022-10-05T20:00:00,400.0,280.0,120.0,5.02,2.65
2022-10-05T21:00:00,306.147,214.303,91.844,5.03,2.65
2022-10-05T22:00:00,207.055,144.939,62.117,5.03,2.66
2022-10-05T23:00:00,104.421,73.095,31.326,5.03,2.66
2022-10-06T00:00:00,0.0,0.0,0.0,5.03,2.67
2022-10-06T01:00:00,104.421,73.095,31.326,5.03,2.67
2022-10-06T02:00:00,207.055,144.939,62.117,5.03,2.68
2022-10-06T03:00:00,306.147,214.303,91.844,5.03,2.68
2022-10-06T04:00:00,400.0,280.0,120.0,5.03,2.69
2022-10-06T05:00:00,487.009,340.906,146.103,5.03,2.69
2022-10-06T06:00:00,565.685,395.98,169.706,5.03,2.7
2022-10-06T07:00:00,634.683,444.278,190.405,5.03,2.7
2022-10-06T08:00:00,692.82,484.974,207.846,5.03,2.71
2022-10-06T09:00:00,739.104,517.373,221.731,5.03,2.71
2022-10-06T10:00:00,772.741,540.918,231.822,5.03,2.72
2022-10-06T11:00:00,793.156,555.209,237.947,5.03,2.72
2022-10-06T12:00:00,800.0,560.0,240.0,5.03,2.73
2022-10-06T13:00:00,793.156,555.209,237.947,5.03,2.73
2022-10-06T14:00:00,772.741,540.918,231.822,5.03,2.74
2022-10-06T15:00:00,739.104,517.373,221.731,5.04,2.74
2022-10-06T16:00:00,692.82,484.974,207.846,5.04,2.75
2022-10-06T17:00:00,634.683,444.278,190.405,5.04,2.75
2022-10-06T18:00:00,565.685,395.98,169.706,5.04,2.76
2022-10-06T19:00:00,487.009,340.906,146.103,5.04,2.76
2022-10-06T20:00:00,400.0,280.0,120.0,5.04,2.77
2022-10-06T21:00:00,306.147,214.303,91.844,5.04,2.77
2022-10-06T22:00:00,207.055,144.939,62.117,5.04,2.78
2022-10-06T23:00:00,104.421,73.095,31.326,5.04,2.78
2022-10-07T00:00:00,0.0,0.0,0.0,5.04,2.79
2022-10-07T01:00:00,104.421,73.095,31.326,5.04,2.79
2022-10-07T02:00:00,207.055,144.939,62.117,5.04,2.79
2022-10-07T03:00:00,306.147,214.303,91.844,5.04,2.8
2022-10-07T04:00:00,400.0,280.0,120.0,5.04,2.8
2022-10-07T05:00:00,487.009,340.906,146.103,5.04,2.81
2022-10-07T06:00:00,565.685,395.98,169.706,5.04,2.81
2022-10-07T07:00:00,634.683,444.278,190.405,5.05,2.82
2022-10-07T08:00:00,692.82,484.974,207.846,5.05,2.82
2022-10-07T09:00:00,739.104,517.373,221.731,5.05,2.82
2022-10-07T10:00:00,772.741,540.918,231.822,5.05,2.83
2022-10-07T11:00:00,793.156,555.209,237.947,5.05,2.83
2022-10-07T12:00:00,800.0,560.0,240.0,5.05,2.84
2022-10-07T13:00:00,793.156,555.209,237.947,5.05,2.84
2022-10-07T14:00:00,772.741,540.918,231.822,5.05,2.84
2022-10-07T15:00:00,739.104,517.373,221.731,5.05,2.85
2022-10-07T16:00:00,692.82,484.974,207.846,5.05,2.85
2022-10-07T17:00:00,634.683,444.278,190.405,5.05,2.86
2022-10-07T18:00:00,565.685,395.98,169.706,5.05,2.86
2022-10-07T19:00:00,487.009,340.906,146.103,5.05,2.86
2022-10-07T20:00:00,400.0,280.0,120.0,5.05,2.87
2022-10-07T21:00:00,306.147,214.303,91.844,5.06,2.87
2022-10-07T22:00:00,207.055,144.939,62.117,5.06,2.87
2022-10-07T23:00:00,104.421,73.095,31.326,5.06,2.88
2022-10-08T00:00:00,0.0,0.0,0.0,5.06,2.88
2022-10-08T01:00:00,104.421,73.095,31.326,5.06,2.88
2022-10-08T02:00:00,207.055,144.939,62.117,5.06,2.89
2022-10-08T03:00:00,306.147,214.303,91.844,5.06,2.89
2022-10-08T04:00:00,400.0,280.0,120.0,5.06,2.89
2022-10-08T05:00:00,487.009,340.906,146.103,5.06,2.9
2022-10-08T06:00:00,565.685,395.98,169.706,5.06,2.9
2022-10-08T07:00:00,634.683,444.278,190.405,5.06,2.9
2022-10-08T08:00:00,692.82,484.974,207.846,5.06,2.91
2022-10-08T09:00:00,739.104,517.373,221.731,5.06,2.91
2022-10-08T10:00:00,772.741,540.918,231.822,5.07,2.91
2022-10-08T11:00:00,793.156,555.209,237.947,5.07,2.91
2022-10-08T12:00:00,800.0,560.0,240.0,5.07,2.92
2022-10-08T13:00:00,793.156,555.209,237.947,5.07,2.92
2022-10-08T14:00:00,772.741,540.918,231.822,5.07,2.92
2022-10-08T15:00:00,739.104,517.373,221.731,5.07,2.93
2022-10-08T16:00:00,692.82,484.974,207.846,5.07,2.93
2022-10-08T17:00:00,634.683,444.278,190.405,5.07,2.93
2022-10-08T18:00:00,565.685,395.98,169.706,5.07,2.93
2022-10-08T19:00:00,487.009,340.906,146.103,5.07,2.94
2022-10-08T20:00:00,400.0,280.0,120.0,5.07,2.94
2022-10-08T21:00:00,306.147,214.303,91.844,5.08,2.94
2022-10-08T22:00:00,207.055,144.939,62.117,5.08,2.94
2022-10-08T23:00:00,104.421,73.095,31.326,5.08,2.95
2022-10-09T00:00:00,0.0,0.0,0.0,5.08,2.95
2022-10-09T01:00:00,104.421,73.095,31.326,5.08,2.95
2022-10-09T02:00:00,207.055,144.939,62.117,5.08,2.95
2022-10-09T03:00:00,306.147,214.303,91.844,5.08,2.95
2022-10-09T04:00:00,400.0,280.0,120.0,5.08,2.96
2022-10-09T05:00:00,487.009,340.906,146.103,5.08,2.96
2022-10-09T06:00:00,565.685,395.98,169.706,5.08,2.96
2022-10-09T07:00:00,634.683,444.278,190.405,5.08,2.96
2022-10-09T08:00:00,692.82,484.974,207.846,5.09,2.96
2022-10-09T09:00:00,739.104,517.373,221.731,5.09,2.97
2022-10-09T10:00:00,772.741,540.918,231.822,5.09,2.97
2022-10-09T11:00:00,793.156,555.209,237.947,5.09,2.97
2022-10-09T12:00:00,800.0,560.0,240.0,5.09,2.97
2022-10-09T13:00:00,793.156,555.209,237.947,5.09,2.97
2022-10-09T14:00:00,772.741,540.918,231.822,5.09,2.98
2022-10-09T15:00:00,739.104,517.373,221.731,5.09,2.98
2022-10-09T16:00:00,692.82,484.974,207.846,5.09,2.98
2022-10-09T17:00:00,634.683,444.278,190.405,5.09,2.98
2022-10-09T18:00:00,565.685,395.98,169.706,5.09,2.98
2022-10-09T19:00:00,487.009,340.906,146.103,5.1,2.98
2022-10-09T20:00:00,400.0,280.0,120.0,5.1,2.98
2022-10-09T21:00:00,306.147,214.303,91.844,5.1,2.99
2022-10-09T22:00:00,207.055,144.939,62.117,5.1,2.99
2022-10-09T23:00:00,104.421,73.095,31.326,5.1,2.99
2022-10-10T00:00:00,0.0,0.0,0.0,5.1,2.99
2022-10-10T01:00:00,104.421,73.095,31.326,5.1,2.99
2022-10-10T02:00:00,207.055,144.939,62.117,5.1,2.99
2022-10-10T03:00:00,306.147,214.303,91.844,5.1,2.99
2022-10-10T04:00:00,400.0,280.0,120.0,5.1,2.99
2022-10-10T05:00:00,487.009,340.906,146.103,5.11,2.99
2022-10-10T06:00:00,565.685,395.98,169.706,5.11,2.99
2022-10-10T07:00:00,634.683,444.278,190.405,5.11,2.99
2022-10-10T08:00:00,692.82,484.974,207.846,5.11,3.0
2022-10-10T09:00:00,739.104,517.373,221.731,5.11,3.0
2022-10-10T10:00:00,772.741,540.918,231.822,5.11,3.0
2022-10-10T11:00:00,793.156,555.209,237.947,5.11,3.0
2022-10-10T12:00:00,800.0,560.0,240.0,5.11,3.0
2022-10-10T13:00:00,793.156,555.209,237.947,5.11,3.0
2022-10-10T14:00:00,772.741,540.918,231.822,5.12,3.0
2022-10-10T15:00:00,739.104,517.373,221.731,5.12,3.0
2022-10-10T16:00:00,692.82,484.974,207.846,5.12,3.0
2022-10-10T17:00:00,634.683,444.278,190.405,5.12,3.0
2022-10-10T18:00:00,565.685,395.98,169.706,5.12,3.0
2022-10-10T19:00:00,487.009,340.906,146.103,5.12,3.0
2022-10-10T20:00:00,400.0,280.0,120.0,5.12,3.0
2022-10-10T21:00:00,306.147,214.303,91.844,5.12,3.0
2022-10-10T22:00:00,207.055,144.939,62.117,5.12,3.0
2022-10-10T23:00:00,104.421,73.095,31.326,5.13,3.0
2022-10-11T00:00:00,0.0,0.0,0.0,5.13,3.0
2022-10-11T01:00:00,104.421,73.095,31.326,5.13,3.0
2022-10-11T02:00:00,207.055,144.939,62.117,5.13,3.0
2022-10-11T03:00:00,306.147,214.303,91.844,5.13,3.0
2022-10-11T04:00:00,400.0,280.0,120.0,5.13,3.0
2022-10-11T05:00:00,487.009,340.906,146.103,5.13,3.0
2022-10-11T06:00:00,565.685,395.98,169.706,5.13,3.0
2022-10-11T07:00:00,634.683,444.278,190.405,5.13,3.0
2022-10-11T08:00:00,692.82,484.974,207.846,5.14,3.0
2022-10-11T09:00:00,739.104,517.373,221.731,5.14,3.0
2022-10-11T10:00:00,772.741,540.918,231.822,5.14,3.0
2022-10-11T11:00:00,793.156,555.209,237.947,5.14,2.99
2022-10-11T12:00:00,800.0,560.0,240.0,5.14,2.99
2022-10-11T13:00:00,793.156,555.209,237.947,5.14,2.99
2022-10-11T14:00:00,772.741,540.918,231.822,5.14,2.99
2022-10-11T15:00:00,739.104,517.373,221.731,5.14,2.99
2022-10-11T16:00:00,692.82,484.974,207.846,5.15,2.99
2022-10-11T17:00:00,634.683,444.278,190.405,5.15,2.99
2022-10-11T18:00:00,565.685,395.98,169.706,5.15,2.99
2022-10-11T19:00:00,487.009,340.906,146.103,5.15,2.99
2022-10-11T20:00:00,400.0,280.0,120.0,5.15,2.99
2022-10-11T21:00:00,306.147,214.303,91.844,5.15,2.99
2022-10-11T22:00:00,207.055,144.939,62.117,5.15,2.98
2022-10-11T23:00:00,104.421,73.095,31.326,5.15,2.98
2022-10-12T00:00:00,0.0,0.0,0.0,5.16,2.98
2022-10-12T01:00:00,104.421,73.095,31.326,5.16,2.98
2022-10-12T02:00:00,207.055,144.939,62.117,5.16,2.98
2022-10-12T03:00:00,306.147,214.303,91.844,5.16,2.98
2022-10-12T04:00:00,400.0,280.0,120.0,5.16,2.98
2022-10-12T05:00:00,487.009,340.906,146.103,5.16,2.97
2022-10-12T06:00:00,565.685,395.98,169.706,5.16,2.97
2022-10-12T07:00:00,634.683,444.278,190.405,5.16,2.97
2022-10-12T08:00:00,692.82,484.974,207.846,5.17,2.97
2022-10-12T09:00:00,739.104,517.373,221.731,5.17,2.97
2022-10-12T10:00:00,772.741,540.918,231.822,5.17,2.96
2022-10-12T11:00:00,793.156,555.209,237.947,5.17,2.96
2022-10-12T12:00:00,800.0,560.0,240.0,5.17,2.96
2022-10-12T13:00:00,793.156,555.209,237.947,5.17,2.96
2022-10-12T14:00:00,772.741,540.918,231.822,5.17,2.96
2022-10-12T15:00:00,739.104,517.373,221.731,5.17,2.95
2022-10-12T16:00:00,692.82,484.974,207.846,5.18,2.95
2022-10-12T17:00:00,634.683,444.278,190.405,5.18,2.95
2022-10-12T18:00:00,565.685,395.98,169.706,5.18,2.95
2022-10-12T19:00:00,487.009,340.906,146.103,5.18,2.95
2022-10-12T20:00:00,400.0,280.0,120.0,5.18,2.94
2022-10-12T21:00:00,306.147,214.303,91.844,5.18,2.94
2022-10-12T22:00:00,207.055,144.939,62.117,5.18,2.94
2022-10-12T23:00:00,104.421,73.095,31.326,5.19,2.94
2022-10-13T00:00:00,0.0,0.0,0.0,5.19,2.93
2022-10-13T01:00:00,104.421,73.095,31.326,5.19,2.93
2022-10-13T02:00:00,207.055,144.939,62.117,5.19,2.93
2022-10-13T03:00:00,306.147,214.303,91.844,5.19,2.93
2022-10-13T04:00:00,400.0,280.0,120.0,5.19,2.92
2022-10-13T05:00:00,487.009,340.906,146.103,5.19,2.92
2022-10-13T06:00:00,565.685,395.98,169.706,5.2,2.92
2022-10-13T07:00:00,634.683,444.278,190.405,5.2,2.91
2022-10-13T08:00:00,692.82,484.974,207.846,5.2,2.91
2022-10-13T09:00:00,739.104,517.373,221.731,5.2,2.91
2022-10-13T10:00:00,772.741,540.918,231.822,5.2,2.91
2022-10-13T11:00:00,793.156,555.209,237.947,5.2,2.9
2022-10-13T12:00:00,800.0,560.0,240.0,5.2,2.9
2022-10-13T13:00:00,793.156,555.209,237.947,5.21,2.9
2022-10-13T14:00:00,772.741,540.918,231.822,5.21,2.89
2022-10-13T15:00:00,739.104,517.373,221.731,5.21,2.89
2022-10-13T16:00:00,692.82,484.974,207.846,5.21,2.89
2022-10-13T17:00:00,634.683,444.278,190.405,5.21,2.88
2022-10-13T18:00:00,565.685,395.98,169.706,5.21,2.88
2022-10-13T19:00:00,487.009,340.906,146.103,5.21,2.88
2022-10-13T20:00:00,400.0,280.0,120.0,5.22,2.87
2022-10-13T21:00:00,306.147,214.303,91.844,5.22,2.87
2022-10-13T22:00:00,207.055,144.939,62.117,5.22,2.87
2022-10-13T23:00:00,104.421,73.095,31.326,5.22,2.86
2022-10-14T00:00:00,0.0,0.0,0.0,5.22,2.86
2022-10-14T01:00:00,104.421,73.095,31.326,5.22,2.86
2022-10-14T02:00:00,207.055,144.939,62.117,5.22,2.85
2022-10-14T03:00:00,306.147,214.303,91.844,5.23,2.85
2022-10-14T04:00:00,400.0,280.0,120.0,5.23,2.84
2022-10-14T05:00:00,487.009,340.906,146.103,5.23,2.84
2022-10-14T06:00:00,565.685,395.98,169.706,5.23,2.84
2022-10-14T07:00:00,634.683,444.278,190.405,5.23,2.83
2022-10-14T08:00:00,692.82,484.974,207.846,5.23,2.83
2022-10-14T09:00:00,739.104,517.373,221.731,5.24,2.82
2022-10-14T10:00:00,772.741,540.918,231.822,5.24,2.82
2022-10-14T11:00:00,793.156,555.209,237.947,5.24,2.82
2022-10-14T12:00:00,800.0,560.0,240.0,5.24,2.81
2022-10-14T13:00:00,793.156,555.209,237.947,5.24,2.81
2022-10-14T14:00:00,772.741,540.918,231.822,5.24,2.8
2022-10-14T15:00:00,739.104,517.373,221.731,5.24,2.8
2022-10-14T16:00:00,692.82,484.974,207.846,5.25,2.79
2022-10-14T17:00:00,634.683,444.278,190.405,5.25,2.79
2022-10-14T18:00:00,565.685,395.98,169.706,5.25,2.79
2022-10-14T19:00:00,487.009,340.906,146.103,5.25,2.78
2022-10-14T20:00:00,400.0,280.0,120.0,5.25,2.78
2022-10-14T21:00:00,306.147,214.303,91.844,5.25,2.77
2022-10-14T22:00:00,207.055,144.939,62.117,5.26,2.77
2022-10-14T23:00:00,104.421,73.095,31.326,5.26,2.76
2022-10-15T00:00:00,0.0,0.0,0.0,5.26,2.76
2022-10-15T01:00:00,104.421,73.095,31.326,5.26,2.75
2022-10-15T02:00:00,207.055,144.939,62.117,5.26,2.75
2022-10-15T03:00:00,306.147,214.303,91.844,5.26,2.74
2022-10-15T04:00:00,400.0,280.0,120.0,5.27,2.74
2022-10-15T05:00:00,487.009,340.906,146.103,5.27,2.73
2022-10-15T06:00:00,565.685,395.98,169.706,5.27,2.73
2022-10-15T07:00:00,634.683,444.278,190.405,5.27,2.72
2022-10-15T08:00:00,692.82,484.974,207.846,5.27,2.72
2022-10-15T09:00:00,739.104,517.373,221.731,5.27,2.71
2022-10-15T10:00:00,772.741,540.918,231.822,5.28,2.71
2022-10-15T11:00:00,793.156,555.209,237.947,5.28,2.7
2022-10-15T12:00:00,800.0,560.0,240.0,5.28,2.7
2022-10-15T13:00:00,793.156,555.209,237.947,5.28,2.69
2022-10-15T14:00:00,772.741,540.918,231.822,5.28,2.69
2022-10-15T15:00:00,739.104,517.373,221.731,5.28,2.68
2022-10-15T16:00:00,692.82,484.974,207.846,5.29,2.68
2022-10-15T17:00:00,634.683,444.278,190.405,5.29,2.67
2022-10-15T18:00:00,565.685,395.98,169.706,5.29,2.67
2022-10-15T19:00:00,487.009,340.906,146.103,5.29,2.66
2022-10-15T20:00:00,400.0,280.0,120.0,5.29,2.66
2022-10-15T21:00:00,306.147,214.303,91.844,5.29,2.65
2022-10-15T22:00:00,207.055,144.939,62.117,5.3,2.65
2022-10-15T23:00:00,104.421,73.095,31.326,5.3,2.64
2022-10-16T00:00:00,0.0,0.0,0.0,5.3,2.64
2022-10-16T01:00:00,104.421,73.095,31.326,5.3,2.63
2022-10-16T02:00:00,207.055,144.939,62.117,5.3,2.62
2022-10-16T03:00:00,306.147,214.303,91.844,5.3,2.62
2022-10-16T04:00:00,400.0,280.0,120.0,5.31,2.61
2022-10-16T05:00:00,487.009,340.906,146.103,5.31,2.61
2022-10-16T06:00:00,565.685,395.98,169.706,5.31,2.6
2022-10-16T07:00:00,634.683,444.278,190.405,5.31,2.6
2022-10-16T08:00:00,692.82,484.974,207.846,5.31,2.59
2022-10-16T09:00:00,739.104,517.373,221.731,5.32,2.58
2022-10-16T10:00:00,772.741,540.918,231.822,5.32,2.58
2022-10-16T11:00:00,793.156,555.209,237.947,5.32,2.57
2022-10-16T12:00:00,800.0,560.0,240.0,5.32,2.57
2022-10-16T13:00:00,793.156,555.209,237.947,5.32,2.56
2022-10-16T14:00:00,772.741,540.918,231.822,5.32,2.55
2022-10-16T15:00:00,739.104,517.373,221.731,5.33,2.55
2022-10-16T16:00:00,692.82,484.974,207.846,5.33,2.54
2022-10-16T17:00:00,634.683,444.278,190.405,5.33,2.54
2022-10-16T18:00:00,565.685,395.98,169.706,5.33,2.53
2022-10-16T19:00:00,487.009,340.906,146.103,5.33,2.52
2022-10-16T20:00:00,400.0,280.0,120.0,5.34,2.52
2022-10-16T21:00:00,306.147,214.303,91.844,5.34,2.51
2022-10-16T22:00:00,207.055,144.939,62.117,5.34,2.51
2022-10-16T23:00:00,104.421,73.095,31.326,5.34,2.5
2022-10-17T00:00:00,0.0,0.0,0.0,5.34,2.49
2022-10-17T01:00:00,104.421,73.095,31.326,5.34,2.49
2022-10-17T02:00:00,207.055,144.939,62.117,5.35,2.48
2022-10-17T03:00:00,306.147,214.303,91.844,5.35,2.47
2022-10-17T04:00:00,400.0,280.0,120.0,5.35,2.47
2022-10-17T05:00:00,487.009,340.906,146.103,5.35,2.46
2022-10-17T06:00:00,565.685,395.98,169.706,5.35,2.46
2022-10-17T07:00:00,634.683,444.278,190.405,5.36,2.45
2022-10-17T08:00:00,692.82,484.974,207.846,5.36,2.44
2022-10-17T09:00:00,739.104,517.373,221.731,5.36,2.44
2022-10-17T10:00:00,772.741,540.918,231.822,5.36,2.43
2022-10-17T11:00:00,793.156,555.209,237.947,5.36,2.42
2022-10-17T12:00:00,800.0,560.0,240.0,5.37,2.42
2022-10-17T13:00:00,793.156,555.209,237.947,5.37,2.41
2022-10-17T14:00:00,772.741,540.918,231.822,5.37,2.4
2022-10-17T15:00:00,739.104,517.373,221.731,5.37,2.4
2022-10-17T16:00:00,692.82,484.974,207.846,5.37,2.39
2022-10-17T17:00:00,634.683,444.278,190.405,5.37,2.38
2022-10-17T18:00:00,565.685,395.98,169.706,5.38,2.38
2022-10-17T19:00:00,487.009,340.906,146.103,5.38,2.37
2022-10-17T20:00:00,400.0,280.0,120.0,5.38,2.36
2022-10-17T21:00:00,306.147,214.303,91.844,5.38,2.36
2022-10-17T22:00:00,207.055,144.939,62.117,5.38,2.35
2022-10-17T23:00:00,104.421,73.095,31.326,5.39,2.34
2022-10-18T00:00:00,0.0,0.0,0.0,5.39,2.34
2022-10-18T01:00:00,104.421,73.095,31.326,5.39,2.33
2022-10-18T02:00:00,207.055,144.939,62.117,5.39,2.32
2022-10-18T03:00:00,306.147,214.303,91.844,5.39,2.32
2022-10-18T04:00:00,400.0,280.0,120.0,5.4,2.31
2022-10-18T05:00:00,487.009,340.906,146.103,5.4,2.3
2022-10-18T06:00:00,565.685,395.98,169.706,5.4,2.3
2022-10-18T07:00:00,634.683,444.278,190.405,5.4,2.29
2022-10-18T08:00:00,692.82,484.974,207.846,5.4,2.28
2022-10-18T09:00:00,739.104,517.373,221.731,5.41,2.28
2022-10-18T10:00:00,772.741,540.918,231.822,5.41,2.27
2022-10-18T11:00:00,793.156,555.209,237.947,5.41,2.26
2022-10-18T12:00:00,800.0,560.0,240.0,5.41,2.26
2022-10-18T13:00:00,793.156,555.209,237.947,5.41,2.25
2022-10-18T14:00:00,772.741,540.918,231.822,5.42,2.24
2022-10-18T15:00:00,739.104,517.373,221.731,5.42,2.23
2022-10-18T16:00:00,692.82,484.974,207.846,5.42,2.23
2022-10-18T17:00:00,634.683,444.278,190.405,5.42,2.22
2022-10-18T18:00:00,565.685,395.98,169.706,5.43,2.21
2022-10-18T19:00:00,487.009,340.906,146.103,5.43,2.21
2022-10-18T20:00:00,400.0,280.0,120.0,5.43,2.2
2022-10-18T21:00:00,306.147,214.303,91.844,5.43,2.19
2022-10-18T22:00:00,207.055,144.939,62.117,5.43,2.19
2022-10-18T23:00:00,104.421,73.095,31.326,5.44,2.18
2022-10-19T00:00:00,0.0,0.0,0.0,5.44,2.17
2022-10-19T01:00:00,104.421,73.095,31.326,5.44,2.16
2022-10-19T02:00:00,207.055,144.939,62.117,5.44,2.16
2022-10-19T03:00:00,306.147,214.303,91.844,5.44,2.15
2022-10-19T04:00:00,400.0,280.0,120.0,5.45,2.14
2022-10-19T05:00:00,487.009,340.906,146.103,5.45,2.14
2022-10-19T06:00:00,565.685,395.98,169.706,5.45,2.13
2022-10-19T07:00:00,634.683,444.278,190.405,5.45,2.12
2022-10-19T08:00:00,692.82,484.974,207.846,5.45,2.11
2022-10-19T09:00:00,739.104,517.373,221.731,5.46,2.11
2022-10-19T10:00:00,772.741,540.918,231.822,5.46,2.1
2022-10-19T11:00:00,793.156,555.209,237.947,5.46,2.09
2022-10-19T12:00:00,800.0,560.0,240.0,5.46,2.09
2022-10-19T13:00:00,793.156,555.209,237.947,5.47,2.08
2022-10-19T14:00:00,772.741,540.918,231.822,5.47,2.07
2022-10-19T15:00:00,739.104,517.373,221.731,5.47,2.06
2022-10-19T16:00:00,692.82,484.974,207.846,5.47,2.06
2022-10-19T17:00:00,634.683,444.278,190.405,5.47,2.05
2022-10-19T18:00:00,565.685,395.98,169.706,5.48,2.04
2022-10-19T19:00:00,487.009,340.906,146.103,5.48,2.04
2022-10-19T20:00:00,400.0,280.0,120.0,5.48,2.03
2022-10-19T21:00:00,306.147,214.303,91.844,5.48,2.02
2022-10-19T22:00:00,207.055,144.939,62.117,5.49,2.01
2022-10-19T23:00:00,104.421,73.095,31.326,5.49,2.01
2022-10-20T00:00:00,0.0,0.0,0.0,5.49,2.0
2022-10-20T01:00:00,104.421,73.095,31.326,5.49,2.01
2022-10-20T02:00:00,207.055,144.939,62.117,5.49,2.01
2022-10-20T03:00:00,306.147,214.303,91.844,5.5,2.02
2022-10-20T04:00:00,400.0,280.0,120.0,5.5,2.03
2022-10-20T05:00:00,487.009,340.906,146.103,5.5,2.04
2022-10-20T06:00:00,565.685,395.98,169.706,5.5,2.04
2022-10-20T07:00:00,634.683,444.278,190.405,5.51,2.05
2022-10-20T08:00:00,692.82,484.974,207.846,5.51,2.06
2022-10-20T09:00:00,739.104,517.373,221.731,5.51,2.06
2022-10-20T10:00:00,772.741,540.918,231.822,5.51,2.07
2022-10-20T11:00:00,793.156,555.209,237.947,5.51,2.08
2022-10-20T12:00:00,800.0,560.0,240.0,5.52,2.09
2022-10-20T13:00:00,793.156,555.209,237.947,5.52,2.09
2022-10-20T14:00:00,772.741,540.918,231.822,5.52,2.1
2022-10-20T15:00:00,739.104,517.373,221.731,5.52,2.11
2022-10-20T16:00:00,692.82,484.974,207.846,5.53,2.11
2022-10-20T17:00:00,634.683,444.278,190.405,5.53,2.12
2022-10-20T18:00:00,565.685,395.98,169.706,5.53,2.13
2022-10-20T19:00:00,487.009,340.906,146.103,5.53,2.14
2022-10-20T20:00:00,400.0,280.0,120.0,5.53,2.14
2022-10-20T21:00:00,306.147,214.303,91.844,5.54,2.15
2022-10-20T22:00:00,207.055,144.939,62.117,5.54,2.16
2022-10-20T23:00:00,104.421,73.095,31.326,5.54,2.16
2022-10-21T00:00:00,0.0,0.0,0.0,5.54,2.17
2022-10-21T01:00:00,104.421,73.095,31.326,5.55,2.18
2022-10-21T02:00:00,207.055,144.939,62.117,5.55,2.19
2022-10-21T03:00:00,306.147,214.303,91.844,5.55,2.19
2022-10-21T04:00:00,400.0,280.0,120.0,5.55,2.2
2022-10-21T05:00:00,487.009,340.906,146.103,5.56,2.21
2022-10-21T06:00:00,565.685,395.98,169.706,5.56,2.21
2022-10-21T07:00:00,634.683,444.278,190.405,5.56,2.22
2022-10-21T08:00:00,692.82,484.974,207.846,5.56,2.23
2022-10-21T09:00:00,739.104,517.373,221.731,5.57,2.23
2022-10-21T10:00:00,772.741,540.918,231.822,5.57,2.24
2022-10-21T11:00:00,793.156,555.209,237.947,5.57,2.25
2022-10-21T12:00:00,800.0,560.0,240.0,5.57,2.26
2022-10-21T13:00:00,793.156,555.209,237.947,5.57,2.26
2022-10-21T14:00:00,772.741,540.918,231.822,5.58,2.27
2022-10-21T15:00:00,739.104,517.373,221.731,5.58,2.28
2022-10-21T16:00:00,692.82,484.974,207.846,5.58,2.28
2022-10-21T17:00:00,634.683,444.278,190.405,5.58,2.29
2022-10-21T18:00:00,565.685,395.98,169.706,5.59,2.3
2022-10-21T19:00:00,487.009,340.906,146.103,5.59,2.3
2022-10-21T20:00:00,400.0,280.0,120.0,5.59,2.31
2022-10-21T21:00:00,306.147,214.303,91.844,5.59,2.32
2022-10-21T22:00:00,207.055,144.939,62.117,5.6,2.32
2022-10-21T23:00:00,104.421,73.095,31.326,5.6,2.33
2022-10-22T00:00:00,0.0,0.0,0.0,5.6,2.34
2022-10-22T01:00:00,104.421,73.095,31.326,5.6,2.34
2022-10-22T02:00:00,207.055,144.939,62.117,5.61,2.35
2022-10-22T03:00:00,306.147,214.303,91.844,5.61,2.36
2022-10-22T04:00:00,400.0,280.0,120.0,5.61,2.36
2022-10-22T05:00:00,487.009,340.906,146.103,5.61,2.37
2022-10-22T06:00:00,565.685,395.98,169.706,5.62,2.38
2022-10-22T07:00:00,634.683,444.278,190.405,5.62,2.38
2022-10-22T08:00:00,692.82,484.974,207.846,5.62,2.39
2022-10-22T09:00:00,739.104,517.373,221.731,5.62,2.4
2022-10-22T10:00:00,772.741,540.918,231.822,5.63,2.4
2022-10-22T11:00:00,793.156,555.209,237.947,5.63,2.41
2022-10-22T12:00:00,800.0,560.0,240.0,5.63,2.42
2022-10-22T13:00:00,793.156,555.209,237.947,5.63,2.42
2022-10-22T14:00:00,772.741,540.918,231.822,5.64,2.43
2022-10-22T15:00:00,739.104,517.373,221.731,5.64,2.44
2022-10-22T16:00:00,692.82,484.974,207.846,5.64,2.44
2022-10-22T17:00:00,634.683,444.278,190.405,5.64,2.45
2022-10-22T18:00:00,565.685,395.98,169.706,5.65,2.46
2022-10-22T19:00:00,487.009,340.906,146.103,5.65,2.46
2022-10-22T20:00:00,400.0,280.0,120.0,5.65,2.47
2022-10-22T21:00:00,306.147,214.303,91.844,5.65,2.47
2022-10-22T22:00:00,207.055,144.939,62.117,5.66,2.48
2022-10-22T23:00:00,104.421,73.095,31.326,5.66,2.49
2022-10-23T00:00:00,0.0,0.0,0.0,5.66,2.49
2022-10-23T01:00:00,104.421,73.095,31.326,5.66,2.5
2022-10-23T02:00:00,207.055,144.939,62.117,5.67,2.51
2022-10-23T03:00:00,306.147,214.303,91.844,5.67,2.51
2022-10-23T04:00:00,400.0,280.0,120.0,5.67,2.52
2022-10-23T05:00:00,487.009,340.906,146.103,5.67,2.52
2022-10-23T06:00:00,565.685,395.98,169.706,5.68,2.53
2022-10-23T07:00:00,634.683,444.278,190.405,5.68,2.54
2022-10-23T08:00:00,692.82,484.974,207.846,5.68,2.54
2022-10-23T09:00:00,739.104,517.373,221.731,5.68,2.55
2022-10-23T10:00:00,772.741,540.918,231.822,5.69,2.55
2022-10-23T11:00:00,793.156,555.209,237.947,5.69,2.56
2022-10-23T12:00:00,800.0,560.0,240.0,5.69,2.57
2022-10-23T13:00:00,793.156,555.209,237.947,5.7,2.57
2022-10-23T14:00:00,772.741,540.918,231.822,5.7,2.58
2022-10-23T15:00:00,739.104,517.373,221.731,5.7,2.58
2022-10-23T16:00:00,692.82,484.974,207.846,5.7,2.59
2022-10-23T17:00:00,634.683,444.278,190.405,5.71,2.6
2022-10-23T18:00:00,565.685,395.98,169.706,5.71,2.6
2022-10-23T19:00:00,487.009,340.906,146.103,5.71,2.61
2022-10-23T20:00:00,400.0,280.0,120.0,5.71,2.61
2022-10-23T21:00:00,306.147,214.303,91.844,5.72,2.62
2022-10-23T22:00:00,207.055,144.939,62.117,5.72,2.62
2022-10-23T23:00:00,104.421,73.095,31.326,5.72,2.63
2022-10-24T00:00:00,0.0,0.0,0.0,5.72,2.64
2022-10-24T01:00:00,104.421,73.095,31.326,5.73,2.64
2022-10-24T02:00:00,207.055,144.939,62.117,5.73,2.65
2022-10-24T03:00:00,306.147,214.303,91.844,5.73,2.65
2022-10-24T04:00:00,400.0,280.0,120.0,5.74,2.66
2022-10-24T05:00:00,487.009,340.906,146.103,5.74,2.66
2022-10-24T06:00:00,565.685,395.98,169.706,5.74,2.67
2022-10-24T07:00:00,634.683,444.278,190.405,5.74,2.67
2022-10-24T08:00:00,692.82,484.974,207.846,5.75,2.68
2022-10-24T09:00:00,739.104,517.373,221.731,5.75,2.68
2022-10-24T10:00:00,772.741,540.918,231.822,5.75,2.69
2022-10-24T11:00:00,793.156,555.209,237.947,5.75,2.69
2022-10-24T12:00:00,800.0,560.0,240.0,5.76,2.7
2022-10-24T13:00:00,793.156,555.209,237.947,5.76,2.7
2022-10-24T14:00:00,772.741,540.918,231.822,5.76,2.71
2022-10-24T15:00:00,739.104,517.373,221.731,5.77,2.71
2022-10-24T16:00:00,692.82,484.974,207.846,5.77,2.72
2022-10-24T17:00:00,634.683,444.278,190.405,5.77,2.72
2022-10-24T18:00:00,565.685,395.98,169.706,5.77,2.73
2022-10-24T19:00:00,487.009,340.906,146.103,5.78,2.73
2022-10-24T20:00:00,400.0,280.0,120.0,5.78,2.74
2022-10-24T21:00:00,306.147,214.303,91.844,5.78,2.74
2022-10-24T22:00:00,207.055,144.939,62.117,5.78,2.75
2022-10-24T23:00:00,104.421,73.095,31.326,5.79,2.75
2022-10-25T00:00:00,0.0,0.0,0.0,5.79,2.76
2022-10-25T01:00:00,104.421,73.095,31.326,5.79,2.76
2022-10-25T02:00:00,207.055,144.939,62.117,5.8,2.77
2022-10-25T03:00:00,306.147,214.303,91.844,5.8,2.77
2022-10-25T04:00:00,400.0,280.0,120.0,5.8,2.78
2022-10-25T05:00:00,487.009,340.906,146.103,5.8,2.78
2022-10-25T06:00:00,565.685,395.98,169.706,5.81,2.79
2022-10-25T07:00:00,634.683,444.278,190.405,5.81,2.79
2022-10-25T08:00:00,692.82,484.974,207.846,5.81,2.79
2022-10-25T09:00:00,739.104,517.373,221.731,5.82,2.8
2022-10-25T10:00:00,772.741,540.918,231.822,5.82,2.8
2022-10-25T11:00:00,793.156,555.209,237.947,5.82,2.81
2022-10-25T12:00:00,800.0,560.0,240.0,5.82,2.81
2022-10-25T13:00:00,793.156,555.209,237.947,5.83,2.82
2022-10-25T14:00:00,772.741,540.918,231.822,5.83,2.82
2022-10-25T15:00:00,739.104,517.373,221.731,5.83,2.82
2022-10-25T16:00:00,692.82,484.974,207.846,5.84,2.83
2022-10-25T17:00:00,634.683,444.278,190.405,5.84,2.83
2022-10-25T18:00:00,565.685,395.98,169.706,5.84,2.84
2022-10-25T19:00:00,487.009,340.906,146.103,5.84,2.84
2022-10-25T20:00:00,400.0,280.0,120.0,5.85,2.84
2022-10-25T21:00:00,306.147,214.303,91.844,5.85,2.85
2022-10-25T22:00:00,207.055,144.939,62.117,5.85,2.85
2022-10-25T23:00:00,104.421,73.095,31.326,5.86,2.86
2022-10-26T00:00:00,0.0,0.0,0.0,5.86,2.86
2022-10-26T01:00:00,104.421,73.095,31.326,5.86,2.86
2022-10-26T02:00:00,207.055,144.939,62.117,5.86,2.87
2022-10-26T03:00:00,306.147,214.303,91.844,5.87,2.87
2022-10-26T04:00:00,400.0,280.0,120.0,5.87,2.87
2022-10-26T05:00:00,487.009,340.906,146.103,5.87,2.88
2022-10-26T06:00:00,565.685,395.98,169.706,5.88,2.88
2022-10-26T07:00:00,634.683,444.278,190.405,5.88,2.88
2022-10-26T08:00:00,692.82,484.974,207.846,5.88,2.89
2022-10-26T09:00:00,739.104,517.373,221.731,5.89,2.89
2022-10-26T10:00:00,772.741,540.918,231.822,5.89,2.89
2022-10-26T11:00:00,793.156,555.209,237.947,5.89,2.9
2022-10-26T12:00:00,800.0,560.0,240.0,5.89,2.9
2022-10-26T13:00:00,793.156,555.209,237.947,5.9,2.9
2022-10-26T14:00:00,772.741,540.918,231.822,5.9,2.91
2022-10-26T15:00:00,739.104,517.373,221.731,5.9,2.91
2022-10-26T16:00:00,692.82,484.974,207.846,5.91,2.91
2022-10-26T17:00:00,634.683,444.278,190.405,5.91,2.91
2022-10-26T18:00:00,565.685,395.98,169.706,5.91,2.92
2022-10-26T19:00:00,487.009,340.906,146.103,5.91,2.92
2022-10-26T20:00:00,400.0,280.0,120.0,5.92,2.92
2022-10-26T21:00:00,306.147,214.303,91.844,5.92,2.93
2022-10-26T22:00:00,207.055,144.939,62.117,5.92,2.93
2022-10-26T23:00:00,104.421,73.095,31.326,5.93,2.93
2022-10-27T00:00:00,0.0,0.0,0.0,5.93,2.93
2022-10-27T01:00:00,104.421,73.095,31.326,5.93,2.94
2022-10-27T02:00:00,207.055,144.939,62.117,5.94,2.94
2022-10-27T03:00:00,306.147,214.303,91.844,5.94,2.94
2022-10-27T04:00:00,400.0,280.0,120.0,5.94,2.94
2022-10-27T05:00:00,487.009,340.906,146.103,5.95,2.95
2022-10-27T06:00:00,565.685,395.98,169.706,5.95,2.95
2022-10-27T07:00:00,634.683,444.278,190.405,5.95,2.95
2022-10-27T08:00:00,692.82,484.974,207.846,5.95,2.95
2022-10-27T09:00:00,739.104,517.373,221.731,5.96,2.95
2022-10-27T10:00:00,772.741,540.918,231.822,5.96,2.96
2022-10-27T11:00:00,793.156,555.209,237.947,5.96,2.96
2022-10-27T12:00:00,800.0,560.0,240.0,5.97,2.96
2022-10-27T13:00:00,793.156,555.209,237.947,5.97,2.96
2022-10-27T14:00:00,772.741,540.918,231.822,5.97,2.96
2022-10-27T15:00:00,739.104,517.373,221.731,5.98,2.97
2022-10-27T16:00:00,692.82,484.974,207.846,5.98,2.97
2022-10-27T17:00:00,634.683,444.278,190.405,5.98,2.97
2022-10-27T18:00:00,565.685,395.98,169.706,5.98,2.97
2022-10-27T19:00:00,487.009,340.906,146.103,5.99,2.97
2022-10-27T20:00:00,400.0,280.0,120.0,5.99,2.98
2022-10-27T21:00:00,306.147,214.303,91.844,5.99,2.98
2022-10-27T22:00:00,207.055,144.939,62.117,6.0,2.98
2022-10-27T23:00:00,104.421,73.095,31.326,6.0,2.98
2022-10-28T00:00:00,0.0,0.0,0.0,6.0,2.98
2022-10-28T01:00:00,104.421,73.095,31.326,6.01,2.98
2022-10-28T02:00:00,207.055,144.939,62.117,6.01,2.98
2022-10-28T03:00:00,306.147,214.303,91.844,6.01,2.99
2022-10-28T04:00:00,400.0,280.0,120.0,6.02,2.99
2022-10-28T05:00:00,487.009,340.906,146.103,6.02,2.99
2022-10-28T06:00:00,565.685,395.98,169.706,6.02,2.99
2022-10-28T07:00:00,634.683,444.278,190.405,6.03,2.99
2022-10-28T08:00:00,692.82,484.974,207.846,6.03,2.99
2022-10-28T09:00:00,739.104,517.373,221.731,6.03,2.99
2022-10-28T10:00:00,772.741,540.918,231.822,6.04,2.99
2022-10-28T11:00:00,793.156,555.209,237.947,6.04,2.99
2022-10-28T12:00:00,800.0,560.0,240.0,6.04,2.99
2022-10-28T13:00:00,793.156,555.209,237.947,6.04,2.99
2022-10-28T14:00:00,772.741,540.918,231.822,6.05,3.0
2022-10-28T15:00:00,739.104,517.373,221.731,6.05,3.0
2022-10-28T16:00:00,692.82,484.974,207.846,6.05,3.0
2022-10-28T17:00:00,634.683,444.278,190.405,6.06,3.0
2022-10-28T18:00:00,565.685,395.98,169.706,6.06,3.0
2022-10-28T19:00:00,487.009,340.906,146.103,6.06,3.0
2022-10-28T20:00:00,400.0,280.0,120.0,6.07,3.0
2022-10-28T21:00:00,306.147,214.303,91.844,6.07,3.0
2022-10-28T22:00:00,207.055,144.939,62.117,6.07,3.0
2022-10-28T23:00:00,104.421,73.095,31.326,6.08,3.0
2022-10-29T00:00:00,0.0,0.0,0.0,6.08,3.0
2022-10-29T01:00:00,104.421,73.095,31.326,6.08,3.0
2022-10-29T02:00:00,207.055,144.939,62.117,6.09,3.0
2022-10-29T03:00:00,306.147,214.303,91.844,6.09,3.0
2022-10-29T04:00:00,400.0,280.0,120.0,6.09,3.0
2022-10-29T05:00:00,487.009,340.906,146.103,6.1,3.0
2022-10-29T06:00:00,565.685,395.98,169.706,6.1,3.0
2022-10-29T07:00:00,634.683,444.278,190.405,6.1,3.0
2022-10-29T08:00:00,692.82,484.974,207.846,6.11,3.0
2022-10-29T09:00:00,739.104,517.373,221.731,6.11,3.0
2022-10-29T10:00:00,772.741,540.918,231.822,6.11,3.0
2022-10-29T11:00:00,793.156,555.209,237.947,6.12,3.0
2022-10-29T12:00:00,800.0,560.0,240.0,6.12,3.0
2022-10-29T13:00:00,793.156,555.209,237.947,6.12,3.0
2022-10-29T14:00:00,772.741,540.918,231.822,6.13,3.0
2022-10-29T15:00:00,739.104,517.373,221.731,6.13,3.0
2022-10-29T16:00:00,692.82,484.974,207.846,6.13,3.0
2022-10-29T17:00:00,634.683,444.278,190.405,6.14,2.99
2022-10-29T18:00:00,565.685,395.98,169.706,6.14,2.99
2022-10-29T19:00:00,487.009,340.906,146.103,6.14,2.99
2022-10-29T20:00:00,400.0,280.0,120.0,6.15,2.99
2022-10-29T21:00:00,306.147,214.303,91.844,6.15,2.99
2022-10-29T22:00:00,207.055,144.939,62.117,6.15,2.99
2022-10-29T23:00:00,104.421,73.095,31.326,6.16,2.99
2022-10-30T00:00:00,0.0,0.0,0.0,6.16,2.99
2022-10-30T01:00:00,104.421,73.095,31.326,6.16,2.99
2022-10-30T02:00:00,207.055,144.939,62.117,6.17,2.99
2022-10-30T03:00:00,306.147,214.303,91.844,6.17,2.99
2022-10-30T04:00:00,400.0,280.0,120.0,6.17,2.98
2022-10-30T05:00:00,487.009,340.906,146.103,6.18,2.98
2022-10-30T06:00:00,565.685,395.98,169.706,6.18,2.98
2022-10-30T07:00:00,634.683,444.278,190.405,6.18,2.98
2022-10-30T08:00:00,692.82,484.974,207.846,6.19,2.98
2022-10-30T09:00:00,739.104,517.373,221.731,6.19,2.98
2022-10-30T10:00:00,772.741,540.918,231.822,6.19,2.98
2022-10-30T11:00:00,793.156,555.209,237.947,6.2,2.97
2022-10-30T12:00:00,800.0,560.0,240.0,6.2,2.97
2022-10-30T13:00:00,793.156,555.209,237.947,6.2,2.97
2022-10-30T14:00:00,772.741,540.918,231.822,6.21,2.97
2022-10-30T15:00:00,739.104,517.373,221.731,6.21,2.97
2022-10-30T16:00:00,692.82,484.974,207.846,6.21,2.96
2022-10-30T17:00:00,634.683,444.278,190.405,6.22,2.96
2022-10-30T18:00:00,565.685,395.98,169.706,6.22,2.96
2022-10-30T19:00:00,487.009,340.906,146.103,6.22,2.96
2022-10-30T20:00:00,400.0,280.0,120.0,6.23,2.96
2022-10-30T21:00:00,306.147,214.303,91.844,6.23,2.95
2022-10-30T22:00:00,207.055,144.939,62.117,6.23,2.95
2022-10-30T23:00:00,104.421,73.095,31.326,6.24,2.95
2022-10-31T00:00:00,0.0,0.0,0.0,6.24,2.95
2022-10-31T01:00:00,104.421,73.095,31.326,6.24,2.95
2022-10-31T02:00:00,207.055,144.939,62.117,6.25,2.94
2022-10-31T03:00:00,306.147,214.303,91.844,6.25,2.94
2022-10-31T04:00:00,400.0,280.0,120.0,6.25,2.94
2022-10-31T05:00:00,487.009,340.906,146.103,6.26,2.94
2022-10-31T06:00:00,565.685,395.98,169.706,6.26,2.93
2022-10-31T07:00:00,634.683,444.278,190.405,6.27,2.93
2022-10-31T08:00:00,692.82,484.974,207.846,6.27,2.93
2022-10-31T09:00:00,739.104,517.373,221.731,6.27,2.93
2022-10-31T10:00:00,772.741,540.918,231.822,6.28,2.92
2022-10-31T11:00:00,793.156,555.209,237.947,6.28,2.92
2022-10-31T12:00:00,800.0,560.0,240.0,6.28,2.92
2022-10-31T13:00:00,793.156,555.209,237.947,6.29,2.91
2022-10-31T14:00:00,772.741,540.918,231.822,6.29,2.91
2022-10-31T15:00:00,739.104,517.373,221.731,6.29,2.91
2022-10-31T16:00:00,692.82,484.974,207.846,6.3,2.91
2022-10-31T17:00:00,634.683,444.278,190.405,6.3,2.9
2022-10-31T18:00:00,565.685,395.98,169.706,6.3,2.9
2022-10-31T19:00:00,487.009,340.906,146.103,6.31,2.9
2022-10-31T20:00:00,400.0,280.0,120.0,6.31,2.89
2022-10-31T21:00:00,306.147,214.303,91.844,6.31,2.89
2022-10-31T22:00:00,207.055,144.939,62.117,6.32,2.89
2022-10-31T23:00:00,104.421,73.095,31.326,6.32,2.88
2022-11-01T00:00:00,0.0,0.0,0.0,6.33,2.88
2022-11-01T01:00:00,104.421,73.095,31.326,6.33,2.88
2022-11-01T02:00:00,207.055,144.939,62.117,6.33,2.87
2022-11-01T03:00:00,306.147,214.303,91.844,6.34,2.87
2022-11-01T04:00:00,400.0,280.0,120.0,6.34,2.87
2022-11-01T05:00:00,487.009,340.906,146.103,6.34,2.86
2022-11-01T06:00:00,565.685,395.98,169.706,6.35,2.86
2022-11-01T07:00:00,634.683,444.278,190.405,6.35,2.86
2022-11-01T08:00:00,692.82,484.974,207.846,6.35,2.85
2022-11-01T09:00:00,739.104,517.373,221.731,6.36,2.85
2022-11-01T10:00:00,772.741,540.918,231.822,6.36,2.84
2022-11-01T11:00:00,793.156,555.209,237.947,6.36,2.84
2022-11-01T12:00:00,800.0,560.0,240.0,6.37,2.84
2022-11-01T13:00:00,793.156,555.209,237.947,6.37,2.83
2022-11-01T14:00:00,772.741,540.918,231.822,6.38,2.83
2022-11-01T15:00:00,739.104,517.373,221.731,6.38,2.82
2022-11-01T16:00:00,692.82,484.974,207.846,6.38,2.82
2022-11-01T17:00:00,634.683,444.278,190.405,6.39,2.82
2022-11-01T18:00:00,565.685,395.98,169.706,6.39,2.81
2022-11-01T19:00:00,487.009,340.906,146.103,6.39,2.81
2022-11-01T20:00:00,400.0,280.0,120.0,6.4,2.8
2022-11-01T21:00:00,306.147,214.303,91.844,6.4,2.8
2022-11-01T22:00:00,207.055,144.939,62.117,6.41,2.79
2022-11-01T23:00:00,104.421,73.095,31.326,6.41,2.79
2022-11-02T00:00:00,0.0,0.0,0.0,6.41,2.79
2022-11-02T01:00:00,104.421,73.095,31.326,6.42,2.78
2022-11-02T02:00:00,207.055,144.939,62.117,6.42,2.78
2022-11-02T03:00:00,306.147,214.303,91.844,6.42,2.77
2022-11-02T04:00:00,400.0,280.0,120.0,6.43,2.77
2022-11-02T05:00:00,487.009,340.906,146.103,6.43,2.76
2022-11-02T06:00:00,565.685,395.98,169.706,6.43,2.76
2022-11-02T07:00:00,634.683,444.278,190.405,6.44,2.75
2022-11-02T08:00:00,692.82,484.974,207.846,6.44,2.75
2022-11-02T09:00:00,739.104,517.373,221.731,6.45,2.74
2022-11-02T10:00:00,772.741,540.918,231.822,6.45,2.74
2022-11-02T11:00:00,793.156,555.209,237.947,6.45,2.73
2022-11-02T12:00:00,800.0,560.0,240.0,6.46,2.73
2022-11-02T13:00:00,793.156,555.209,237.947,6.46,2.72
2022-11-02T14:00:00,772.741,540.918,231.822,6.46,2.72
2022-11-02T15:00:00,739.104,517.373,221.731,6.47,2.71
2022-11-02T16:00:00,692.82,484.974,207.846,6.47,2.71
2022-11-02T17:00:00,634.683,444.278,190.405,6.48,2.7
2022-11-02T18:00:00,565.685,395.98,169.706,6.48,2.7
2022-11-02T19:00:00,487.009,340.906,146.103,6.48,2.69
2022-11-02T20:00:00,400.0,280.0,120.0,6.49,2.69
2022-11-02T21:00:00,306.147,214.303,91.844,6.49,2.68
2022-11-02T22:00:00,207.055,144.939,62.117,6.49,2.68
2022-11-02T23:00:00,104.421,73.095,31.326,6.5,2.67
2022-11-03T00:00:00,0.0,0.0,0.0,6.5,2.67
2022-11-03T01:00:00,104.421,73.095,31.326,6.51,2.66
2022-11-03T02:00:00,207.055,144.939,62.117,6.51,2.66
2022-11-03T03:00:00,306.147,214.303,91.844,6.51,2.65
2022-11-03T04:00:00,400.0,280.0,120.0,6.52,2.65
2022-11-03T05:00:00,487.009,340.906,146.103,6.52,2.64
2022-11-03T06:00:00,565.685,395.98,169.706,6.52,2.64
2022-11-03T07:00:00,634.683,444.278,190.405,6.53,2.63
2022-11-03T08:00:00,692.82,484.974,207.846,6.53,2.62
2022-11-03T09:00:00,739.104,517.373,221.731,6.54,2.62
2022-11-03T10:00:00,772.741,540.918,231.822,6.54,2.61
2022-11-03T11:00:00,793.156,555.209,237.947,6.54,2.61
2022-11-03T12:00:00,800.0,560.0,240.0,6.55,2.6
2022-11-03T13:00:00,793.156,555.209,237.947,6.55,2.6
2022-11-03T14:00:00,772.741,540.918,231.822,6.56,2.59
2022-11-03T15:00:00,739.104,517.373,221.731,6.56,2.58
2022-11-03T16:00:00,692.82,484.974,207.846,6.56,2.58
2022-11-03T17:00:00,634.683,444.278,190.405,6.57,2.57
2022-11-03T18:00:00,565.685,395.98,169.706,6.57,2.57
2022-11-03T19:00:00,487.009,340.906,146.103,6.57,2.56
2022-11-03T20:00:00,400.0,280.0,120.0,6.58,2.55
2022-11-03T21:00:00,306.147,214.303,91.844,6.58,2.55
2022-11-03T22:00:00,207.055,144.939,62.117,6.59,2.54
2022-11-03T23:00:00,104.421,73.095,31.326,6.59,2.54
2022-11-04T00:00:00,0.0,0.0,0.0,6.59,2.53
2022-11-04T01:00:00,104.421,73.095,31.326,6.6,2.52
2022-11-04T02:00:00,207.055,144.939,62.117,6.6,2.52
2022-11-04T03:00:00,306.147,214.303,91.844,6.61,2.51
2022-11-04T04:00:00,400.0,280.0,120.0,6.61,2.51
2022-11-04T05:00:00,487.009,340.906,146.103,6.61,2.5
2022-11-04T06:00:00,565.685,395.98,169.706,6.62,2.49
2022-11-04T07:00:00,634.683,444.278,190.405,6.62,2.49
2022-11-04T08:00:00,692.82,484.974,207.846,6.63,2.48
2022-11-04T09:00:00,739.104,517.373,221.731,6.63,2.47
2022-11-04T10:00:00,772.741,540.918,231.822,6.63,2.47
2022-11-04T11:00:00,793.156,555.209,237.947,6.64,2.46
2022-11-04T12:00:00,800.0,560.0,240.0,6.64,2.46
2022-11-04T13:00:00,793.156,555.209,237.947,6.64,2.45
2022-11-04T14:00:00,772.741,540.918,231.822,6.65,2.44
2022-11-04T15:00:00,739.104,517.373,221.731,6.65,2.44
2022-11-04T16:00:00,692.82,484.974,207.846,6.66,2.43
2022-11-04T17:00:00,634.683,444.278,190.405,6.66,2.42
2022-11-04T18:00:00,565.685,395.98,169.706,6.66,2.42
2022-11-04T19:00:00,487.009,340.906,146.103,6.67,2.41
2022-11-04T20:00:00,400.0,280.0,120.0,6.67,2.4
2022-11-04T21:00:00,306.147,214.303,91.844,6.68,2.4
2022-11-04T22:00:00,207.055,144.939,62.117,6.68,2.39
2022-11-04T23:00:00,104.421,73.095,31.326,6.68,2.38
2022-11-05T00:00:00,0.0,0.0,0.0,6.69,2.38
2022-11-05T01:00:00,104.421,73.095,31.326,6.69,2.37
2022-11-05T02:00:00,207.055,144.939,62.117,6.7,2.36
2022-11-05T03:00:00,306.147,214.303,91.844,6.7,2.36
2022-11-05T04:00:00,400.0,280.0,120.0,6.7,2.35
2022-11-05T05:00:00,487.009,340.906,146.103,6.71,2.34
2022-11-05T06:00:00,565.685,395.98,169.706,6.71,2.34
2022-11-05T07:00:00,634.683,444.278,190.405,6.72,2.33
2022-11-05T08:00:00,692.82,484.974,207.846,6.72,2.32
2022-11-05T09:00:00,739.104,517.373,221.731,6.72,2.32
2022-11-05T10:00:00,772.741,540.918,231.822,6.73,2.31
2022-11-05T11:00:00,793.156,555.209,237.947,6.73,2.3
2022-11-05T12:00:00,800.0,560.0,240.0,6.74,2.3
2022-11-05T13:00:00,793.156,555.209,237.947,6.74,2.29
2022-11-05T14:00:00,772.741,540.918,231.822,6.74,2.28
2022-11-05T15:00:00,739.104,517.373,221.731,6.75,2.28
2022-11-05T16:00:00,692.82,484.974,207.846,6.75,2.27
2022-11-05T17:00:00,634.683,444.278,190.405,6.76,2.26
2022-11-05T18:00:00,565.685,395.98,169.706,6.76,2.26
2022-11-05T19:00:00,487.009,340.906,146.103,6.76,2.25
2022-11-05T20:00:00,400.0,280.0,120.0,6.77,2.24
2022-11-05T21:00:00,306.147,214.303,91.844,6.77,2.23
2022-11-05T22:00:00,207.055,144.939,62.117,6.78,2.23
2022-11-05T23:00:00,104.421,73.095,31.326,6.78,2.22
2022-11-06T00:00:00,0.0,0.0,0.0,6.79,2.21
2022-11-06T01:00:00,104.421,73.095,31.326,6.79,2.21
2022-11-06T02:00:00,207.055,144.939,62.117,6.79,2.2
2022-11-06T03:00:00,306.147,214.303,91.844,6.8,2.19
2022-11-06T04:00:00,400.0,280.0,120.0,6.8,2.19
2022-11-06T05:00:00,487.009,340.906,146.103,6.81,2.18
2022-11-06T06:00:00,565.685,395.98,169.706,6.81,2.17
2022-11-06T07:00:00,634.683,444.278,190.405,6.81,2.16
2022-11-06T08:00:00,692.82,484.974,207.846,6.82,2.16
2022-11-06T09:00:00,739.104,517.373,221.731,6.82,2.15
2022-11-06T10:00:00,772.741,540.918,231.822,6.83,2.14
2022-11-06T11:00:00,793.156,555.209,237.947,6.83,2.14
2022-11-06T12:00:00,800.0,560.0,240.0,6.83,2.13
2022-11-06T13:00:00,793.156,555.209,237.947,6.84,2.12
2022-11-06T14:00:00,772.741,540.918,231.822,6.84,2.11
2022-11-06T15:00:00,739.104,517.373,221.731,6.85,2.11
2022-11-06T16:00:00,692.82,484.974,207.846,6.85,2.1
2022-11-06T17:00:00,634.683,444.278,190.405,6.86,2.09
2022-11-06T18:00:00,565.685,395.98,169.706,6.86,2.09
2022-11-06T19:00:00,487.009,340.906,146.103,6.86,2.08
2022-11-06T20:00:00,400.0,280.0,120.0,6.87,2.07
2022-11-06T21:00:00,306.147,214.303,91.844,6.87,2.06
2022-11-06T22:00:00,207.055,144.939,62.117,6.88,2.06
2022-11-06T23:00:00,104.421,73.095,31.326,6.88,2.05
2022-11-07T00:00:00,0.0,0.0,0.0,6.88,2.04
2022-11-07T01:00:00,104.421,73.095,31.326,6.89,2.04
2022-11-07T02:00:00,207.055,144.939,62.117,6.89,2.03
2022-11-07T03:00:00,306.147,214.303,91.844,6.9,2.02
2022-11-07T04:00:00,400.0,280.0,120.0,6.9,2.01
2022-11-07T05:00:00,487.009,340.906,146.103,6.91,2.01
2022-11-07T06:00:00,565.685,395.98,169.706,6.91,2.0
2022-11-07T07:00:00,634.683,444.278,190.405,6.91,2.01
2022-11-07T08:00:00,692.82,484.974,207.846,6.92,2.01
2022-11-07T09:00:00,739.104,517.373,221.731,6.92,2.02
2022-11-07T10:00:00,772.741,540.918,231.822,6.93,2.03
2022-11-07T11:00:00,793.156,555.209,237.947,6.93,2.04
2022-11-07T12:00:00,800.0,560.0,240.0,6.94,2.04
2022-11-07T13:00:00,793.156,555.209,237.947,6.94,2.05
2022-11-07T14:00:00,772.741,540.918,231.822,6.94,2.06
2022-11-07T15:00:00,739.104,517.373,221.731,6.95,2.06
2022-11-07T16:00:00,692.82,484.974,207.846,6.95,2.07
2022-11-07T17:00:00,634.683,444.278,190.405,6.96,2.08
2022-11-07T18:00:00,565.685,395.98,169.706,6.96,2.09
2022-11-07T19:00:00,487.009,340.906,146.103,6.96,2.09
2022-11-07T20:00:00,400.0,280.0,120.0,6.97,2.1
2022-11-07T21:00:00,306.147,214.303,91.844,6.97,2.11
2022-11-07T22:00:00,207.055,144.939,62.117,6.98,2.11
2022-11-07T23:00:00,104.421,73.095,31.326,6.98,2.12
2022-11-08T00:00:00,0.0,0.0,0.0,6.99,2.13
2022-11-08T01:00:00,104.421,73.095,31.326,6.99,2.14
2022-11-08T02:00:00,207.055,144.939,62.117,6.99,2.14
2022-11-08T03:00:00,306.147,214.303,91.844,7.0,2.15
2022-11-08T04:00:00,400.0,280.0,120.0,7.0,2.16
2022-11-08T05:00:00,487.009,340.906,146.103,7.01,2.16
2022-11-08T06:00:00,565.685,395.98,169.706,7.01,2.17
2022-11-08T07:00:00,634.683,444.278,190.405,7.02,2.18
2022-11-08T08:00:00,692.82,484.974,207.846,7.02,2.19
2022-11-08T09:00:00,739.104,517.373,221.731,7.03,2.19
2022-11-08T10:00:00,772.741,540.918,231.822,7.03,2.2
2022-11-08T11:00:00,793.156,555.209,237.947,7.03,2.21
2022-11-08T12:00:00,800.0,560.0,240.0,7.04,2.21
2022-11-08T13:00:00,793.156,555.209,237.947,7.04,2.22
2022-11-08T14:00:00,772.741,540.918,231.822,7.05,2.23
2022-11-08T15:00:00,739.104,517.373,221.731,7.05,2.23
2022-11-08T16:00:00,692.82,484.974,207.846,7.06,2.24
2022-11-08T17:00:00,634.683,444.278,190.405,7.06,2.25
2022-11-08T18:00:00,565.685,395.98,169.706,7.06,2.26
2022-11-08T19:00:00,487.009,340.906,146.103,7.07,2.26
2022-11-08T20:00:00,400.0,280.0,120.0,7.07,2.27
2022-11-08T21:00:00,306.147,214.303,91.844,7.08,2.28
2022-11-08T22:00:00,207.055,144.939,62.117,7.08,2.28
2022-11-08T23:00:00,104.421,73.095,31.326,7.09,2.29
2022-11-09T00:00:00,0.0,0.0,0.0,7.09,2.3
2022-11-09T01:00:00,104.421,73.095,31.326,7.09,2.3
2022-11-09T02:00:00,207.055,144.939,62.117,7.1,2.31
2022-11-09T03:00:00,306.147,214.303,91.844,7.1,2.32
2022-11-09T04:00:00,400.0,280.0,120.0,7.11,2.32
2022-11-09T05:00:00,487.009,340.906,146.103,7.11,2.33
2022-11-09T06:00:00,565.685,395.98,169.706,7.12,2.34
2022-11-09T07:00:00,634.683,444.278,190.405,7.12,2.34
2022-11-09T08:00:00,692.82,484.974,207.846,7.13,2.35
2022-11-09T09:00:00,739.104,517.373,221.731,7.13,2.36
2022-11-09T10:00:00,772.741,540.918,231.822,7.13,2.36
2022-11-09T11:00:00,793.156,555.209,237.947,7.14,2.37
2022-11-09T12:00:00,800.0,560.0,240.0,7.14,2.38
2022-11-09T13:00:00,793.156,555.209,237.947,7.15,2.38
2022-11-09T14:00:00,772.741,540.918,231.822,7.15,2.39
2022-11-09T15:00:00,739.104,517.373,221.731,7.16,2.4
2022-11-09T16:00:00,692.82,484.974,207.846,7.16,2.4
2022-11-09T17:00:00,634.683,444.278,190.405,7.17,2.41
2022-11-09T18:00:00,565.685,395.98,169.706,7.17,2.42
2022-11-09T19:00:00,487.009,340.906,146.103,7.17,2.42
2022-11-09T20:00:00,400.0,280.0,120.0,7.18,2.43
2022-11-09T21:00:00,306.147,214.303,91.844,7.18,2.44
2022-11-09T22:00:00,207.055,144.939,62.117,7.19,2.44
2022-11-09T23:00:00,104.421,73.095,31.326,7.19,2.45
2022-11-10T00:00:00,0.0,0.0,0.0,7.2,2.46
2022-11-10T01:00:00,104.421,73.095,31.326,7.2,2.46
2022-11-10T02:00:00,207.055,144.939,62.117,7.21,2.47
2022-11-10T03:00:00,306.147,214.303,91.844,7.21,2.47
2022-11-10T04:00:00,400.0,280.0,120.0,7.22,2.48
2022-11-10T05:00:00,487.009,340.906,146.103,7.22,2.49
2022-11-10T06:00:00,565.685,395.98,169.706,7.22,2.49
2022-11-10T07:00:00,634.683,444.278,190.405,7.23,2.5
2022-11-10T08:00:00,692.82,484.974,207.846,7.23,2.51
2022-11-10T09:00:00,739.104,517.373,221.731,7.24,2.51
2022-11-10T10:00:00,772.741,540.918,231.822,7.24,2.52
2022-11-10T11:00:00,793.156,555.209,237.947,7.25,2.52
2022-11-10T12:00:00,800.0,560.0,240.0,7.25,2.53
2022-11-10T13:00:00,793.156,555.209,237.947,7.26,2.54
2022-11-10T14:00:00,772.741,540.918,231.822,7.26,2.54
2022-11-10T15:00:00,739.104,517.373,221.731,7.26,2.55
2022-11-10T16:00:00,692.82,484.974,207.846,7.27,2.55
2022-11-10T17:00:00,634.683,444.278,190.405,7.27,2.56
2022-11-10T18:00:00,565.685,395.98,169.706,7.28,2.57
2022-11-10T19:00:00,487.009,340.906,146.103,7.28,2.57
2022-11-10T20:00:00,400.0,280.0,120.0,7.29,2.58
2022-11-10T21:00:00,306.147,214.303,91.844,7.29,2.58
2022-11-10T22:00:00,207.055,144.939,62.117,7.3,2.59
2022-11-10T23:00:00,104.421,73.095,31.326,7.3,2.6
2022-11-11T00:00:00,0.0,0.0,0.0,7.31,2.6
2022-11-11T01:00:00,104.421,73.095,31.326,7.31,2.61
2022-11-11T02:00:00,207.055,144.939,62.117,7.32,2.61
2022-11-11T03:00:00,306.147,214.303,91.844,7.32,2.62
2022-11-11T04:00:00,400.0,280.0,120.0,7.32,2.62
2022-11-11T05:00:00,487.009,340.906,146.103,7.33,2.63
2022-11-11T06:00:00,565.685,395.98,169.706,7.33,2.64
2022-11-11T07:00:00,634.683,444.278,190.405,7.34,2.64
2022-11-11T08:00:00,692.82,484.974,207.846,7.34,2.65
2022-11-11T09:00:00,739.104,517.373,221.731,7.35,2.65
2022-11-11T10:00:00,772.741,540.918,231.822,7.35,2.66
2022-11-11T11:00:00,793.156,555.209,237.947,7.36,2.66
2022-11-11T12:00:00,800.0,560.0,240.0,7.36,2.67
2022-11-11T13:00:00,793.156,555.209,237.947,7.37,2.67
2022-11-11T14:00:00,772.741,540.918,231.822,7.37,2.68
2022-11-11T15:00:00,739.104,517.373,221.731,7.38,2.68
2022-11-11T16:00:00,692.82,484.974,207.846,7.38,2.69
2022-11-11T17:00:00,634.683,444.278,190.405,7.38,2.69
2022-11-11T18:00:00,565.685,395.98,169.706,7.39,2.7
2022-11-11T19:00:00,487.009,340.906,146.103,7.39,2.7
2022-11-11T20:00:00,400.0,280.0,120.0,7.4,2.71
2022-11-11T21:00:00,306.147,214.303,91.844,7.4,2.71
2022-11-11T22:00:00,207.055,144.939,62.117,7.41,2.72
2022-11-11T23:00:00,104.421,73.095,31.326,7.41,2.72
2022-11-12T00:00:00,0.0,0.0,0.0,7.42,2.73
2022-11-12T01:00:00,104.421,73.095,31.326,7.42,2.73
2022-11-12T02:00:00,207.055,144.939,62.117,7.43,2.74
2022-11-12T03:00:00,306.147,214.303,91.844,7.43,2.74
2022-11-12T04:00:00,400.0,280.0,120.0,7.44,2.75
2022-11-12T05:00:00,487.009,340.906,146.103,7.44,2.75
2022-11-12T06:00:00,565.685,395.98,169.706,7.45,2.76
2022-11-12T07:00:00,634.683,444.278,190.405,7.45,2.76
2022-11-12T08:00:00,692.82,484.974,207.846,7.45,2.77
2022-11-12T09:00:00,739.104,517.373,221.731,7.46,2.77
2022-11-12T10:00:00,772.741,540.918,231.822,7.46,2.78
2022-11-12T11:00:00,793.156,555.209,237.947,7.47,2.78
2022-11-12T12:00:00,800.0,560.0,240.0,7.47,2.79
2022-11-12T13:00:00,793.156,555.209,237.947,7.48,2.79
2022-11-12T14:00:00,772.741,540.918,231.822,7.48,2.79
2022-11-12T15:00:00,739.104,517.373,221.731,7.49,2.8
2022-11-12T16:00:00,692.82,484.974,207.846,7.49,2.8
2022-11-12T17:00:00,634.683,444.278,190.405,7.5,2.81
2022-11-12T18:00:00,565.685,395.98,169.706,7.5,2.81
2022-11-12T19:00:00,487.009,340.906,146.103,7.51,2.82
2022-11-12T20:00:00,400.0,280.0,120.0,7.51,2.82
2022-11-12T21:00:00,306.147,214.303,91.844,7.52,2.82
2022-11-12T22:00:00,207.055,144.939,62.117,7.52,2.83
2022-11-12T23:00:00,104.421,73.095,31.326,7.53,2.83
2022-11-13T00:00:00,0.0,0.0,0.0,7.53,2.84
2022-11-13T01:00:00,104.421,73.095,31.326,7.54,2.84
2022-11-13T02:00:00,207.055,144.939,62.117,7.54,2.84
2022-11-13T03:00:00,306.147,214.303,91.844,7.54,2.85
2022-11-13T04:00:00,400.0,280.0,120.0,7.55,2.85
2022-11-13T05:00:00,487.009,340.906,146.103,7.55,2.86
2022-11-13T06:00:00,565.685,395.98,169.706,7.56,2.86
2022-11-13T07:00:00,634.683,444.278,190.405,7.56,2.86
2022-11-13T08:00:00,692.82,484.974,207.846,7.57,2.87
2022-11-13T09:00:00,739.104,517.373,221.731,7.57,2.87
2022-11-13T10:00:00,772.741,540.918,231.822,7.58,2.87
2022-11-13T11:00:00,793.156,555.209,237.947,7.58,2.88
2022-11-13T12:00:00,800.0,560.0,240.0,7.59,2.88
2022-11-13T13:00:00,793.156,555.209,237.947,7.59,2.88
2022-11-13T14:00:00,772.741,540.918,231.822,7.6,2.89
2022-11-13T15:00:00,739.104,517.373,221.731,7.6,2.89
2022-11-13T16:00:00,692.82,484.974,207.846,7.61,2.89
2022-11-13T17:00:00,634.683,444.278,190.405,7.61,2.9
2022-11-13T18:00:00,565.685,395.98,169.706,7.62,2.9
2022-11-13T19:00:00,487.009,340.906,146.103,7.62,2.9
2022-11-13T20:00:00,400.0,280.0,120.0,7.63,2.91
2022-11-13T21:00:00,306.147,214.303,91.844,7.63,2.91
2022-11-13T22:00:00,207.055,144.939,62.117,7.64,2.91
2022-11-13T23:00:00,104.421,73.095,31.326,7.64,2.91
2022-11-14T00:00:00,0.0,0.0,0.0,7.65,2.92
2022-11-14T01:00:00,104.421,73.095,31.326,7.65,2.92
2022-11-14T02:00:00,207.055,144.939,62.117,7.66,2.92
2022-11-14T03:00:00,306.147,214.303,91.844,7.66,2.93
2022-11-14T04:00:00,400.0,280.0,120.0,7.67,2.93
2022-11-14T05:00:00,487.009,340.906,146.103,7.67,2.93
2022-11-14T06:00:00,565.685,395.98,169.706,7.68,2.93
2022-11-14T07:00:00,634.683,444.278,190.405,7.68,2.94
2022-11-14T08:00:00,692.82,484.974,207.846,7.68,2.94
2022-11-14T09:00:00,739.104,517.373,221.731,7.69,2.94
2022-11-14T10:00:00,772.741,540.918,231.822,7.69,2.94
2022-11-14T11:00:00,793.156,555.209,237.947,7.7,2.95
2022-11-14T12:00:00,800.0,560.0,240.0,7.7,2.95
2022-11-14T13:00:00,793.156,555.209,237.947,7.71,2.95
2022-11-14T14:00:00,772.741,540.918,231.822,7.71,2.95
2022-11-14T15:00:00,739.104,517.373,221.731,7.72,2.95
2022-11-14T16:00:00,692.82,484.974,207.846,7.72,2.96
2022-11-14T17:00:00,634.683,444.278,190.405,7.73,2.96
2022-11-14T18:00:00,565.685,395.98,169.706,7.73,2.96
2022-11-14T19:00:00,487.009,340.906,146.103,7.74,2.96
2022-11-14T20:00:00,400.0,280.0,120.0,7.74,2.96
2022-11-14T21:00:00,306.147,214.303,91.844,7.75,2.97
2022-11-14T22:00:00,207.055,144.939,62.117,7.75,2.97
2022-11-14T23:00:00,104.421,73.095,31.326,7.76,2.97
2022-11-15T00:00:00,0.0,0.0,0.0,7.76,2.97
2022-11-15T01:00:00,104.421,73.095,31.326,7.77,2.97
2022-11-15T02:00:00,207.055,144.939,62.117,7.77,2.98
2022-11-15T03:00:00,306.147,214.303,91.844,7.78,2.98
2022-11-15T04:00:00,400.0,280.0,120.0,7.78,2.98
2022-11-15T05:00:00,487.009,340.906,146.103,7.79,2.98
2022-11-15T06:00:00,565.685,395.98,169.706,7.79,2.98
2022-11-15T07:00:00,634.683,444.278,190.405,7.8,2.98
2022-11-15T08:00:00,692.82,484.974,207.846,7.8,2.98
2022-11-15T09:00:00,739.104,517.373,221.731,7.81,2.99
2022-11-15T10:00:00,772.741,540.918,231.822,7.81,2.99
2022-11-15T11:00:00,793.156,555.209,237.947,7.82,2.99
2022-11-15T12:00:00,800.0,560.0,240.0,7.82,2.99
2022-11-15T13:00:00,793.156,555.209,237.947,7.83,2.99
2022-11-15T14:00:00,772.741,540.918,231.822,7.83,2.99
2022-11-15T15:00:00,739.104,517.373,221.731,7.84,2.99
2022-11-15T16:00:00,692.82,484.974,207.846,7.84,2.99
2022-11-15T17:00:00,634.683,444.278,190.405,7.85,2.99
2022-11-15T18:00:00,565.685,395.98,169.706,7.85,2.99
2022-11-15T19:00:00,487.009,340.906,146.103,7.86,2.99
2022-11-15T20:00:00,400.0,280.0,120.0,7.86,3.0
2022-11-15T21:00:00,306.147,214.303,91.844,7.87,3.0
2022-11-15T22:00:00,207.055,144.939,62.117,7.87,3.0
2022-11-15T23:00:00,104.421,73.095,31.326,7.88,3.0
2022-11-16T00:00:00,0.0,0.0,0.0,7.88,3.0
2022-11-16T01:00:00,104.421,73.095,31.326,7.89,3.0
2022-11-16T02:00:00,207.055,144.939,62.117,7.89,3.0
2022-11-16T03:00:00,306.147,214.303,91.844,7.9,3.0
2022-11-16T04:00:00,400.0,280.0,120.0,7.9,3.0
2022-11-16T05:00:00,487.009,340.906,146.103,7.91,3.0
2022-11-16T06:00:00,565.685,395.98,169.706,7.91,3.0
2022-11-16T07:00:00,634.683,444.278,190.405,7.92,3.0
2022-11-16T08:00:00,692.82,484.974,207.846,7.92,3.0
2022-11-16T09:00:00,739.104,517.373,221.731,7.93,3.0
2022-11-16T10:00:00,772.741,540.918,231.822,7.93,3.0
2022-11-16T11:00:00,793.156,555.209,237.947,7.94,3.0
2022-11-16T12:00:00,800.0,560.0,240.0,7.94,3.0
2022-11-16T13:00:00,793.156,555.209,237.947,7.95,3.0
2022-11-16T14:00:00,772.741,540.918,231.822,7.95,3.0
2022-11-16T15:00:00,739.104,517.373,221.731,7.96,3.0
2022-11-16T16:00:00,692.82,484.974,207.846,7.96,3.0
2022-11-16T17:00:00,634.683,444.278,190.405,7.97,3.0
2022-11-16T18:00:00,565.685,395.98,169.706,7.97,3.0
2022-11-16T19:00:00,487.009,340.906,146.103,7.98,3.0
2022-11-16T20:00:00,400.0,280.0,120.0,7.98,3.0
2022-11-16T21:00:00,306.147,214.303,91.844,7.99,3.0
2022-11-16T22:00:00,207.055,144.939,62.117,8.0,3.0
2022-11-16T23:00:00,104.421,73.095,31.326,8.0,2.99
2022-11-17T00:00:00,0.0,0.0,0.0,8.01,2.99
2022-11-17T01:00:00,104.421,73.095,31.326,8.01,2.99
2022-11-17T02:00:00,207.055,144.939,62.117,8.02,2.99
2022-11-17T03:00:00,306.147,214.303,91.844,8.02,2.99
2022-11-17T04:00:00,400.0,280.0,120.0,8.03,2.99
2022-11-17T05:00:00,487.009,340.906,146.103,8.03,2.99
2022-11-17T06:00:00,565.685,395.98,169.706,8.04,2.99
2022-11-17T07:00:00,634.683,444.278,190.405,8.04,2.99
2022-11-17T08:00:00,692.82,484.974,207.846,8.05,2.99
2022-11-17T09:00:00,739.104,517.373,221.731,8.05,2.99
2022-11-17T10:00:00,772.741,540.918,231.822,8.06,2.98
2022-11-17T11:00:00,793.156,555.209,237.947,8.06,2.98
2022-11-17T12:00:00,800.0,560.0,240.0,8.07,2.98
2022-11-17T13:00:00,793.156,555.209,237.947,8.07,2.98
2022-11-17T14:00:00,772.741,540.918,231.822,8.08,2.98
2022-11-17T15:00:00,739.104,517.373,221.731,8.08,2.98
2022-11-17T16:00:00,692.82,484.974,207.846,8.09,2.98
2022-11-17T17:00:00,634.683,444.278,190.405,8.09,2.97
2022-11-17T18:00:00,565.685,395.98,169.706,8.1,2.97
2022-11-17T19:00:00,487.009,340.906,146.103,8.1,2.97
2022-11-17T20:00:00,400.0,280.0,120.0,8.11,2.97
2022-11-17T21:00:00,306.147,214.303,91.844,8.11,2.97
2022-11-17T22:00:00,207.055,144.939,62.117,8.12,2.96
2022-11-17T23:00:00,104.421,73.095,31.326,8.12,2.96
2022-11-18T00:00:00,0.0,0.0,0.0,8.13,2.96
2022-11-18T01:00:00,104.421,73.095,31.326,8.13,2.96
2022-11-18T02:00:00,207.055,144.939,62.117,8.14,2.96
2022-11-18T03:00:00,306.147,214.303,91.844,8.15,2.95
2022-11-18T04:00:00,400.0,280.0,120.0,8.15,2.95
2022-11-18T05:00:00,487.009,340.906,146.103,8.16,2.95
2022-11-18T06:00:00,565.685,395.98,169.706,8.16,2.95
2022-11-18T07:00:00,634.683,444.278,190.405,8.17,2.95
2022-11-18T08:00:00,692.82,484.974,207.846,8.17,2.94
2022-11-18T09:00:00,739.104,517.373,221.731,8.18,2.94
2022-11-18T10:00:00,772.741,540.918,231.822,8.18,2.94
2022-11-18T11:00:00,793.156,555.209,237.947,8.19,2.94
2022-11-18T12:00:00,800.0,560.0,240.0,8.19,2.93
2022-11-18T13:00:00,793.156,555.209,237.947,8.2,2.93
2022-11-18T14:00:00,772.741,540.918,231.822,8.2,2.93
2022-11-18T15:00:00,739.104,517.373,221.731,8.21,2.93
2022-11-18T16:00:00,692.82,484.974,207.846,8.21,2.92
2022-11-18T17:00:00,634.683,444.278,190.405,8.22,2.92
2022-11-18T18:00:00,565.685,395.98,169.706,8.22,2.92
2022-11-18T19:00:00,487.009,340.906,146.103,8.23,2.91
2022-11-18T20:00:00,400.0,280.0,120.0,8.23,2.91
2022-11-18T21:00:00,306.147,214.303,91.844,8.24,2.91
2022-11-18T22:00:00,207.055,144.939,62.117,8.24,2.91
2022-11-18T23:00:00,104.421,73.095,31.326,8.25,2.9
2022-11-19T00:00:00,0.0,0.0,0.0,8.26,2.9
2022-11-19T01:00:00,104.421,73.095,31.326,8.26,2.9
2022-11-19T02:00:00,207.055,144.939,62.117,8.27,2.89
2022-11-19T03:00:00,306.147,214.303,91.844,8.27,2.89
2022-11-19T04:00:00,400.0,280.0,120.0,8.28,2.89
2022-11-19T05:00:00,487.009,340.906,146.103,8.28,2.88
2022-11-19T06:00:00,565.685,395.98,169.706,8.29,2.88
2022-11-19T07:00:00,634.683,444.278,190.405,8.29,2.88
2022-11-19T08:00:00,692.82,484.974,207.846,8.3,2.87
2022-11-19T09:00:00,739.104,517.373,221.731,8.3,2.87
2022-11-19T10:00:00,772.741,540.918,231.822,8.31,2.87
2022-11-19T11:00:00,793.156,555.209,237.947,8.31,2.86
2022-11-19T12:00:00,800.0,560.0,240.0,8.32,2.86
2022-11-19T13:00:00,793.156,555.209,237.947,8.32,2.86
2022-11-19T14:00:00,772.741,540.918,231.822,8.33,2.85
2022-11-19T15:00:00,739.104,517.373,221.731,8.34,2.85
2022-11-19T16:00:00,692.82,484.974,207.846,8.34,2.84
2022-11-19T17:00:00,634.683,444.278,190.405,8.35,2.84
2022-11-19T18:00:00,565.685,395.98,169.706,8.35,2.84
2022-11-19T19:00:00,487.009,340.906,146.103,8.36,2.83
2022-11-19T20:00:00,400.0,280.0,120.0,8.36,2.83
2022-11-19T21:00:00,306.147,214.303,91.844,8.37,2.82
2022-11-19T22:00:00,207.055,144.939,62.117,8.37,2.82
2022-11-19T23:00:00,104.421,73.095,31.326,8.38,2.82
2022-11-20T00:00:00,0.0,0.0,0.0,8.38,2.81
2022-11-20T01:00:00,104.421,73.095,31.326,8.39,2.81
2022-11-20T02:00:00,207.055,144.939,62.117,8.39,2.8
2022-11-20T03:00:00,306.147,214.303,91.844,8.4,2.8
2022-11-20T04:00:00,400.0,280.0,120.0,8.41,2.79
2022-11-20T05:00:00,487.009,340.906,146.103,8.41,2.79
2022-11-20T06:00:00,565.685,395.98,169.706,8.42,2.79
2022-11-20T07:00:00,634.683,444.278,190.405,8.42,2.78
2022-11-20T08:00:00,692.82,484.974,207.846,8.43,2.78
2022-11-20T09:00:00,739.104,517.373,221.731,8.43,2.77
2022-11-20T10:00:00,772.741,540.918,231.822,8.44,2.77
2022-11-20T11:00:00,793.156,555.209,237.947,8.44,2.76
2022-11-20T12:00:00,800.0,560.0,240.0,8.45,2.76
2022-11-20T13:00:00,793.156,555.209,237.947,8.45,2.75
2022-11-20T14:00:00,772.741,540.918,231.822,8.46,2.75
2022-11-20T15:00:00,739.104,517.373,221.731,8.46,2.74
2022-11-20T16:00:00,692.82,484.974,207.846,8.47,2.74
2022-11-20T17:00:00,634.683,444.278,190.405,8.48,2.73
2022-11-20T18:00:00,565.685,395.98,169.706,8.48,2.73
2022-11-20T19:00:00,487.009,340.906,146.103,8.49,2.72
2022-11-20T20:00:00,400.0,280.0,120.0,8.49,2.72
2022-11-20T21:00:00,306.147,214.303,91.844,8.5,2.71
2022-11-20T22:00:00,207.055,144.939,62.117,8.5,2.71
2022-11-20T23:00:00,104.421,73.095,31.326,8.51,2.7
2022-11-21T00:00:00,0.0,0.0,0.0,8.51,2.7
2022-11-21T01:00:00,104.421,73.095,31.326,8.52,2.69
2022-11-21T02:00:00,207.055,144.939,62.117,8.52,2.69
2022-11-21T03:00:00,306.147,214.303,91.844,8.53,2.68
2022-11-21T04:00:00,400.0,280.0,120.0,8.54,2.68
2022-11-21T05:00:00,487.009,340.906,146.103,8.54,2.67
2022-11-21T06:00:00,565.685,395.98,169.706,8.55,2.67
2022-11-21T07:00:00,634.683,444.278,190.405,8.55,2.66
2022-11-21T08:00:00,692.82,484.974,207.846,8.56,2.66
2022-11-21T09:00:00,739.104,517.373,221.731,8.56,2.65
2022-11-21T10:00:00,772.741,540.918,231.822,8.57,2.65
2022-11-21T11:00:00,793.156,555.209,237.947,8.57,2.64
2022-11-21T12:00:00,800.0,560.0,240.0,8.58,2.64
2022-11-21T13:00:00,793.156,555.209,237.947,8.58,2.63
2022-11-21T14:00:00,772.741,540.918,231.822,8.59,2.62
2022-11-21T15:00:00,739.104,517.373,221.731,8.6,2.62
2022-11-21T16:00:00,692.82,484.974,207.846,8.6,2.61
2022-11-21T17:00:00,634.683,444.278,190.405,8.61,2.61
2022-11-21T18:00:00,565.685,395.98,169.706,8.61,2.6
2022-11-21T19:00:00,487.009,340.906,146.103,8.62,2.6
2022-11-21T20:00:00,400.0,280.0,120.0,8.62,2.59
2022-11-21T21:00:00,306.147,214.303,91.844,8.63,2.58
2022-11-21T22:00:00,207.055,144.939,62.117,8.63,2.58
2022-11-21T23:00:00,104.421,73.095,31.326,8.64,2.57
2022-11-22T00:00:00,0.0,0.0,0.0,8.65,2.57
2022-11-22T01:00:00,104.421,73.095,31.326,8.65,2.56
2022-11-22T02:00:00,207.055,144.939,62.117,8.66,2.55
2022-11-22T03:00:00,306.147,214.303,91.844,8.66,2.55
2022-11-22T04:00:00,400.0,280.0,120.0,8.67,2.54
2022-11-22T05:00:00,487.009,340.906,146.103,8.67,2.54
2022-11-22T06:00:00,565.685,395.98,169.706,8.68,2.53
2022-11-22T07:00:00,634.683,444.278,190.405,8.68,2.52
2022-11-22T08:00:00,692.82,484.974,207.846,8.69,2.52
2022-11-22T09:00:00,739.104,517.373,221.731,8.7,2.51
2022-11-22T10:00:00,772.741,540.918,231.822,8.7,2.51
2022-11-22T11:00:00,793.156,555.209,237.947,8.71,2.5
2022-11-22T12:00:00,800.0,560.0,240.0,8.71,2.49
2022-11-22T13:00:00,793.156,555.209,237.947,8.72,2.49
2022-11-22T14:00:00,772.741,540.918,231.822,8.72,2.48
2022-11-22T15:00:00,739.104,517.373,221.731,8.73,2.47
2022-11-22T16:00:00,692.82,484.974,207.846,8.73,2.47
2022-11-22T17:00:00,634.683,444.278,190.405,8.74,2.46
2022-11-22T18:00:00,565.685,395.98,169.706,8.75,2.46
2022-11-22T19:00:00,487.009,340.906,146.103,8.75,2.45
2022-11-22T20:00:00,400.0,280.0,120.0,8.76,2.44
2022-11-22T21:00:00,306.147,214.303,91.844,8.76,2.44
2022-11-22T22:00:00,207.055,144.939,62.117,8.77,2.43
2022-11-22T23:00:00,104.421,73.095,31.326,8.77,2.42
2022-11-23T00:00:00,0.0,0.0,0.0,8.78,2.42
2022-11-23T01:00:00,104.421,73.095,31.326,8.79,2.41
2022-11-23T02:00:00,207.055,144.939,62.117,8.79,2.4
2022-11-23T03:00:00,306.147,214.303,91.844,8.8,2.4
2022-11-23T04:00:00,400.0,280.0,120.0,8.8,2.39
2022-11-23T05:00:00,487.009,340.906,146.103,8.81,2.38
2022-11-23T06:00:00,565.685,395.98,169.706,8.81,2.38
2022-11-23T07:00:00,634.683,444.278,190.405,8.82,2.37
2022-11-23T08:00:00,692.82,484.974,207.846,8.82,2.36
2022-11-23T09:00:00,739.104,517.373,221.731,8.83,2.36
2022-11-23T10:00:00,772.741,540.918,231.822,8.84,2.35
2022-11-23T11:00:00,793.156,555.209,237.947,8.84,2.34
2022-11-23T12:00:00,800.0,560.0,240.0,8.85,2.34
2022-11-23T13:00:00,793.156,555.209,237.947,8.85,2.33
2022-11-23T14:00:00,772.741,540.918,231.822,8.86,2.32
2022-11-23T15:00:00,739.104,517.373,221.731,8.86,2.32
2022-11-23T16:00:00,692.82,484.974,207.846,8.87,2.31
2022-11-23T17:00:00,634.683,444.278,190.405,8.88,2.3
2022-11-23T18:00:00,565.685,395.98,169.706,8.88,2.3
2022-11-23T19:00:00,487.009,340.906,146.103,8.89,2.29
2022-11-23T20:00:00,400.0,280.0,120.0,8.89,2.28
2022-11-23T21:00:00,306.147,214.303,91.844,8.9,2.28
2022-11-23T22:00:00,207.055,144.939,62.117,8.9,2.27
2022-11-23T23:00:00,104.421,73.095,31.326,8.91,2.26
2022-11-24T00:00:00,0.0,0.0,0.0,8.92,2.26
2022-11-24T01:00:00,104.421,73.095,31.326,8.92,2.25
2022-11-24T02:00:00,207.055,144.939,62.117,8.93,2.24
2022-11-24T03:00:00,306.147,214.303,91.844,8.93,2.23
2022-11-24T04:00:00,400.0,280.0,120.0,8.94,2.23
2022-11-24T05:00:00,487.009,340.906,146.103,8.94,2.22
2022-11-24T06:00:00,565.685,395.98,169.706,8.95,2.21
2022-11-24T07:00:00,634.683,444.278,190.405,8.96,2.21
2022-11-24T08:00:00,692.82,484.974,207.846,8.96,2.2
2022-11-24T09:00:00,739.104,517.373,221.731,8.97,2.19
2022-11-24T10:00:00,772.741,540.918,231.822,8.97,2.19
2022-11-24T11:00:00,793.156,555.209,237.947,8.98,2.18
2022-11-24T12:00:00,800.0,560.0,240.0,8.98,2.17
2022-11-24T13:00:00,793.156,555.209,237.947,8.99,2.16
2022-11-24T14:00:00,772.741,540.918,231.822,9.0,2.16
2022-11-24T15:00:00,739.104,517.373,221.731,9.0,2.15
2022-11-24T16:00:00,692.82,484.974,207.846,9.01,2.14
2022-11-24T17:00:00,634.683,444.278,190.405,9.01,2.14
2022-11-24T18:00:00,565.685,395.98,169.706,9.02,2.13
2022-11-24T19:00:00,487.009,340.906,146.103,9.02,2.12
2022-11-24T20:00:00,400.0,280.0,120.0,9.03,2.11
2022-11-24T21:00:00,306.147,214.303,91.844,9.04,2.11
2022-11-24T22:00:00,207.055,144.939,62.117,9.04,2.1
2022-11-24T23:00:00,104.421,73.095,31.326,9.05,2.09
2022-11-25T00:00:00,0.0,0.0,0.0,9.05,2.09
2022-11-25T01:00:00,104.421,73.095,31.326,9.06,2.08
2022-11-25T02:00:00,207.055,144.939,62.117,9.06,2.07
2022-11-25T03:00:00,306.147,214.303,91.844,9.07,2.06
2022-11-25T04:00:00,400.0,280.0,120.0,9.08,2.06
2022-11-25T05:00:00,487.009,340.906,146.103,9.08,2.05
2022-11-25T06:00:00,565.685,395.98,169.706,9.09,2.04
2022-11-25T07:00:00,634.683,444.278,190.405,9.09,2.04
2022-11-25T08:00:00,692.82,484.974,207.846,9.1,2.03
2022-11-25T09:00:00,739.104,517.373,221.731,9.1,2.02
2022-11-25T10:00:00,772.741,540.918,231.822,9.11,2.01
2022-11-25T11:00:00,793.156,555.209,237.947,9.12,2.01
2022-11-25T12:00:00,800.0,560.0,240.0,9.12,2.0
2022-11-25T13:00:00,793.156,555.209,237.947,9.13,2.01
2022-11-25T14:00:00,772.741,540.918,231.822,9.13,2.01
2022-11-25T15:00:00,739.104,517.373,221.731,9.14,2.02
2022-11-25T16:00:00,692.82,484.974,207.846,9.15,2.03
2022-11-25T17:00:00,634.683,444.278,190.405,9.15,2.04
2022-11-25T18:00:00,565.685,395.98,169.706,9.16,2.04
2022-11-25T19:00:00,487.009,340.906,146.103,9.16,2.05
2022-11-25T20:00:00,400.0,280.0,120.0,9.17,2.06
2022-11-25T21:00:00,306.147,214.303,91.844,9.17,2.06
2022-11-25T22:00:00,207.055,144.939,62.117,9.18,2.07
2022-11-25T23:00:00,104.421,73.095,31.326,9.19,2.08
2022-11-26T00:00:00,0.0,0.0,0.0,9.19,2.09
2022-11-26T01:00:00,104.421,73.095,31.326,9.2,2.09
2022-11-26T02:00:00,207.055,144.939,62.117,9.2,2.1
2022-11-26T03:00:00,306.147,214.303,91.844,9.21,2.11
2022-11-26T04:00:00,400.0,280.0,120.0,9.22,2.11
2022-11-26T05:00:00,487.009,340.906,146.103,9.22,2.12
2022-11-26T06:00:00,565.685,395.98,169.706,9.23,2.13
2022-11-26T07:00:00,634.683,444.278,190.405,9.23,2.14
2022-11-26T08:00:00,692.82,484.974,207.846,9.24,2.14
2022-11-26T09:00:00,739.104,517.373,221.731,9.24,2.15
2022-11-26T10:00:00,772.741,540.918,231.822,9.25,2.16
2022-11-26T11:00:00,793.156,555.209,237.947,9.26,2.16
2022-11-26T12:00:00,800.0,560.0,240.0,9.26,2.17
2022-11-26T13:00:00,793.156,555.209,237.947,9.27,2.18
2022-11-26T14:00:00,772.741,540.918,231.822,9.27,2.19
2022-11-26T15:00:00,739.104,517.373,221.731,9.28,2.19
2022-11-26T16:00:00,692.82,484.974,207.846,9.29,2.2
2022-11-26T17:00:00,634.683,444.278,190.405,9.29,2.21
2022-11-26T18:00:00,565.685,395.98,169.706,9.3,2.21
2022-11-26T19:00:00,487.009,340.906,146.103,9.3,2.22
2022-11-26T20:00:00,400.0,280.0,120.0,9.31,2.23
2022-11-26T21:00:00,306.147,214.303,91.844,9.32,2.23
2022-11-26T22:00:00,207.055,144.939,62.117,9.32,2.24
2022-11-26T23:00:00,104.421,73.095,31.326,9.33,2.25
2022-11-27T00:00:00,0.0,0.0,0.0,9.33,2.26
2022-11-27T01:00:00,104.421,73.095,31.326,9.34,2.26
2022-11-27T02:00:00,207.055,144.939,62.117,9.34,2.27
2022-11-27T03:00:00,306.147,214.303,91.844,9.35,2.28
2022-11-27T04:00:00,400.0,280.0,120.0,9.36,2.28
2022-11-27T05:00:00,487.009,340.906,146.103,9.36,2.29
2022-11-27T06:00:00,565.685,395.98,169.706,9.37,2.3
2022-11-27T07:00:00,634.683,444.278,190.405,9.37,2.3
2022-11-27T08:00:00,692.82,484.974,207.846,9.38,2.31
2022-11-27T09:00:00,739.104,517.373,221.731,9.39,2.32
2022-11-27T10:00:00,772.741,540.918,231.822,9.39,2.32
2022-11-27T11:00:00,793.156,555.209,237.947,9.4,2.33
2022-11-27T12:00:00,800.0,560.0,240.0,9.4,2.34
2022-11-27T13:00:00,793.156,555.209,237.947,9.41,2.34
2022-11-27T14:00:00,772.741,540.918,231.822,9.42,2.35
2022-11-27T15:00:00,739.104,517.373,221.731,9.42,2.36
2022-11-27T16:00:00,692.82,484.974,207.846,9.43,2.36
2022-11-27T17:00:00,634.683,444.278,190.405,9.43,2.37
2022-11-27T18:00:00,565.685,395.98,169.706,9.44,2.38
2022-11-27T19:00:00,487.009,340.906,146.103,9.45,2.38
2022-11-27T20:00:00,400.0,280.0,120.0,9.45,2.39
2022-11-27T21:00:00,306.147,214.303,91.844,9.46,2.4
2022-11-27T22:00:00,207.055,144.939,62.117,9.46,2.4
2022-11-27T23:00:00,104.421,73.095,31.326,9.47,2.41
2022-11-28T00:00:00,0.0,0.0,0.0,9.48,2.42
2022-11-28T01:00:00,104.421,73.095,31.326,9.48,2.42
2022-11-28T02:00:00,207.055,144.939,62.117,9.49,2.43
2022-11-28T03:00:00,306.147,214.303,91.844,9.49,2.44
2022-11-28T04:00:00,400.0,280.0,120.0,9.5,2.44
2022-11-28T05:00:00,487.009,340.906,146.103,9.51,2.45
2022-11-28T06:00:00,565.685,395.98,169.706,9.51,2.46
2022-11-28T07:00:00,634.683,444.278,190.405,9.52,2.46
2022-11-28T08:00:00,692.82,484.974,207.846,9.52,2.47
2022-11-28T09:00:00,739.104,517.373,221.731,9.53,2.47
2022-11-28T10:00:00,772.741,540.918,231.822,9.54,2.48
2022-11-28T11:00:00,793.156,555.209,237.947,9.54,2.49
2022-11-28T12:00:00,800.0,560.0,240.0,9.55,2.49
2022-11-28T13:00:00,793.156,555.209,237.947,9.55,2.5
2022-11-28T14:00:00,772.741,540.918,231.822,9.56,2.51
2022-11-28T15:00:00,739.104,517.373,221.731,9.57,2.51
2022-11-28T16:00:00,692.82,484.974,207.846,9.57,2.52
2022-11-28T17:00:00,634.683,444.278,190.405,9.58,2.52
2022-11-28T18:00:00,565.685,395.98,169.706,9.58,2.53
2022-11-28T19:00:00,487.009,340.906,146.103,9.59,2.54
2022-11-28T20:00:00,400.0,280.0,120.0,9.6,2.54
2022-11-28T21:00:00,306.147,214.303,91.844,9.6,2.55
2022-11-28T22:00:00,207.055,144.939,62.117,9.61,2.55
2022-11-28T23:00:00,104.421,73.095,31.326,9.61,2.56
2022-11-29T00:00:00,0.0,0.0,0.0,9.62,2.57
2022-11-29T01:00:00,104.421,73.095,31.326,9.63,2.57
2022-11-29T02:00:00,207.055,144.939,62.117,9.63,2.58
2022-11-29T03:00:00,306.147,214.303,91.844,9.64,2.58
2022-11-29T04:00:00,400.0,280.0,120.0,9.64,2.59
2022-11-29T05:00:00,487.009,340.906,146.103,9.65,2.6
2022-11-29T06:00:00,565.685,395.98,169.706,9.66,2.6
2022-11-29T07:00:00,634.683,444.278,190.405,9.66,2.61
2022-11-29T08:00:00,692.82,484.974,207.846,9.67,2.61
2022-11-29T09:00:00,739.104,517.373,221.731,9.67,2.62
2022-11-29T10:00:00,772.741,540.918,231.822,9.68,2.62
2022-11-29T11:00:00,793.156,555.209,237.947,9.69,2.63
2022-11-29T12:00:00,800.0,560.0,240.0,9.69,2.64
2022-11-29T13:00:00,793.156,555.209,237.947,9.7,2.64
2022-11-29T14:00:00,772.741,540.918,231.822,9.7,2.65
2022-11-29T15:00:00,739.104,517.373,221.731,9.71,2.65
2022-11-29T16:00:00,692.82,484.974,207.846,9.72,2.66
2022-11-29T17:00:00,634.683,444.278,190.405,9.72,2.66
2022-11-29T18:00:00,565.685,395.98,169.706,9.73,2.67
2022-11-29T19:00:00,487.009,340.906,146.103,9.74,2.67
2022-11-29T20:00:00,400.0,280.0,120.0,9.74,2.68
2022-11-29T21:00:00,306.147,214.303,91.844,9.75,2.68
2022-11-29T22:00:00,207.055,144.939,62.117,9.75,2.69
2022-11-29T23:00:00,104.421,73.095,31.326,9.76,2.69
2022-11-30T00:00:00,0.0,0.0,0.0,9.77,2.7
2022-11-30T01:00:00,104.421,73.095,31.326,9.77,2.7
2022-11-30T02:00:00,207.055,144.939,62.117,9.78,2.71
2022-11-30T03:00:00,306.147,214.303,91.844,9.78,2.71
2022-11-30T04:00:00,400.0,280.0,120.0,9.79,2.72
2022-11-30T05:00:00,487.009,340.906,146.103,9.8,2.72
2022-11-30T06:00:00,565.685,395.98,169.706,9.8,2.73
2022-11-30T07:00:00,634.683,444.278,190.405,9.81,2.73
2022-11-30T08:00:00,692.82,484.974,207.846,9.81,2.74
2022-11-30T09:00:00,739.104,517.373,221.731,9.82,2.74
2022-11-30T10:00:00,772.741,540.918,231.822,9.83,2.75
2022-11-30T11:00:00,793.156,555.209,237.947,9.83,2.75
2022-11-30T12:00:00,800.0,560.0,240.0,9.84,2.76
2022-11-30T13:00:00,793.156,555.209,237.947,9.85,2.76
2022-11-30T14:00:00,772.741,540.918,231.822,9.85,2.77
2022-11-30T15:00:00,739.104,517.373,221.731,9.86,2.77
2022-11-30T16:00:00,692.82,484.974,207.846,9.86,2.78
2022-11-30T17:00:00,634.683,444.278,190.405,9.87,2.78
2022-11-30T18:00:00,565.685,395.98,169.706,9.88,2.79
2022-11-30T19:00:00,487.009,340.906,146.103,9.88,2.79
2022-11-30T20:00:00,400.0,280.0,120.0,9.89,2.79
2022-11-30T21:00:00,306.147,214.303,91.844,9.89,2.8
2022-11-30T22:00:00,207.055,144.939,62.117,9.9,2.8
2022-11-30T23:00:00,104.421,73.095,31.326,9.91,2.81
2022-12-01T00:00:00,0.0,0.0,0.0,9.91,2.81
2022-12-01T01:00:00,104.421,73.095,31.326,9.92,2.82
2022-12-01T02:00:00,207.055,144.939,62.117,9.93,2.82
2022-12-01T03:00:00,306.147,214.303,91.844,9.93,2.82
2022-12-01T04:00:00,400.0,280.0,120.0,9.94,2.83
2022-12-01T05:00:00,487.009,340.906,146.103,9.94,2.83
2022-12-01T06:00:00,565.685,395.98,169.706,9.95,2.84
2022-12-01T07:00:00,634.683,444.278,190.405,9.96,2.84
2022-12-01T08:00:00,692.82,484.974,207.846,9.96,2.84
2022-12-01T09:00:00,739.104,517.373,221.731,9.97,2.85
2022-12-01T10:00:00,772.741,540.918,231.822,9.98,2.85
2022-12-01T11:00:00,793.156,555.209,237.947,9.98,2.86
2022-12-01T12:00:00,800.0,560.0,240.0,9.99,2.86
2022-12-01T13:00:00,793.156,555.209,237.947,9.99,2.86
2022-12-01T14:00:00,772.741,540.918,231.822,10.0,2.87
2022-12-01T15:00:00,739.104,517.373,221.731,10.01,2.87
2022-12-01T16:00:00,692.82,484.974,207.846,10.01,2.87
2022-12-01T17:00:00,634.683,444.278,190.405,10.02,2.88
2022-12-01T18:00:00,565.685,395.98,169.706,10.02,2.88
2022-12-01T19:00:00,487.009,340.906,146.103,10.03,2.88
2022-12-01T20:00:00,400.0,280.0,120.0,10.04,2.89
2022-12-01T21:00:00,306.147,214.303,91.844,10.04,2.89
2022-12-01T22:00:00,207.055,144.939,62.117,10.05,2.89
2022-12-01T23:00:00,104.421,73.095,31.326,10.06,2.9
2022-12-02T00:00:00,0.0,0.0,0.0,10.06,2.9
2022-12-02T01:00:00,104.421,73.095,31.326,10.07,2.9
2022-12-02T02:00:00,207.055,144.939,62.117,10.07,2.91
2022-12-02T03:00:00,306.147,214.303,91.844,10.08,2.91
2022-12-02T04:00:00,400.0,280.0,120.0,10.09,2.91
2022-12-02T05:00:00,487.009,340.906,146.103,10.09,2.91
2022-12-02T06:00:00,565.685,395.98,169.706,10.1,2.92
2022-12-02T07:00:00,634.683,444.278,190.405,10.11,2.92
2022-12-02T08:00:00,692.82,484.974,207.846,10.11,2.92
2022-12-02T09:00:00,739.104,517.373,221.731,10.12,2.93
2022-12-02T10:00:00,772.741,540.918,231.822,10.12,2.93
2022-12-02T11:00:00,793.156,555.209,237.947,10.13,2.93
2022-12-02T12:00:00,800.0,560.0,240.0,10.14,2.93
2022-12-02T13:00:00,793.156,555.209,237.947,10.14,2.94
2022-12-02T14:00:00,772.741,540.918,231.822,10.15,2.94
2022-12-02T15:00:00,739.104,517.373,221.731,10.16,2.94
2022-12-02T16:00:00,692.82,484.974,207.846,10.16,2.94
2022-12-02T17:00:00,634.683,444.278,190.405,10.17,2.95
2022-12-02T18:00:00,565.685,395.98,169.706,10.17,2.95
2022-12-02T19:00:00,487.009,340.906,146.103,10.18,2.95
2022-12-02T20:00:00,400.0,280.0,120.0,10.19,2.95
2022-12-02T21:00:00,306.147,214.303,91.844,10.19,2.95
2022-12-02T22:00:00,207.055,144.939,62.117,10.2,2.96
2022-12-02T23:00:00,104.421,73.095,31.326,10.21,2.96
2022-12-03T00:00:00,0.0,0.0,0.0,10.21,2.96
2022-12-03T01:00:00,104.421,73.095,31.326,10.22,2.96
2022-12-03T02:00:00,207.055,144.939,62.117,10.23,2.96
2022-12-03T03:00:00,306.147,214.303,91.844,10.23,2.97
2022-12-03T04:00:00,400.0,280.0,120.0,10.24,2.97
2022-12-03T05:00:00,487.009,340.906,146.103,10.24,2.97
2022-12-03T06:00:00,565.685,395.98,169.706,10.25,2.97
2022-12-03T07:00:00,634.683,444.278,190.405,10.26,2.97
2022-12-03T08:00:00,692.82,484.974,207.846,10.26,2.98
2022-12-03T09:00:00,739.104,517.373,221.731,10.27,2.98
2022-12-03T10:00:00,772.741,540.918,231.822,10.28,2.98
2022-12-03T11:00:00,793.156,555.209,237.947,10.28,2.98
2022-12-03T12:00:00,800.0,560.0,240.0,10.29,2.98
2022-12-03T13:00:00,793.156,555.209,237.947,10.29,2.98
2022-12-03T14:00:00,772.741,540.918,231.822,10.3,2.98
2022-12-03T15:00:00,739.104,517.373,221.731,10.31,2.99
2022-12-03T16:00:00,692.82,484.974,207.846,10.31,2.99
2022-12-03T17:00:00,634.683,444.278,190.405,10.32,2.99
2022-12-03T18:00:00,565.685,395.98,169.706,10.33,2.99
2022-12-03T19:00:00,487.009,340.906,146.103,10.33,2.99
2022-12-03T20:00:00,400.0,280.0,120.0,10.34,2.99
2022-12-03T21:00:00,306.147,214.303,91.844,10.35,2.99
2022-12-03T22:00:00,207.055,144.939,62.117,10.35,2.99
2022-12-03T23:00:00,104.421,73.095,31.326,10.36,2.99
2022-12-04T00:00:00,0.0,0.0,0.0,10.36,2.99
2022-12-04T01:00:00,104.421,73.095,31.326,10.37,2.99
2022-12-04T02:00:00,207.055,144.939,62.117,10.38,3.0
2022-12-04T03:00:00,306.147,214.303,91.844,10.38,3.0
2022-12-04T04:00:00,400.0,280.0,120.0,10.39,3.0
2022-12-04T05:00:00,487.009,340.906,146.103,10.4,3.0
2022-12-04T06:00:00,565.685,395.98,169.706,10.4,3.0
2022-12-04T07:00:00,634.683,444.278,190.405,10.41,3.0
2022-12-04T08:00:00,692.82,484.974,207.846,10.42,3.0
2022-12-04T09:00:00,739.104,517.373,221.731,10.42,3.0
2022-12-04T10:00:00,772.741,540.918,231.822,10.43,3.0
2022-12-04T11:00:00,793.156,555.209,237.947,10.43,3.0
2022-12-04T12:00:00,800.0,560.0,240.0,10.44,3.0
2022-12-04T13:00:00,793.156,555.209,237.947,10.45,3.0
2022-12-04T14:00:00,772.741,540.918,231.822,10.45,3.0
2022-12-04T15:00:00,739.104,517.373,221.731,10.46,3.0
2022-12-04T16:00:00,692.82,484.974,207.846,10.47,3.0
2022-12-04T17:00:00,634.683,444.278,190.405,10.47,3.0
2022-12-04T18:00:00,565.685,395.98,169.706,10.48,3.0
2022-12-04T19:00:00,487.009,340.906,146.103,10.49,3.0
2022-12-04T20:00:00,400.0,280.0,120.0,10.49,3.0
2022-12-04T21:00:00,306.147,214.303,91.844,10.5,3.0
2022-12-04T22:00:00,207.055,144.939,62.117,10.5,3.0
2022-12-04T23:00:00,104.421,73.095,31.326,10.51,3.0
2022-12-05T00:00:00,0.0,0.0,0.0,10.52,3.0
2022-12-05T01:00:00,104.421,73.095,31.326,10.52,3.0
2022-12-05T02:00:00,207.055,144.939,62.117,10.53,3.0
2022-12-05T03:00:00,306.147,214.303,91.844,10.54,3.0
2022-12-05T04:00:00,400.0,280.0,120.0,10.54,3.0
2022-12-05T05:00:00,487.009,340.906,146.103,10.55,2.99
2022-12-05T06:00:00,565.685,395.98,169.706,10.56,2.99
2022-12-05T07:00:00,634.683,444.278,190.405,10.56,2.99
2022-12-05T08:00:00,692.82,484.974,207.846,10.57,2.99
2022-12-05T09:00:00,739.104,517.373,221.731,10.58,2.99
2022-12-05T10:00:00,772.741,540.918,231.822,10.58,2.99
2022-12-05T11:00:00,793.156,555.209,237.947,10.59,2.99
2022-12-05T12:00:00,800.0,560.0,240.0,10.59,2.99
2022-12-05T13:00:00,793.156,555.209,237.947,10.6,2.99
2022-12-05T14:00:00,772.741,540.918,231.822,10.61,2.99
2022-12-05T15:00:00,739.104,517.373,221.731,10.61,2.99
2022-12-05T16:00:00,692.82,484.974,207.846,10.62,2.98
2022-12-05T17:00:00,634.683,444.278,190.405,10.63,2.98
2022-12-05T18:00:00,565.685,395.98,169.706,10.63,2.98
2022-12-05T19:00:00,487.009,340.906,146.103,10.64,2.98
2022-12-05T20:00:00,400.0,280.0,120.0,10.65,2.98
2022-12-05T21:00:00,306.147,214.303,91.844,10.65,2.98
2022-12-05T22:00:00,207.055,144.939,62.117,10.66,2.98
2022-12-05T23:00:00,104.421,73.095,31.326,10.67,2.97
2022-12-06T00:00:00,0.0,0.0,0.0,10.67,2.97
2022-12-06T01:00:00,104.421,73.095,31.326,10.68,2.97
2022-12-06T02:00:00,207.055,144.939,62.117,10.69,2.97
2022-12-06T03:00:00,306.147,214.303,91.844,10.69,2.97
2022-12-06T04:00:00,400.0,280.0,120.0,10.7,2.96
2022-12-06T05:00:00,487.009,340.906,146.103,10.7,2.96
2022-12-06T06:00:00,565.685,395.98,169.706,10.71,2.96
2022-12-06T07:00:00,634.683,444.278,190.405,10.72,2.96
2022-12-06T08:00:00,692.82,484.974,207.846,10.72,2.96
2022-12-06T09:00:00,739.104,517.373,221.731,10.73,2.95
2022-12-06T10:00:00,772.741,540.918,231.822,10.74,2.95
2022-12-06T11:00:00,793.156,555.209,237.947,10.74,2.95
2022-12-06T12:00:00,800.0,560.0,240.0,10.75,2.95
2022-12-06T13:00:00,793.156,555.209,237.947,10.76,2.95
2022-12-06T14:00:00,772.741,540.918,231.822,10.76,2.94
2022-12-06T15:00:00,739.104,517.373,221.731,10.77,2.94
2022-12-06T16:00:00,692.82,484.974,207.846,10.78,2.94
2022-12-06T17:00:00,634.683,444.278,190.405,10.78,2.94
2022-12-06T18:00:00,565.685,395.98,169.706,10.79,2.93
2022-12-06T19:00:00,487.009,340.906,146.103,10.8,2.93
2022-12-06T20:00:00,400.0,280.0,120.0,10.8,2.93
2022-12-06T21:00:00,306.147,214.303,91.844,10.81,2.93
2022-12-06T22:00:00,207.055,144.939,62.117,10.82,2.92
2022-12-06T23:00:00,104.421,73.095,31.326,10.82,2.92
2022-12-07T00:00:00,0.0,0.0,0.0,10.83,2.92
2022-12-07T01:00:00,104.421,73.095,31.326,10.83,2.91
2022-12-07T02:00:00,207.055,144.939,62.117,10.84,2.91
2022-12-07T03:00:00,306.147,214.303,91.844,10.85,2.91
2022-12-07T04:00:00,400.0,280.0,120.0,10.85,2.91
2022-12-07T05:00:00,487.009,340.906,146.103,10.86,2.9
2022-12-07T06:00:00,565.685,395.98,169.706,10.87,2.9
2022-12-07T07:00:00,634.683,444.278,190.405,10.87,2.9
2022-12-07T08:00:00,692.82,484.974,207.846,10.88,2.89
2022-12-07T09:00:00,739.104,517.373,221.731,10.89,2.89
2022-12-07T10:00:00,772.741,540.918,231.822,10.89,2.89
2022-12-07T11:00:00,793.156,555.209,237.947,10.9,2.88
2022-12-07T12:00:00,800.0,560.0,240.0,10.91,2.88
2022-12-07T13:00:00,793.156,555.209,237.947,10.91,2.88
2022-12-07T14:00:00,772.741,540.918,231.822,10.92,2.87
2022-12-07T15:00:00,739.104,517.373,221.731,10.93,2.87
2022-12-07T16:00:00,692.82,484.974,207.846,10.93,2.87
2022-12-07T17:00:00,634.683,444.278,190.405,10.94,2.86
2022-12-07T18:00:00,565.685,395.98,169.706,10.95,2.86
2022-12-07T19:00:00,487.009,340.906,146.103,10.95,2.86
2022-12-07T20:00:00,400.0,280.0,120.0,10.96,2.85
2022-12-07T21:00:00,306.147,214.303,91.844,10.97,2.85
2022-12-07T22:00:00,207.055,144.939,62.117,10.97,2.84
2022-12-07T23:00:00,104.421,73.095,31.326,10.98,2.84
2022-12-08T00:00:00,0.0,0.0,0.0,10.99,2.84
2022-12-08T01:00:00,104.421,73.095,31.326,10.99,2.83
2022-12-08T02:00:00,207.055,144.939,62.117,11.0,2.83
2022-12-08T03:00:00,306.147,214.303,91.844,11.0,2.82
2022-12-08T04:00:00,400.0,280.0,120.0,11.01,2.82
2022-12-08T05:00:00,487.009,340.906,146.103,11.02,2.82
2022-12-08T06:00:00,565.685,395.98,169.706,11.02,2.81
2022-12-08T07:00:00,634.683,444.278,190.405,11.03,2.81
2022-12-08T08:00:00,692.82,484.974,207.846,11.04,2.8
2022-12-08T09:00:00,739.104,517.373,221.731,11.04,2.8
2022-12-08T10:00:00,772.741,540.918,231.822,11.05,2.79
2022-12-08T11:00:00,793.156,555.209,237.947,11.06,2.79
2022-12-08T12:00:00,800.0,560.0,240.0,11.06,2.79
2022-12-08T13:00:00,793.156,555.209,237.947,11.07,2.78
2022-12-08T14:00:00,772.741,540.918,231.822,11.08,2.78
2022-12-08T15:00:00,739.104,517.373,221.731,11.08,2.77
2022-12-08T16:00:00,692.82,484.974,207.846,11.09,2.77
2022-12-08T17:00:00,634.683,444.278,190.405,11.1,2.76
2022-12-08T18:00:00,565.685,395.98,169.706,11.1,2.76
2022-12-08T19:00:00,487.009,340.906,146.103,11.11,2.75
2022-12-08T20:00:00,400.0,280.0,120.0,11.12,2.75
2022-12-08T21:00:00,306.147,214.303,91.844,11.12,2.74
2022-12-08T22:00:00,207.055,144.939,62.117,11.13,2.74
2022-12-08T23:00:00,104.421,73.095,31.326,11.14,2.73
2022-12-09T00:00:00,0.0,0.0,0.0,11.14,2.73
2022-12-09T01:00:00,104.421,73.095,31.326,11.15,2.72
2022-12-09T02:00:00,207.055,144.939,62.117,11.16,2.72
2022-12-09T03:00:00,306.147,214.303,91.844,11.16,2.71
2022-12-09T04:00:00,400.0,280.0,120.0,11.17,2.71
2022-12-09T05:00:00,487.009,340.906,146.103,11.18,2.7
2022-12-09T06:00:00,565.685,395.98,169.706,11.18,2.7
2022-12-09T07:00:00,634.683,444.278,190.405,11.19,2.69
2022-12-09T08:00:00,692.82,484.974,207.846,11.2,2.69
2022-12-09T09:00:00,739.104,517.373,221.731,11.2,2.68
2022-12-09T10:00:00,772.741,540.918,231.822,11.21,2.68
2022-12-09T11:00:00,793.156,555.209,237.947,11.22,2.67
2022-12-09T12:00:00,800.0,560.0,240.0,11.22,2.67
2022-12-09T13:00:00,793.156,555.209,237.947,11.23,2.66
2022-12-09T14:00:00,772.741,540.918,231.822,11.24,2.66
2022-12-09T15:00:00,739.104,517.373,221.731,11.24,2.65
2022-12-09T16:00:00,692.82,484.974,207.846,11.25,2.65
2022-12-09T17:00:00,634.683,444.278,190.405,11.26,2.64
2022-12-09T18:00:00,565.685,395.98,169.706,11.26,2.64
2022-12-09T19:00:00,487.009,340.906,146.103,11.27,2.63
2022-12-09T20:00:00,400.0,280.0,120.0,11.28,2.62
2022-12-09T21:00:00,306.147,214.303,91.844,11.28,2.62
2022-12-09T22:00:00,207.055,144.939,62.117,11.29,2.61
2022-12-09T23:00:00,104.421,73.095,31.326,11.3,2.61
2022-12-10T00:00:00,0.0,0.0,0.0,11.3,2.6
2022-12-10T01:00:00,104.421,73.095,31.326,11.31,2.6
2022-12-10T02:00:00,207.055,144.939,62.117,11.32,2.59
2022-12-10T03:00:00,306.147,214.303,91.844,11.32,2.58
2022-12-10T04:00:00,400.0,280.0,120.0,11.33,2.58
2022-12-10T05:00:00,487.009,340.906,146.103,11.34,2.57
2022-12-10T06:00:00,565.685,395.98,169.706,11.34,2.57
2022-12-10T07:00:00,634.683,444.278,190.405,11.35,2.56
2022-12-10T08:00:00,692.82,484.974,207.846,11.36,2.55
2022-12-10T09:00:00,739.104,517.373,221.731,11.36,2.55
2022-12-10T10:00:00,772.741,540.918,231.822,11.37,2.54
2022-12-10T11:00:00,793.156,555.209,237.947,11.38,2.54
2022-12-10T12:00:00,800.0,560.0,240.0,11.38,2.53
2022-12-10T13:00:00,793.156,555.209,237.947,11.39,2.52
2022-12-10T14:00:00,772.741,540.918,231.822,11.4,2.52
2022-12-10T15:00:00,739.104,517.373,221.731,11.4,2.51
2022-12-10T16:00:00,692.82,484.974,207.846,11.41,2.51
2022-12-10T17:00:00,634.683,444.278,190.405,11.42,2.5
2022-12-10T18:00:00,565.685,395.98,169.706,11.42,2.49
2022-12-10T19:00:00,487.009,340.906,146.103,11.43,2.49
2022-12-10T20:00:00,400.0,280.0,120.0,11.44,2.48
2022-12-10T21:00:00,306.147,214.303,91.844,11.44,2.47
2022-12-10T22:00:00,207.055,144.939,62.117,11.45,2.47
2022-12-10T23:00:00,104.421,73.095,31.326,11.46,2.46
2022-12-11T00:00:00,0.0,0.0,0.0,11.46,2.46
2022-12-11T01:00:00,104.421,73.095,31.326,11.47,2.45
2022-12-11T02:00:00,207.055,144.939,62.117,11.48,2.44
2022-12-11T03:00:00,306.147,214.303,91.844,11.48,2.44
2022-12-11T04:00:00,400.0,280.0,120.0,11.49,2.43
2022-12-11T05:00:00,487.009,340.906,146.103,11.5,2.42
2022-12-11T06:00:00,565.685,395.98,169.706,11.5,2.42
2022-12-11T07:00:00,634.683,444.278,190.405,11.51,2.41
2022-12-11T08:00:00,692.82,484.974,207.846,11.52,2.4
2022-12-11T09:00:00,739.104,517.373,221.731,11.52,2.4
2022-12-11T10:00:00,772.741,540.918,231.822,11.53,2.39
2022-12-11T11:00:00,793.156,555.209,237.947,11.54,2.38
2022-12-11T12:00:00,800.0,560.0,240.0,11.54,2.38
2022-12-11T13:00:00,793.156,555.209,237.947,11.55,2.37
2022-12-11T14:00:00,772.741,540.918,231.822,11.56,2.36
2022-12-11T15:00:00,739.104,517.373,221.731,11.56,2.36
2022-12-11T16:00:00,692.82,484.974,207.846,11.57,2.35
2022-12-11T17:00:00,634.683,444.278,190.405,11.58,2.34
2022-12-11T18:00:00,565.685,395.98,169.706,11.58,2.34
2022-12-11T19:00:00,487.009,340.906,146.103,11.59,2.33
2022-12-11T20:00:00,400.0,280.0,120.0,11.6,2.32
2022-12-11T21:00:00,306.147,214.303,91.844,11.6,2.32
2022-12-11T22:00:00,207.055,144.939,62.117,11.61,2.31
2022-12-11T23:00:00,104.421,73.095,31.326,11.62,2.3
2022-12-12T00:00:00,0.0,0.0,0.0,11.62,2.3
2022-12-12T01:00:00,104.421,73.095,31.326,11.63,2.29
2022-12-12T02:00:00,207.055,144.939,62.117,11.64,2.28
2022-12-12T03:00:00,306.147,214.303,91.844,11.65,2.28
2022-12-12T04:00:00,400.0,280.0,120.0,11.65,2.27
2022-12-12T05:00:00,487.009,340.906,146.103,11.66,2.26
2022-12-12T06:00:00,565.685,395.98,169.706,11.67,2.26
2022-12-12T07:00:00,634.683,444.278,190.405,11.67,2.25
2022-12-12T08:00:00,692.82,484.974,207.846,11.68,2.24
2022-12-12T09:00:00,739.104,517.373,221.731,11.69,2.23
2022-12-12T10:00:00,772.741,540.918,231.822,11.69,2.23
2022-12-12T11:00:00,793.156,555.209,237.947,11.7,2.22
2022-12-12T12:00:00,800.0,560.0,240.0,11.71,2.21
2022-12-12T13:00:00,793.156,555.209,237.947,11.71,2.21
2022-12-12T14:00:00,772.741,540.918,231.822,11.72,2.2
2022-12-12T15:00:00,739.104,517.373,221.731,11.73,2.19
2022-12-12T16:00:00,692.82,484.974,207.846,11.73,2.19
2022-12-12T17:00:00,634.683,444.278,190.405,11.74,2.18
2022-12-12T18:00:00,565.685,395.98,169.706,11.75,2.17
2022-12-12T19:00:00,487.009,340.906,146.103,11.75,2.16
2022-12-12T20:00:00,400.0,280.0,120.0,11.76,2.16
2022-12-12T21:00:00,306.147,214.303,91.844,11.77,2.15
2022-12-12T22:00:00,207.055,144.939,62.117,11.77,2.14
2022-12-12T23:00:00,104.421,73.095,31.326,11.78,2.14
2022-12-13T00:00:00,0.0,0.0,0.0,11.79,2.13
2022-12-13T01:00:00,104.421,73.095,31.326,11.79,2.12
2022-12-13T02:00:00,207.055,144.939,62.117,11.8,2.11
2022-12-13T03:00:00,306.147,214.303,91.844,11.81,2.11
2022-12-13T04:00:00,400.0,280.0,120.0,11.81,2.1
2022-12-13T05:00:00,487.009,340.906,146.103,11.82,2.09
2022-12-13T06:00:00,565.685,395.98,169.706,11.83,2.09
2022-12-13T07:00:00,634.683,444.278,190.405,11.83,2.08
2022-12-13T08:00:00,692.82,484.974,207.846,11.84,2.07
2022-12-13T09:00:00,739.104,517.373,221.731,11.85,2.06
2022-12-13T10:00:00,772.741,540.918,231.822,11.86,2.06
2022-12-13T11:00:00,793.156,555.209,237.947,11.86,2.05
2022-12-13T12:00:00,800.0,560.0,240.0,11.87,2.04
2022-12-13T13:00:00,793.156,555.209,237.947,11.88,2.04
2022-12-13T14:00:00,772.741,540.918,231.822,11.88,2.03
2022-12-13T15:00:00,739.104,517.373,221.731,11.89,2.02
2022-12-13T16:00:00,692.82,484.974,207.846,11.9,2.01
2022-12-13T17:00:00,634.683,444.278,190.405,11.9,2.01
2022-12-13T18:00:00,565.685,395.98,169.706,11.91,2.0
2022-12-13T19:00:00,487.009,340.906,146.103,11.92,2.01
2022-12-13T20:00:00,400.0,280.0,120.0,11.92,2.01
2022-12-13T21:00:00,306.147,214.303,91.844,11.93,2.02
2022-12-13T22:00:00,207.055,144.939,62.117,11.94,2.03
2022-12-13T23:00:00,104.421,73.095,31.326,11.94,2.04
2022-12-14T00:00:00,0.0,0.0,0.0,11.95,2.04
2022-12-14T01:00:00,104.421,73.095,31.326,11.96,2.05
2022-12-14T02:00:00,207.055,144.939,62.117,11.96,2.06
2022-12-14T03:00:00,306.147,214.303,91.844,11.97,2.06
2022-12-14T04:00:00,400.0,280.0,120.0,11.98,2.07
2022-12-14T05:00:00,487.009,340.906,146.103,11.98,2.08
2022-12-14T06:00:00,565.685,395.98,169.706,11.99,2.09
2022-12-14T07:00:00,634.683,444.278,190.405,12.0,2.09
2022-12-14T08:00:00,692.82,484.974,207.846,12.01,2.1
2022-12-14T09:00:00,739.104,517.373,221.731,12.01,2.11
2022-12-14T10:00:00,772.741,540.918,231.822,12.02,2.11
2022-12-14T11:00:00,793.156,555.209,237.947,12.03,2.12
2022-12-14T12:00:00,800.0,560.0,240.0,12.03,2.13
2022-12-14T13:00:00,793.156,555.209,237.947,12.04,2.14
2022-12-14T14:00:00,772.741,540.918,231.822,12.05,2.14
2022-12-14T15:00:00,739.104,517.373,221.731,12.05,2.15
2022-12-14T16:00:00,692.82,484.974,207.846,12.06,2.16
2022-12-14T17:00:00,634.683,444.278,190.405,12.07,2.16
2022-12-14T18:00:00,565.685,395.98,169.706,12.07,2.17
2022-12-14T19:00:00,487.009,340.906,146.103,12.08,2.18
2022-12-14T20:00:00,400.0,280.0,120.0,12.09,2.19
2022-12-14T21:00:00,306.147,214.303,91.844,12.09,2.19
2022-12-14T22:00:00,207.055,144.939,62.117,12.1,2.2
2022-12-14T23:00:00,104.421,73.095,31.326,12.11,2.21
2022-12-15T00:00:00,0.0,0.0,0.0,12.12,2.21
2022-12-15T01:00:00,104.421,73.095,31.326,12.12,2.22
2022-12-15T02:00:00,207.055,144.939,62.117,12.13,2.23
2022-12-15T03:00:00,306.147,214.303,91.844,12.14,2.23
2022-12-15T04:00:00,400.0,280.0,120.0,12.14,2.24
2022-12-15T05:00:00,487.009,340.906,146.103,12.15,2.25
2022-12-15T06:00:00,565.685,395.98,169.706,12.16,2.26
2022-12-15T07:00:00,634.683,444.278,190.405,12.16,2.26
2022-12-15T08:00:00,692.82,484.974,207.846,12.17,2.27
2022-12-15T09:00:00,739.104,517.373,221.731,12.18,2.28
2022-12-15T10:00:00,772.741,540.918,231.822,12.18,2.28
2022-12-15T11:00:00,793.156,555.209,237.947,12.19,2.29
2022-12-15T12:00:00,800.0,560.0,240.0,12.2,2.3
2022-12-15T13:00:00,793.156,555.209,237.947,12.2,2.3
2022-12-15T14:00:00,772.741,540.918,231.822,12.21,2.31
2022-12-15T15:00:00,739.104,517.373,221.731,12.22,2.32
2022-12-15T16:00:00,692.82,484.974,207.846,12.23,2.32
2022-12-15T17:00:00,634.683,444.278,190.405,12.23,2.33
2022-12-15T18:00:00,565.685,395.98,169.706,12.24,2.34
2022-12-15T19:00:00,487.009,340.906,146.103,12.25,2.34
2022-12-15T20:00:00,400.0,280.0,120.0,12.25,2.35
2022-12-15T21:00:00,306.147,214.303,91.844,12.26,2.36
2022-12-15T22:00:00,207.055,144.939,62.117,12.27,2.36
2022-12-15T23:00:00,104.421,73.095,31.326,12.27,2.37
2022-12-16T00:00:00,0.0,0.0,0.0,12.28,2.38
2022-12-16T01:00:00,104.421,73.095,31.326,12.29,2.38
2022-12-16T02:00:00,207.055,144.939,62.117,12.29,2.39
2022-12-16T03:00:00,306.147,214.303,91.844,12.3,2.4
2022-12-16T04:00:00,400.0,280.0,120.0,12.31,2.4
2022-12-16T05:00:00,487.009,340.906,146.103,12.31,2.41
2022-12-16T06:00:00,565.685,395.98,169.706,12.32,2.42
2022-12-16T07:00:00,634.683,444.278,190.405,12.33,2.42
2022-12-16T08:00:00,692.82,484.974,207.846,12.34,2.43
2022-12-16T09:00:00,739.104,517.373,221.731,12.34,2.44
2022-12-16T10:00:00,772.741,540.918,231.822,12.35,2.44
2022-12-16T11:00:00,793.156,555.209,237.947,12.36,2.45
2022-12-16T12:00:00,800.0,560.0,240.0,12.36,2.46
2022-12-16T13:00:00,793.156,555.209,237.947,12.37,2.46
2022-12-16T14:00:00,772.741,540.918,231.822,12.38,2.47
2022-12-16T15:00:00,739.104,517.373,221.731,12.38,2.47
2022-12-16T16:00:00,692.82,484.974,207.846,12.39,2.48
2022-12-16T17:00:00,634.683,444.278,190.405,12.4,2.49
2022-12-16T18:00:00,565.685,395.98,169.706,12.4,2.49
2022-12-16T19:00:00,487.009,340.906,146.103,12.41,2.5
2022-12-16T20:00:00,400.0,280.0,120.0,12.42,2.51
2022-12-16T21:00:00,306.147,214.303,91.844,12.43,2.51
2022-12-16T22:00:00,207.055,144.939,62.117,12.43,2.52
2022-12-16T23:00:00,104.421,73.095,31.326,12.44,2.52
2022-12-17T00:00:00,0.0,0.0,0.0,12.45,2.53
2022-12-17T01:00:00,104.421,73.095,31.326,12.45,2.54
2022-12-17T02:00:00,207.055,144.939,62.117,12.46,2.54
2022-12-17T03:00:00,306.147,214.303,91.844,12.47,2.55
2022-12-17T04:00:00,400.0,280.0,120.0,12.47,2.55
2022-12-17T05:00:00,487.009,340.906,146.103,12.48,2.56
2022-12-17T06:00:00,565.685,395.98,169.706,12.49,2.57
2022-12-17T07:00:00,634.683,444.278,190.405,12.5,2.57
2022-12-17T08:00:00,692.82,484.974,207.846,12.5,2.58
2022-12-17T09:00:00,739.104,517.373,221.731,12.51,2.58
2022-12-17T10:00:00,772.741,540.918,231.822,12.52,2.59
2022-12-17T11:00:00,793.156,555.209,237.947,12.52,2.6
2022-12-17T12:00:00,800.0,560.0,240.0,12.53,2.6
2022-12-17T13:00:00,793.156,555.209,237.947,12.54,2.61
2022-12-17T14:00:00,772.741,540.918,231.822,12.54,2.61
2022-12-17T15:00:00,739.104,517.373,221.731,12.55,2.62
2022-12-17T16:00:00,692.82,484.974,207.846,12.56,2.62
2022-12-17T17:00:00,634.683,444.278,190.405,12.56,2.63
2022-12-17T18:00:00,565.685,395.98,169.706,12.57,2.64
2022-12-17T19:00:00,487.009,340.906,146.103,12.58,2.64
2022-12-17T20:00:00,400.0,280.0,120.0,12.59,2.65
2022-12-17T21:00:00,306.147,214.303,91.844,12.59,2.65
2022-12-17T22:00:00,207.055,144.939,62.117,12.6,2.66
2022-12-17T23:00:00,104.421,73.095,31.326,12.61,2.66
2022-12-18T00:00:00,0.0,0.0,0.0,12.61,2.67
2022-12-18T01:00:00,104.421,73.095,31.326,12.62,2.67
2022-12-18T02:00:00,207.055,144.939,62.117,12.63,2.68
2022-12-18T03:00:00,306.147,214.303,91.844,12.63,2.68
2022-12-18T04:00:00,400.0,280.0,120.0,12.64,2.69
2022-12-18T05:00:00,487.009,340.906,146.103,12.65,2.69
2022-12-18T06:00:00,565.685,395.98,169.706,12.66,2.7
2022-12-18T07:00:00,634.683,444.278,190.405,12.66,2.7
2022-12-18T08:00:00,692.82,484.974,207.846,12.67,2.71
2022-12-18T09:00:00,739.104,517.373,221.731,12.68,2.71
2022-12-18T10:00:00,772.741,540.918,231.822,12.68,2.72
2022-12-18T11:00:00,793.156,555.209,237.947,12.69,2.72
2022-12-18T12:00:00,800.0,560.0,240.0,12.7,2.73
2022-12-18T13:00:00,793.156,555.209,237.947,12.7,2.73
2022-12-18T14:00:00,772.741,540.918,231.822,12.71,2.74
2022-12-18T15:00:00,739.104,517.373,221.731,12.72,2.74
2022-12-18T16:00:00,692.82,484.974,207.846,12.72,2.75
2022-12-18T17:00:00,634.683,444.278,190.405,12.73,2.75
2022-12-18T18:00:00,565.685,395.98,169.706,12.74,2.76
2022-12-18T19:00:00,487.009,340.906,146.103,12.75,2.76
2022-12-18T20:00:00,400.0,280.0,120.0,12.75,2.77
2022-12-18T21:00:00,306.147,214.303,91.844,12.76,2.77
2022-12-18T22:00:00,207.055,144.939,62.117,12.77,2.78
2022-12-18T23:00:00,104.421,73.095,31.326,12.77,2.78
2022-12-19T00:00:00,0.0,0.0,0.0,12.78,2.79
2022-12-19T01:00:00,104.421,73.095,31.326,12.79,2.79
2022-12-19T02:00:00,207.055,144.939,62.117,12.79,2.79
2022-12-19T03:00:00,306.147,214.303,91.844,12.8,2.8
2022-12-19T04:00:00,400.0,280.0,120.0,12.81,2.8
2022-12-19T05:00:00,487.009,340.906,146.103,12.82,2.81
2022-12-19T06:00:00,565.685,395.98,169.706,12.82,2.81
2022-12-19T07:00:00,634.683,444.278,190.405,12.83,2.82
2022-12-19T08:00:00,692.82,484.974,207.846,12.84,2.82
2022-12-19T09:00:00,739.104,517.373,221.731,12.84,2.82
2022-12-19T10:00:00,772.741,540.918,231.822,12.85,2.83
2022-12-19T11:00:00,793.156,555.209,237.947,12.86,2.83
2022-12-19T12:00:00,800.0,560.0,240.0,12.86,2.84
2022-12-19T13:00:00,793.156,555.209,237.947,12.87,2.84
2022-12-19T14:00:00,772.741,540.918,231.822,12.88,2.84
2022-12-19T15:00:00,739.104,517.373,221.731,12.89,2.85
2022-12-19T16:00:00,692.82,484.974,207.846,12.89,2.85
2022-12-19T17:00:00,634.683,444.278,190.405,12.9,2.86
2022-12-19T18:00:00,565.685,395.98,169.706,12.91,2.86
2022-12-19T19:00:00,487.009,340.906,146.103,12.91,2.86
2022-12-19T20:00:00,400.0,280.0,120.0,12.92,2.87
2022-12-19T21:00:00,306.147,214.303,91.844,12.93,2.87
2022-12-19T22:00:00,207.055,144.939,62.117,12.93,2.87
2022-12-19T23:00:00,104.421,73.095,31.326,12.94,2.88
2022-12-20T00:00:00,0.0,0.0,0.0,12.95,2.88
2022-12-20T01:00:00,104.421,73.095,31.326,12.96,2.88
2022-12-20T02:00:00,207.055,144.939,62.117,12.96,2.89
2022-12-20T03:00:00,306.147,214.303,91.844,12.97,2.89
2022-12-20T04:00:00,400.0,280.0,120.0,12.98,2.89
2022-12-20T05:00:00,487.009,340.906,146.103,12.98,2.9
2022-12-20T06:00:00,565.685,395.98,169.706,12.99,2.9
2022-12-20T07:00:00,634.683,444.278,190.405,13.0,2.9
2022-12-20T08:00:00,692.82,484.974,207.846,13.01,2.91
2022-12-20T09:00:00,739.104,517.373,221.731,13.01,2.91
2022-12-20T10:00:00,772.741,540.918,231.822,13.02,2.91
2022-12-20T11:00:00,793.156,555.209,237.947,13.03,2.91
2022-12-20T12:00:00,800.0,560.0,240.0,13.03,2.92
2022-12-20T13:00:00,793.156,555.209,237.947,13.04,2.92
2022-12-20T14:00:00,772.741,540.918,231.822,13.05,2.92
2022-12-20T15:00:00,739.104,517.373,221.731,13.05,2.93
2022-12-20T16:00:00,692.82,484.974,207.846,13.06,2.93
2022-12-20T17:00:00,634.683,444.278,190.405,13.07,2.93
2022-12-20T18:00:00,565.685,395.98,169.706,13.08,2.93
2022-12-20T19:00:00,487.009,340.906,146.103,13.08,2.94
2022-12-20T20:00:00,400.0,280.0,120.0,13.09,2.94
2022-12-20T21:00:00,306.147,214.303,91.844,13.1,2.94
2022-12-20T22:00:00,207.055,144.939,62.117,13.1,2.94
2022-12-20T23:00:00,104.421,73.095,31.326,13.11,2.95
2022-12-21T00:00:00,0.0,0.0,0.0,13.12,2.95
2022-12-21T01:00:00,104.421,73.095,31.326,13.12,2.95
2022-12-21T02:00:00,207.055,144.939,62.117,13.13,2.95
2022-12-21T03:00:00,306.147,214.303,91.844,13.14,2.95
2022-12-21T04:00:00,400.0,280.0,120.0,13.15,2.96
2022-12-21T05:00:00,487.009,340.906,146.103,13.15,2.96
2022-12-21T06:00:00,565.685,395.98,169.706,13.16,2.96
2022-12-21T07:00:00,634.683,444.278,190.405,13.17,2.96
2022-12-21T08:00:00,692.82,484.974,207.846,13.17,2.96
2022-12-21T09:00:00,739.104,517.373,221.731,13.18,2.97
2022-12-21T10:00:00,772.741,540.918,231.822,13.19,2.97
2022-12-21T11:00:00,793.156,555.209,237.947,13.2,2.97
2022-12-21T12:00:00,800.0,560.0,240.0,13.2,2.97
2022-12-21T13:00:00,793.156,555.209,237.947,13.21,2.97
2022-12-21T14:00:00,772.741,540.918,231.822,13.22,2.98
2022-12-21T15:00:00,739.104,517.373,221.731,13.22,2.98
2022-12-21T16:00:00,692.82,484.974,207.846,13.23,2.98
2022-12-21T17:00:00,634.683,444.278,190.405,13.24,2.98
2022-12-21T18:00:00,565.685,395.98,169.706,13.24,2.98
2022-12-21T19:00:00,487.009,340.906,146.103,13.25,2.98
2022-12-21T20:00:00,400.0,280.0,120.0,13.26,2.98
2022-12-21T21:00:00,306.147,214.303,91.844,13.27,2.99
2022-12-21T22:00:00,207.055,144.939,62.117,13.27,2.99
2022-12-21T23:00:00,104.421,73.095,31.326,13.28,2.99
2022-12-22T00:00:00,0.0,0.0,0.0,13.29,2.99
2022-12-22T01:00:00,104.421,73.095,31.326,13.29,2.99
2022-12-22T02:00:00,207.055,144.939,62.117,13.3,2.99
2022-12-22T03:00:00,306.147,214.303,91.844,13.31,2.99
2022-12-22T04:00:00,400.0,280.0,120.0,13.32,2.99
2022-12-22T05:00:00,487.009,340.906,146.103,13.32,2.99
2022-12-22T06:00:00,565.685,395.98,169.706,13.33,2.99
2022-12-22T07:00:00,634.683,444.278,190.405,13.34,2.99
2022-12-22T08:00:00,692.82,484.974,207.846,13.34,3.0
2022-12-22T09:00:00,739.104,517.373,221.731,13.35,3.0
2022-12-22T10:00:00,772.741,540.918,231.822,13.36,3.0
2022-12-22T11:00:00,793.156,555.209,237.947,13.36,3.0
2022-12-22T12:00:00,800.0,560.0,240.0,13.37,3.0
2022-12-22T13:00:00,793.156,555.209,237.947,13.38,3.0
2022-12-22T14:00:00,772.741,540.918,231.822,13.39,3.0
2022-12-22T15:00:00,739.104,517.373,221.731,13.39,3.0
2022-12-22T16:00:00,692.82,484.974,207.846,13.4,3.0
2022-12-22T17:00:00,634.683,444.278,190.405,13.41,3.0
2022-12-22T18:00:00,565.685,395.98,169.706,13.41,3.0
2022-12-22T19:00:00,487.009,340.906,146.103,13.42,3.0
2022-12-22T20:00:00,400.0,280.0,120.0,13.43,3.0
2022-12-22T21:00:00,306.147,214.303,91.844,13.44,3.0
2022-12-22T22:00:00,207.055,144.939,62.117,13.44,3.0
2022-12-22T23:00:00,104.421,73.095,31.326,13.45,3.0
2022-12-23T00:00:00,0.0,0.0,0.0,13.46,3.0
2022-12-23T01:00:00,104.421,73.095,31.326,13.46,3.0
2022-12-23T02:00:00,207.055,144.939,62.117,13.47,3.0
2022-12-23T03:00:00,306.147,214.303,91.844,13.48,3.0
2022-12-23T04:00:00,400.0,280.0,120.0,13.49,3.0
2022-12-23T05:00:00,487.009,340.906,146.103,13.49,3.0
2022-12-23T06:00:00,565.685,395.98,169.706,13.5,3.0
2022-12-23T07:00:00,634.683,444.278,190.405,13.51,3.0
2022-12-23T08:00:00,692.82,484.974,207.846,13.51,3.0
2022-12-23T09:00:00,739.104,517.373,221.731,13.52,3.0
2022-12-23T10:00:00,772.741,540.918,231.822,13.53,3.0
2022-12-23T11:00:00,793.156,555.209,237.947,13.53,2.99
2022-12-23T12:00:00,800.0,560.0,240.0,13.54,2.99
2022-12-23T13:00:00,793.156,555.209,237.947,13.55,2.99
2022-12-23T14:00:00,772.741,540.918,231.822,13.56,2.99
2022-12-23T15:00:00,739.104,517.373,221.731,13.56,2.99
2022-12-23T16:00:00,692.82,484.974,207.846,13.57,2.99
2022-12-23T17:00:00,634.683,444.278,190.405,13.58,2.99
2022-12-23T18:00:00,565.685,395.98,169.706,13.58,2.99
2022-12-23T19:00:00,487.009,340.906,146.103,13.59,2.99
2022-12-23T20:00:00,400.0,280.0,120.0,13.6,2.99
2022-12-23T21:00:00,306.147,214.303,91.844,13.61,2.99
2022-12-23T22:00:00,207.055,144.939,62.117,13.61,2.98
2022-12-23T23:00:00,104.421,73.095,31.326,13.62,2.98
2022-12-24T00:00:00,0.0,0.0,0.0,13.63,2.98
2022-12-24T01:00:00,104.421,73.095,31.326,13.63,2.98
2022-12-24T02:00:00,207.055,144.939,62.117,13.64,2.98
2022-12-24T03:00:00,306.147,214.303,91.844,13.65,2.98
2022-12-24T04:00:00,400.0,280.0,120.0,13.66,2.98
2022-12-24T05:00:00,487.009,340.906,146.103,13.66,2.97
2022-12-24T06:00:00,565.685,395.98,169.706,13.67,2.97
2022-12-24T07:00:00,634.683,444.278,190.405,13.68,2.97
2022-12-24T08:00:00,692.82,484.974,207.846,13.68,2.97
2022-12-24T09:00:00,739.104,517.373,221.731,13.69,2.97
2022-12-24T10:00:00,772.741,540.918,231.822,13.7,2.96
2022-12-24T11:00:00,793.156,555.209,237.947,13.71,2.96
2022-12-24T12:00:00,800.0,560.0,240.0,13.71,2.96
2022-12-24T13:00:00,793.156,555.209,237.947,13.72,2.96
2022-12-24T14:00:00,772.741,540.918,231.822,13.73,2.96
2022-12-24T15:00:00,739.104,517.373,221.731,13.73,2.95
2022-12-24T16:00:00,692.82,484.974,207.846,13.74,2.95
2022-12-24T17:00:00,634.683,444.278,190.405,13.75,2.95
2022-12-24T18:00:00,565.685,395.98,169.706,13.76,2.95
2022-12-24T19:00:00,487.009,340.906,146.103,13.76,2.95
2022-12-24T20:00:00,400.0,280.0,120.0,13.77,2.94
2022-12-24T21:00:00,306.147,214.303,91.844,13.78,2.94
2022-12-24T22:00:00,207.055,144.939,62.117,13.78,2.94
2022-12-24T23:00:00,104.421,73.095,31.326,13.79,2.94
2022-12-25T00:00:00,0.0,0.0,0.0,13.8,2.93
2022-12-25T01:00:00,104.421,73.095,31.326,13.81,2.93
2022-12-25T02:00:00,207.055,144.939,62.117,13.81,2.93
2022-12-25T03:00:00,306.147,214.303,91.844,13.82,2.93
2022-12-25T04:00:00,400.0,280.0,120.0,13.83,2.92
2022-12-25T05:00:00,487.009,340.906,146.103,13.83,2.92
2022-12-25T06:00:00,565.685,395.98,169.706,13.84,2.92
2022-12-25T07:00:00,634.683,444.278,190.405,13.85,2.91
2022-12-25T08:00:00,692.82,484.974,207.846,13.85,2.91
2022-12-25T09:00:00,739.104,517.373,221.731,13.86,2.91
2022-12-25T10:00:00,772.741,540.918,231.822,13.87,2.91
2022-12-25T11:00:00,793.156,555.209,237.947,13.88,2.9
2022-12-25T12:00:00,800.0,560.0,240.0,13.88,2.9
2022-12-25T13:00:00,793.156,555.209,237.947,13.89,2.9
2022-12-25T14:00:00,772.741,540.918,231.822,13.9,2.89
2022-12-25T15:00:00,739.104,517.373,221.731,13.9,2.89
2022-12-25T16:00:00,692.82,484.974,207.846,13.91,2.89
2022-12-25T17:00:00,634.683,444.278,190.405,13.92,2.88
2022-12-25T18:00:00,565.685,395.98,169.706,13.93,2.88
2022-12-25T19:00:00,487.009,340.906,146.103,13.93,2.88
2022-12-25T20:00:00,400.0,280.0,120.0,13.94,2.87
2022-12-25T21:00:00,306.147,214.303,91.844,13.95,2.87
2022-12-25T22:00:00,207.055,144.939,62.117,13.95,2.87
2022-12-25T23:00:00,104.421,73.095,31.326,13.96,2.86
2022-12-26T00:00:00,0.0,0.0,0.0,13.97,2.86
2022-12-26T01:00:00,104.421,73.095,31.326,13.98,2.86
2022-12-26T02:00:00,207.055,144.939,62.117,13.98,2.85
2022-12-26T03:00:00,306.147,214.303,91.844,13.99,2.85
2022-12-26T04:00:00,400.0,280.0,120.0,14.0,2.84
2022-12-26T05:00:00,487.009,340.906,146.103,14.0,2.84
2022-12-26T06:00:00,565.685,395.98,169.706,14.01,2.84
2022-12-26T07:00:00,634.683,444.278,190.405,14.02,2.83
2022-12-26T08:00:00,692.82,484.974,207.846,14.03,2.83
2022-12-26T09:00:00,739.104,517.373,221.731,14.03,2.82
2022-12-26T10:00:00,772.741,540.918,231.822,14.04,2.82
2022-12-26T11:00:00,793.156,555.209,237.947,14.05,2.82
2022-12-26T12:00:00,800.0,560.0,240.0,14.05,2.81
2022-12-26T13:00:00,793.156,555.209,237.947,14.06,2.81
2022-12-26T14:00:00,772.741,540.918,231.822,14.07,2.8
2022-12-26T15:00:00,739.104,517.373,221.731,14.08,2.8
2022-12-26T16:00:00,692.82,484.974,207.846,14.08,2.79
2022-12-26T17:00:00,634.683,444.278,190.405,14.09,2.79
2022-12-26T18:00:00,565.685,395.98,169.706,14.1,2.79
2022-12-26T19:00:00,487.009,340.906,146.103,14.1,2.78
2022-12-26T20:00:00,400.0,280.0,120.0,14.11,2.78
2022-12-26T21:00:00,306.147,214.303,91.844,14.12,2.77
2022-12-26T22:00:00,207.055,144.939,62.117,14.13,2.77
2022-12-26T23:00:00,104.421,73.095,31.326,14.13,2.76
2022-12-27T00:00:00,0.0,0.0,0.0,14.14,2.76
2022-12-27T01:00:00,104.421,73.095,31.326,14.15,2.75
2022-12-27T02:00:00,207.055,144.939,62.117,14.15,2.75
2022-12-27T03:00:00,306.147,214.303,91.844,14.16,2.74
2022-12-27T04:00:00,400.0,280.0,120.0,14.17,2.74
2022-12-27T05:00:00,487.009,340.906,146.103,14.18,2.73
2022-12-27T06:00:00,565.685,395.98,169.706,14.18,2.73
2022-12-27T07:00:00,634.683,444.278,190.405,14.19,2.72
2022-12-27T08:00:00,692.82,484.974,207.846,14.2,2.72
2022-12-27T09:00:00,739.104,517.373,221.731,14.2,2.71
2022-12-27T10:00:00,772.741,540.918,231.822,14.21,2.71
2022-12-27T11:00:00,793.156,555.209,237.947,14.22,2.7
2022-12-27T12:00:00,800.0,560.0,240.0,14.23,2.7
2022-12-27T13:00:00,793.156,555.209,237.947,14.23,2.69
2022-12-27T14:00:00,772.741,540.918,231.822,14.24,2.69
2022-12-27T15:00:00,739.104,517.373,221.731,14.25,2.68
2022-12-27T16:00:00,692.82,484.974,207.846,14.25,2.68
2022-12-27T17:00:00,634.683,444.278,190.405,14.26,2.67
2022-12-27T18:00:00,565.685,395.98,169.706,14.27,2.67
2022-12-27T19:00:00,487.009,340.906,146.103,14.28,2.66
2022-12-27T20:00:00,400.0,280.0,120.0,14.28,2.66
2022-12-27T21:00:00,306.147,214.303,91.844,14.29,2.65
2022-12-27T22:00:00,207.055,144.939,62.117,14.3,2.65
2022-12-27T23:00:00,104.421,73.095,31.326,14.3,2.64
2022-12-28T00:00:00,0.0,0.0,0.0,14.31,2.64
2022-12-28T01:00:00,104.421,73.095,31.326,14.32,2.63
2022-12-28T02:00:00,207.055,144.939,62.117,14.33,2.62
2022-12-28T03:00:00,306.147,214.303,91.844,14.33,2.62
2022-12-28T04:00:00,400.0,280.0,120.0,14.34,2.61
2022-12-28T05:00:00,487.009,340.906,146.103,14.35,2.61
2022-12-28T06:00:00,565.685,395.98,169.706,14.35,2.6
2022-12-28T07:00:00,634.683,444.278,190.405,14.36,2.6
2022-12-28T08:00:00,692.82,484.974,207.846,14.37,2.59
2022-12-28T09:00:00,739.104,517.373,221.731,14.38,2.58
2022-12-28T10:00:00,772.741,540.918,231.822,14.38,2.58
2022-12-28T11:00:00,793.156,555.209,237.947,14.39,2.57
2022-12-28T12:00:00,800.0,560.0,240.0,14.4,2.57
2022-12-28T13:00:00,793.156,555.209,237.947,14.41,2.56
2022-12-28T14:00:00,772.741,540.918,231.822,14.41,2.55
2022-12-28T15:00:00,739.104,517.373,221.731,14.42,2.55
2022-12-28T16:00:00,692.82,484.974,207.846,14.43,2.54
2022-12-28T17:00:00,634.683,444.278,190.405,14.43,2.54
2022-12-28T18:00:00,565.685,395.98,169.706,14.44,2.53
2022-12-28T19:00:00,487.009,340.906,146.103,14.45,2.52
2022-12-28T20:00:00,400.0,280.0,120.0,14.46,2.52
2022-12-28T21:00:00,306.147,214.303,91.844,14.46,2.51
2022-12-28T22:00:00,207.055,144.939,62.117,14.47,2.51
2022-12-28T23:00:00,104.421,73.095,31.326,14.48,2.5
2022-12-29T00:00:00,0.0,0.0,0.0,14.48,2.49
2022-12-29T01:00:00,104.421,73.095,31.326,14.49,2.49
2022-12-29T02:00:00,207.055,144.939,62.117,14.5,2.48
2022-12-29T03:00:00,306.147,214.303,91.844,14.51,2.47
2022-12-29T04:00:00,400.0,280.0,120.0,14.51,2.47
2022-12-29T05:00:00,487.009,340.906,146.103,14.52,2.46
2022-12-29T06:00:00,565.685,395.98,169.706,14.53,2.46
2022-12-29T07:00:00,634.683,444.278,190.405,14.53,2.45
2022-12-29T08:00:00,692.82,484.974,207.846,14.54,2.44
2022-12-29T09:00:00,739.104,517.373,221.731,14.55,2.44
2022-12-29T10:00:00,772.741,540.918,231.822,14.56,2.43
2022-12-29T11:00:00,793.156,555.209,237.947,14.56,2.42
2022-12-29T12:00:00,800.0,560.0,240.0,14.57,2.42
2022-12-29T13:00:00,793.156,555.209,237.947,14.58,2.41
2022-12-29T14:00:00,772.741,540.918,231.822,14.58,2.4
2022-12-29T15:00:00,739.104,517.373,221.731,14.59,2.4
2022-12-29T16:00:00,692.82,484.974,207.846,14.6,2.39
2022-12-29T17:00:00,634.683,444.278,190.405,14.61,2.38
2022-12-29T18:00:00,565.685,395.98,169.706,14.61,2.38
2022-12-29T19:00:00,487.009,340.906,146.103,14.62,2.37
2022-12-29T20:00:00,400.0,280.0,120.0,14.63,2.36
2022-12-29T21:00:00,306.147,214.303,91.844,14.63,2.36
2022-12-29T22:00:00,207.055,144.939,62.117,14.64,2.35
2022-12-29T23:00:00,104.421,73.095,31.326,14.65,2.34
2022-12-30T00:00:00,0.0,0.0,0.0,14.66,2.34
2022-12-30T01:00:00,104.421,73.095,31.326,14.66,2.33
2022-12-30T02:00:00,207.055,144.939,62.117,14.67,2.32
2022-12-30T03:00:00,306.147,214.303,91.844,14.68,2.32
2022-12-30T04:00:00,400.0,280.0,120.0,14.68,2.31
2022-12-30T05:00:00,487.009,340.906,146.103,14.69,2.3
2022-12-30T06:00:00,565.685,395.98,169.706,14.7,2.3
2022-12-30T07:00:00,634.683,444.278,190.405,14.71,2.29
2022-12-30T08:00:00,692.82,484.974,207.846,14.71,2.28
2022-12-30T09:00:00,739.104,517.373,221.731,14.72,2.28
2022-12-30T10:00:00,772.741,540.918,231.822,14.73,2.27
2022-12-30T11:00:00,793.156,555.209,237.947,14.73,2.26
2022-12-30T12:00:00,800.0,560.0,240.0,14.74,2.26
2022-12-30T13:00:00,793.156,555.209,237.947,14.75,2.25
2022-12-30T14:00:00,772.741,540.918,231.822,14.76,2.24
2022-12-30T15:00:00,739.104,517.373,221.731,14.76,2.23
2022-12-30T16:00:00,692.82,484.974,207.846,14.77,2.23
2022-12-30T17:00:00,634.683,444.278,190.405,14.78,2.22
2022-12-30T18:00:00,565.685,395.98,169.706,14.78,2.21
2022-12-30T19:00:00,487.009,340.906,146.103,14.79,2.21
2022-12-30T20:00:00,400.0,280.0,120.0,14.8,2.2
2022-12-30T21:00:00,306.147,214.303,91.844,14.81,2.19
2022-12-30T22:00:00,207.055,144.939,62.117,14.81,2.19
2022-12-30T23:00:00,104.421,73.095,31.326,14.82,2.18
2022-12-31T00:00:00,0.0,0.0,0.0,14.83,2.17
2022-12-31T01:00:00,104.421,73.095,31.326,14.84,2.16
2022-12-31T02:00:00,207.055,144.939,62.117,14.84,2.16
2022-12-31T03:00:00,306.147,214.303,91.844,14.85,2.15
2022-12-31T04:00:00,400.0,280.0,120.0,14.86,2.14
2022-12-31T05:00:00,487.009,340.906,146.103,14.86,2.14
2022-12-31T06:00:00,565.685,395.98,169.706,14.87,2.13
2022-12-31T07:00:00,634.683,444.278,190.405,14.88,2.12
2022-12-31T08:00:00,692.82,484.974,207.846,14.89,2.11
2022-12-31T09:00:00,739.104,517.373,221.731,14.89,2.11
2022-12-31T10:00:00,772.741,540.918,231.822,14.9,2.1
2022-12-31T11:00:00,793.156,555.209,237.947,14.91,2.09
2022-12-31T12:00:00,800.0,560.0,240.0,14.91,2.09
2022-12-31T13:00:00,793.156,555.209,237.947,14.92,2.08
2022-12-31T14:00:00,772.741,540.918,231.822,14.93,2.07
2022-12-31T15:00:00,739.104,517.373,221.731,14.94,2.06
2022-12-31T16:00:00,692.82,484.974,207.846,14.94,2.06
2022-12-31T17:00:00,634.683,444.278,190.405,14.95,2.05
2022-12-31T18:00:00,565.685,395.98,169.706,14.96,2.04
2022-12-31T19:00:00,487.009,340.906,146.103,14.96,2.04
2022-12-31T20:00:00,400.0,280.0,120.0,14.97,2.03
2022-12-31T21:00:00,306.147,214.303,91.844,14.98,2.02
2022-12-31T22:00:00,207.055,144.939,62.117,14.99,2.01
2022-12-31T23:00:00,104.421,73.095,31.326,14.99,2.01
